zone_id,alpha_nom_deg,beta_nom_deg,delta_alpha_deg,delta_beta_deg,n_reflections,info
1,-69.795,0.0,69.89941360135514,69.99081217226836,128,"{'status': 'ok', 'success': True, 'cost': 0.09579665602543934, 'nfev': 8}"
2,-69.692,0.0,69.74514021794381,69.93770005738132,128,"{'status': 'ok', 'success': True, 'cost': 0.09794348959884448, 'nfev': 8}"
3,-69.589,0.0,69.55132165636918,69.81646583819189,130,"{'status': 'ok', 'success': True, 'cost': 0.10317289527296225, 'nfev': 8}"
4,-69.487,0.0,69.39736070870121,69.54836404486066,133,"{'status': 'ok', 'success': True, 'cost': 0.10491403289121395, 'nfev': 8}"
5,-69.384,0.0,69.52270639351644,69.40090163461137,128,"{'status': 'ok', 'success': True, 'cost': 0.09761814380384246, 'nfev': 8}"
6,-69.282,0.0,69.4475150418858,69.37533352976904,128,"{'status': 'ok', 'success': True, 'cost': 0.0978688427027086, 'nfev': 8}"
7,-69.179,0.0,69.25042159852683,69.22095898810376,138,"{'status': 'ok', 'success': True, 'cost': 0.10866078174707922, 'nfev': 8}"
8,-69.07600000000001,0.0,69.2356409244735,69.07714298717536,136,"{'status': 'ok', 'success': True, 'cost': 0.10556839388246199, 'nfev': 8}"
9,-68.974,0.0,69.2021119794418,68.97956736259908,129,"{'status': 'ok', 'success': True, 'cost': 0.09757851436304203, 'nfev': 8}"
10,-68.871,0.0,69.12627478429481,68.85841458139423,127,"{'status': 'ok', 'success': True, 'cost': 0.09705009900617974, 'nfev': 8}"
11,-68.768,0.0,68.95104508582317,68.8803013602466,125,"{'status': 'ok', 'success': True, 'cost': 0.09696160964622329, 'nfev': 8}"
12,-68.666,0.0,68.80172007504419,68.69363735107254,128,"{'status': 'ok', 'success': True, 'cost': 0.09992246702997645, 'nfev': 8}"
13,-68.563,0.0,68.77938782469424,68.6967423621862,129,"{'status': 'ok', 'success': True, 'cost': 0.10087938805431487, 'nfev': 8}"
14,-68.461,0.0,68.51666897932425,68.46617021029124,126,"{'status': 'ok', 'success': True, 'cost': 0.10147296893380514, 'nfev': 8}"
15,-68.358,0.0,68.29695041268343,68.40114653878723,119,"{'status': 'ok', 'success': True, 'cost': 0.09400213654978332, 'nfev': 8}"
16,-68.255,0.0,68.12677678239874,68.22646921909401,120,"{'status': 'ok', 'success': True, 'cost': 0.09646865011309405, 'nfev': 8}"
17,-68.153,0.0,68.10632477379299,68.12797614753565,123,"{'status': 'ok', 'success': True, 'cost': 0.09630570942392289, 'nfev': 8}"
18,-68.05,0.0,67.92803362685872,67.95557110404113,127,"{'status': 'ok', 'success': True, 'cost': 0.0982392070468462, 'nfev': 8}"
19,-67.947,0.0,67.86595446884455,67.82365310206448,130,"{'status': 'ok', 'success': True, 'cost': 0.10196083472556927, 'nfev': 8}"
20,-67.845,0.0,67.81437289880624,67.83593963898451,127,"{'status': 'ok', 'success': True, 'cost': 0.10017455322678409, 'nfev': 8}"
21,-67.742,0.0,67.6118303108093,67.49927375236626,125,"{'status': 'ok', 'success': True, 'cost': 0.09623122486842972, 'nfev': 8}"
22,-67.639,0.0,67.55009417384974,67.51806786595236,123,"{'status': 'ok', 'success': True, 'cost': 0.0947644815795529, 'nfev': 8}"
23,-67.537,0.0,67.58452905712761,67.4960084175368,128,"{'status': 'ok', 'success': True, 'cost': 0.0980678703694454, 'nfev': 8}"
24,-67.434,0.0,67.31904641961849,67.45909874997353,133,"{'status': 'ok', 'success': True, 'cost': 0.09857071815306617, 'nfev': 8}"
25,-67.332,0.0,67.34342649361801,67.35320923245168,134,"{'status': 'ok', 'success': True, 'cost': 0.10043746899803802, 'nfev': 8}"
26,-67.22900000000001,0.0,67.17742090998502,67.21502680613953,136,"{'status': 'ok', 'success': True, 'cost': 0.10429667748009352, 'nfev': 8}"
27,-67.126,0.0,67.12363966035099,67.12204745146504,136,"{'status': 'ok', 'success': True, 'cost': 0.10157420446264201, 'nfev': 8}"
28,-67.024,0.0,66.93232332054235,66.99761543677536,132,"{'status': 'ok', 'success': True, 'cost': 0.09927132208545084, 'nfev': 8}"
29,-66.921,0.0,66.86775689811415,67.01210204818543,133,"{'status': 'ok', 'success': True, 'cost': 0.10111439770287622, 'nfev': 8}"
30,-66.818,0.0,66.73683879976521,66.85739201882534,139,"{'status': 'ok', 'success': True, 'cost': 0.10257358857622129, 'nfev': 8}"
31,-66.716,0.0,66.57636831997675,66.6312317672781,143,"{'status': 'ok', 'success': True, 'cost': 0.10997787317403102, 'nfev': 8}"
32,-66.613,0.0,66.50806471142765,66.5823861989417,141,"{'status': 'ok', 'success': True, 'cost': 0.11111513420222241, 'nfev': 8}"
33,-66.51,0.0,66.3706729646975,66.37809900628196,139,"{'status': 'ok', 'success': True, 'cost': 0.11095176078299318, 'nfev': 8}"
34,-66.408,0.0,66.26335140260933,66.28658879329885,134,"{'status': 'ok', 'success': True, 'cost': 0.10514531178909126, 'nfev': 8}"
35,-66.305,0.0,66.344229630026,66.25536812875524,133,"{'status': 'ok', 'success': True, 'cost': 0.1039559157607426, 'nfev': 8}"
36,-66.203,0.0,66.32443326744,66.2886241454626,132,"{'status': 'ok', 'success': True, 'cost': 0.1022409735177421, 'nfev': 8}"
37,-66.1,0.0,66.25347936323388,66.29807955903856,135,"{'status': 'ok', 'success': True, 'cost': 0.10340215794032218, 'nfev': 8}"
38,-65.997,0.0,66.14982367363793,66.18258082968627,135,"{'status': 'ok', 'success': True, 'cost': 0.10207829658916331, 'nfev': 8}"
39,-65.895,0.0,65.99618614014513,65.93956554189495,133,"{'status': 'ok', 'success': True, 'cost': 0.10203315895441725, 'nfev': 8}"
40,-65.792,0.0,65.94579541001123,65.860506271558,134,"{'status': 'ok', 'success': True, 'cost': 0.10168320980169807, 'nfev': 8}"
41,-65.68900000000001,0.0,65.69515196867266,65.72392642376172,138,"{'status': 'ok', 'success': True, 'cost': 0.10302325883461291, 'nfev': 8}"
42,-65.587,0.0,65.6487628723445,65.74066314073443,141,"{'status': 'ok', 'success': True, 'cost': 0.10582387678784652, 'nfev': 7}"
43,-65.484,0.0,65.56482864405858,65.70922230742163,130,"{'status': 'ok', 'success': True, 'cost': 0.10064333180193206, 'nfev': 7}"
44,-65.382,0.0,65.37347169717835,65.42276238339714,134,"{'status': 'ok', 'success': True, 'cost': 0.10310656446921773, 'nfev': 7}"
45,-65.279,0.0,65.37977054057193,65.4292844460633,132,"{'status': 'ok', 'success': True, 'cost': 0.10005747415494184, 'nfev': 7}"
46,-65.176,0.0,65.27786915572702,65.0608612034145,132,"{'status': 'ok', 'success': True, 'cost': 0.10427409511179452, 'nfev': 8}"
47,-65.074,0.0,65.16153801627321,64.98208066182279,132,"{'status': 'ok', 'success': True, 'cost': 0.10744503536106746, 'nfev': 7}"
48,-64.971,0.0,65.0080083159658,64.89997128629051,131,"{'status': 'ok', 'success': True, 'cost': 0.10867518374201032, 'nfev': 7}"
49,-64.868,0.0,64.77984929118945,64.84570142628809,127,"{'status': 'ok', 'success': True, 'cost': 0.10343979220124527, 'nfev': 7}"
50,-64.766,0.0,64.72580724458479,64.74766186048018,127,"{'status': 'ok', 'success': True, 'cost': 0.09826582211949082, 'nfev': 7}"
51,-64.663,0.0,64.6542324112788,64.73546344364043,128,"{'status': 'ok', 'success': True, 'cost': 0.0984611369098488, 'nfev': 7}"
52,-64.56,0.0,64.80111698254312,64.62590919778998,125,"{'status': 'ok', 'success': True, 'cost': 0.09300505499901181, 'nfev': 7}"
53,-64.458,0.0,64.73687687160438,64.41295422692178,128,"{'status': 'ok', 'success': True, 'cost': 0.09490070789332479, 'nfev': 7}"
54,-64.355,0.0,64.63160301405632,64.42603430367741,129,"{'status': 'ok', 'success': True, 'cost': 0.09541092167973791, 'nfev': 7}"
55,-64.253,0.0,64.47499334725048,64.4308368274466,134,"{'status': 'ok', 'success': True, 'cost': 0.09896460894010448, 'nfev': 7}"
56,-64.15,0.0,64.30270734927483,64.30677881994188,132,"{'status': 'ok', 'success': True, 'cost': 0.09645104364114367, 'nfev': 7}"
57,-64.047,0.0,64.18808656943506,64.08160719466733,138,"{'status': 'ok', 'success': True, 'cost': 0.10506778031454206, 'nfev': 7}"
58,-63.94500000000001,0.0,64.14726173507177,64.02963002606202,134,"{'status': 'ok', 'success': True, 'cost': 0.10062159818212173, 'nfev': 7}"
59,-63.842000000000006,0.0,63.917547598549696,63.95048220756678,131,"{'status': 'ok', 'success': True, 'cost': 0.10280989679364155, 'nfev': 7}"
60,-63.739,0.0,63.777514070388825,63.62985277452118,134,"{'status': 'ok', 'success': True, 'cost': 0.10124133032463012, 'nfev': 7}"
61,-63.63700000000001,0.0,63.63022374566909,63.48647882259969,134,"{'status': 'ok', 'success': True, 'cost': 0.1045913387180152, 'nfev': 7}"
62,-63.53399999999999,0.0,63.522570234286555,63.318524305226674,133,"{'status': 'ok', 'success': True, 'cost': 0.10334698923110999, 'nfev': 7}"
63,-63.431,0.0,63.40165920929828,63.29751544000562,130,"{'status': 'ok', 'success': True, 'cost': 0.09840577277282203, 'nfev': 7}"
64,-63.32900000000001,0.0,63.26188912337832,63.19268780327514,128,"{'status': 'ok', 'success': True, 'cost': 0.09807659508200121, 'nfev': 7}"
65,-63.226,0.0,63.09146297877628,63.13871809417496,130,"{'status': 'ok', 'success': True, 'cost': 0.09880112096346844, 'nfev': 7}"
66,-63.12400000000001,0.0,63.06988461828323,63.16125440540869,135,"{'status': 'ok', 'success': True, 'cost': 0.1031836759549943, 'nfev': 7}"
67,-63.020999999999994,0.0,62.96129360037767,63.137888152273725,138,"{'status': 'ok', 'success': True, 'cost': 0.10403547117033735, 'nfev': 7}"
68,-62.918,0.0,62.97898314582059,62.964952177533945,140,"{'status': 'ok', 'success': True, 'cost': 0.10448938919022643, 'nfev': 7}"
69,-62.81600000000001,0.0,62.821901724066045,62.91602852911233,135,"{'status': 'ok', 'success': True, 'cost': 0.09828441577073452, 'nfev': 7}"
70,-62.712999999999994,0.0,62.794133488398195,62.73466933421628,134,"{'status': 'ok', 'success': True, 'cost': 0.09692323765115435, 'nfev': 7}"
71,-62.61,0.0,62.72957725160173,62.56860135062038,136,"{'status': 'ok', 'success': True, 'cost': 0.1005398237005781, 'nfev': 7}"
72,-62.50800000000001,0.0,62.528274975358464,62.364498812292496,135,"{'status': 'ok', 'success': True, 'cost': 0.10231656860262897, 'nfev': 7}"
73,-62.405,0.0,62.50716282024969,62.27949623463828,132,"{'status': 'ok', 'success': True, 'cost': 0.09949441643324855, 'nfev': 7}"
74,-62.303,0.0,62.253051474057614,62.16794023865017,130,"{'status': 'ok', 'success': True, 'cost': 0.09796547908084083, 'nfev': 7}"
75,-62.199999999999996,0.0,62.25320501944525,62.04878153045731,133,"{'status': 'ok', 'success': True, 'cost': 0.10090331903733818, 'nfev': 7}"
76,-62.097,0.0,62.16523066868837,62.0201997799042,131,"{'status': 'ok', 'success': True, 'cost': 0.10039099623574103, 'nfev': 7}"
77,-61.995,0.0,62.14007130474985,61.90666378786729,127,"{'status': 'ok', 'success': True, 'cost': 0.10048922481748443, 'nfev': 7}"
78,-61.892,0.0,61.98950601028817,61.80221854464783,128,"{'status': 'ok', 'success': True, 'cost': 0.10261436522055553, 'nfev': 7}"
79,-61.789,0.0,61.85102380273223,61.89425601228235,125,"{'status': 'ok', 'success': True, 'cost': 0.1011859372988659, 'nfev': 7}"
80,-61.687,0.0,61.68137501469136,61.93903080752174,128,"{'status': 'ok', 'success': True, 'cost': 0.10076172555547766, 'nfev': 7}"
81,-61.584,0.0,61.625612519452275,61.76637265803956,132,"{'status': 'ok', 'success': True, 'cost': 0.10709882968029304, 'nfev': 7}"
82,-61.481,0.0,61.50997034456001,61.61686607996948,134,"{'status': 'ok', 'success': True, 'cost': 0.11028033043444951, 'nfev': 7}"
83,-61.379,0.0,61.33834641863749,61.286691472059836,135,"{'status': 'ok', 'success': True, 'cost': 0.1060715028647975, 'nfev': 7}"
84,-61.276,0.0,61.181051959085764,61.17889935799384,134,"{'status': 'ok', 'success': True, 'cost': 0.10682237631745346, 'nfev': 7}"
85,-61.174,0.0,61.02026345180465,61.05054721766346,136,"{'status': 'ok', 'success': True, 'cost': 0.10640449860440412, 'nfev': 7}"
86,-61.071000000000005,0.0,60.88363024556837,60.87724203221003,135,"{'status': 'ok', 'success': True, 'cost': 0.10476865444809505, 'nfev': 7}"
87,-60.968,0.0,60.72414194140803,60.85178320707192,136,"{'status': 'ok', 'success': True, 'cost': 0.10379723769650583, 'nfev': 7}"
88,-60.866,0.0,60.69802195730988,60.80034285841884,132,"{'status': 'ok', 'success': True, 'cost': 0.09900911524116737, 'nfev': 7}"
89,-60.763000000000005,0.0,60.53077844242074,60.64612394996861,136,"{'status': 'ok', 'success': True, 'cost': 0.10467695153493295, 'nfev': 7}"
90,-60.65999999999999,0.0,60.57147877032368,60.69840144271517,138,"{'status': 'ok', 'success': True, 'cost': 0.10463060604153511, 'nfev': 7}"
91,-60.55800000000001,0.0,60.46688053108384,60.50032641544584,137,"{'status': 'ok', 'success': True, 'cost': 0.10429431760647792, 'nfev': 7}"
92,-60.455000000000005,0.0,60.38658038268089,60.55365457540568,138,"{'status': 'ok', 'success': True, 'cost': 0.1034592852456302, 'nfev': 7}"
93,-60.352,0.0,60.297080518383936,60.38101976986075,138,"{'status': 'ok', 'success': True, 'cost': 0.10219386369142978, 'nfev': 7}"
94,-60.25000000000001,0.0,60.15352184037533,60.30176491159761,142,"{'status': 'ok', 'success': True, 'cost': 0.10406857440391351, 'nfev': 7}"
95,-60.14699999999999,0.0,60.07449059345034,60.12207494231704,135,"{'status': 'ok', 'success': True, 'cost': 0.10047908010867404, 'nfev': 7}"
96,-60.04500000000001,0.0,59.85467129635477,60.033184597257424,134,"{'status': 'ok', 'success': True, 'cost': 0.09822764729562256, 'nfev': 7}"
97,-59.94200000000001,0.0,59.7177844083071,60.01309256538706,133,"{'status': 'ok', 'success': True, 'cost': 0.0984262713278622, 'nfev': 7}"
98,-59.839,0.0,59.597247497636076,59.8622930048977,135,"{'status': 'ok', 'success': True, 'cost': 0.09907440293954695, 'nfev': 7}"
99,-59.73700000000001,0.0,59.51761176000617,59.81347281790632,135,"{'status': 'ok', 'success': True, 'cost': 0.09548989938468329, 'nfev': 7}"
100,-59.63399999999999,0.0,59.482719471585746,59.78360942918038,139,"{'status': 'ok', 'success': True, 'cost': 0.09943125079645242, 'nfev': 7}"
101,-59.531,0.0,59.34876353943007,59.6594207684171,144,"{'status': 'ok', 'success': True, 'cost': 0.10435378016501051, 'nfev': 7}"
102,-59.42900000000001,0.0,59.25071587115814,59.68337387218485,143,"{'status': 'ok', 'success': True, 'cost': 0.10282059675416014, 'nfev': 7}"
103,-59.32599999999999,0.0,59.13861999076942,59.56283430048468,141,"{'status': 'ok', 'success': True, 'cost': 0.1029913652710816, 'nfev': 7}"
104,-59.224,0.0,59.06317640502274,59.277043999044146,139,"{'status': 'ok', 'success': True, 'cost': 0.10479608400428381, 'nfev': 7}"
105,-59.12100000000001,0.0,59.03238700109893,59.26659103670337,144,"{'status': 'ok', 'success': True, 'cost': 0.1075824581487817, 'nfev': 7}"
106,-59.018,0.0,58.92009299428365,59.076116471498466,148,"{'status': 'ok', 'success': True, 'cost': 0.10983643072312324, 'nfev': 7}"
107,-58.916,0.0,58.86549740130862,58.89626121461177,141,"{'status': 'ok', 'success': True, 'cost': 0.10574244190523407, 'nfev': 7}"
108,-58.812999999999995,0.0,58.81252663494666,58.87443994631182,140,"{'status': 'ok', 'success': True, 'cost': 0.1019474278664506, 'nfev': 7}"
109,-58.71,0.0,58.77294018500137,58.82591368555426,140,"{'status': 'ok', 'success': True, 'cost': 0.10567744593839419, 'nfev': 7}"
110,-58.608,0.0,58.54795165014371,58.56757006740307,139,"{'status': 'ok', 'success': True, 'cost': 0.1041349649835604, 'nfev': 7}"
111,-58.505,0.0,58.28681796117559,58.62081663084473,134,"{'status': 'ok', 'success': True, 'cost': 0.09800685868243064, 'nfev': 7}"
112,-58.402,0.0,58.16868718884164,58.56660577309456,138,"{'status': 'ok', 'success': True, 'cost': 0.10287764858070818, 'nfev': 7}"
113,-58.3,0.0,58.05034554888943,58.41454330550452,138,"{'status': 'ok', 'success': True, 'cost': 0.10345584745524154, 'nfev': 7}"
114,-58.197,0.0,57.97080747006774,58.313110335325455,142,"{'status': 'ok', 'success': True, 'cost': 0.10739489635177464, 'nfev': 7}"
115,-58.095,0.0,57.92609654787435,58.02153074332859,146,"{'status': 'ok', 'success': True, 'cost': 0.11134896357390281, 'nfev': 7}"
116,-57.992,0.0,57.957968984684136,57.80804328827374,145,"{'status': 'ok', 'success': True, 'cost': 0.10831454298203282, 'nfev': 7}"
117,-57.889,0.0,57.87063743775259,57.791518284202375,140,"{'status': 'ok', 'success': True, 'cost': 0.10512428628739938, 'nfev': 7}"
118,-57.787,0.0,57.72178552427629,57.67735177017358,134,"{'status': 'ok', 'success': True, 'cost': 0.10349823930607668, 'nfev': 7}"
119,-57.684000000000005,0.0,57.6018738252889,57.624599092721446,144,"{'status': 'ok', 'success': True, 'cost': 0.11374501984532834, 'nfev': 7}"
120,-57.581,0.0,57.506859618943125,57.41139109973847,147,"{'status': 'ok', 'success': True, 'cost': 0.11371761708880407, 'nfev': 7}"
121,-57.479,0.0,57.40205377523415,57.28592324199919,146,"{'status': 'ok', 'success': True, 'cost': 0.11440557533443554, 'nfev': 7}"
122,-57.376000000000005,0.0,57.40030824882957,57.259178733465035,145,"{'status': 'ok', 'success': True, 'cost': 0.1129535216595455, 'nfev': 7}"
123,-57.274,0.0,57.35087867640745,57.33065310447553,140,"{'status': 'ok', 'success': True, 'cost': 0.11221673993761364, 'nfev': 7}"
124,-57.17100000000001,0.0,57.252566561129385,57.296741154274855,138,"{'status': 'ok', 'success': True, 'cost': 0.10884298453525895, 'nfev': 7}"
125,-57.068,0.0,57.17589526516825,57.27798273941054,135,"{'status': 'ok', 'success': True, 'cost': 0.10947352882681136, 'nfev': 7}"
126,-56.966,0.0,57.10173965914896,56.932396615954296,131,"{'status': 'ok', 'success': True, 'cost': 0.10562450095513243, 'nfev': 7}"
127,-56.863,0.0,57.018973420120155,56.81321788273753,133,"{'status': 'ok', 'success': True, 'cost': 0.10617401800683055, 'nfev': 7}"
128,-56.76,0.0,56.87500644471874,56.68850946927342,129,"{'status': 'ok', 'success': True, 'cost': 0.10158651869786856, 'nfev': 7}"
129,-56.65800000000001,0.0,56.8867182616417,56.6864445267504,129,"{'status': 'ok', 'success': True, 'cost': 0.09978676925014773, 'nfev': 7}"
130,-56.555,0.0,56.779392317431224,56.52950500705237,129,"{'status': 'ok', 'success': True, 'cost': 0.09952006437224496, 'nfev': 7}"
131,-56.452,0.0,56.71057192528516,56.52365791183711,125,"{'status': 'ok', 'success': True, 'cost': 0.09633188736799671, 'nfev': 7}"
132,-56.35,0.0,56.554400487088174,56.3670333867935,131,"{'status': 'ok', 'success': True, 'cost': 0.09927796126575568, 'nfev': 7}"
133,-56.247,0.0,56.25234396649156,56.276900131573456,137,"{'status': 'ok', 'success': True, 'cost': 0.10818532742405286, 'nfev': 7}"
134,-56.145,0.0,56.08447825416481,56.29740327217987,128,"{'status': 'ok', 'success': True, 'cost': 0.10133766767503248, 'nfev': 7}"
135,-56.042,0.0,56.031338884808555,56.123310973631284,133,"{'status': 'ok', 'success': True, 'cost': 0.10456315546799194, 'nfev': 7}"
136,-55.939,0.0,55.868288331418455,55.98544691137495,135,"{'status': 'ok', 'success': True, 'cost': 0.10209250680723736, 'nfev': 7}"
137,-55.837,0.0,55.67893692093726,55.91359341517592,131,"{'status': 'ok', 'success': True, 'cost': 0.10143116444272049, 'nfev': 7}"
138,-55.734,0.0,55.49914484949281,55.74788094499144,127,"{'status': 'ok', 'success': True, 'cost': 0.0941406433247125, 'nfev': 6}"
139,-55.63100000000001,0.0,55.43440385097782,55.60057250369703,125,"{'status': 'ok', 'success': True, 'cost': 0.09202883623850498, 'nfev': 6}"
140,-55.529,0.0,55.41194033817175,55.433646259110304,131,"{'status': 'ok', 'success': True, 'cost': 0.09990007308504734, 'nfev': 6}"
141,-55.426,0.0,55.40354816228592,55.493066542036416,132,"{'status': 'ok', 'success': True, 'cost': 0.10206677696830908, 'nfev': 6}"
142,-55.323,0.0,55.26155862935264,55.37092274770114,132,"{'status': 'ok', 'success': True, 'cost': 0.10232386308050048, 'nfev': 6}"
143,-55.221,0.0,55.28626786593337,55.293635014809325,131,"{'status': 'ok', 'success': True, 'cost': 0.10545817317613632, 'nfev': 6}"
144,-55.118,0.0,55.19201227413623,55.198939509956894,129,"{'status': 'ok', 'success': True, 'cost': 0.10409913888486422, 'nfev': 6}"
145,-55.016,0.0,55.155976835784934,55.1040951168561,132,"{'status': 'ok', 'success': True, 'cost': 0.10788764976517617, 'nfev': 6}"
146,-54.913,0.0,55.065226512407456,55.004559901935885,131,"{'status': 'ok', 'success': True, 'cost': 0.1066950259296057, 'nfev': 6}"
147,-54.81,0.0,54.93246225593589,54.871767080998886,132,"{'status': 'ok', 'success': True, 'cost': 0.10629519729457768, 'nfev': 6}"
148,-54.708,0.0,54.90244849581357,54.79002601153759,128,"{'status': 'ok', 'success': True, 'cost': 0.10150640151319476, 'nfev': 6}"
149,-54.605,0.0,54.7737883973901,54.60858249717648,126,"{'status': 'ok', 'success': True, 'cost': 0.09659747687257622, 'nfev': 6}"
150,-54.502,0.0,54.708060396441184,54.50507913142633,127,"{'status': 'ok', 'success': True, 'cost': 0.09663257780840498, 'nfev': 6}"
151,-54.4,0.0,54.66427279734554,54.37415819042514,132,"{'status': 'ok', 'success': True, 'cost': 0.09977540940206345, 'nfev': 6}"
152,-54.297,0.0,54.5866943274789,54.19412288195,130,"{'status': 'ok', 'success': True, 'cost': 0.09860476187134627, 'nfev': 6}"
153,-54.195,0.0,54.4664844737337,54.14827256218231,128,"{'status': 'ok', 'success': True, 'cost': 0.09864710045337703, 'nfev': 6}"
154,-54.092,0.0,54.24161679515857,54.10338012368004,129,"{'status': 'ok', 'success': True, 'cost': 0.0983440436387498, 'nfev': 6}"
155,-53.989,0.0,54.16808520499443,53.90405019325425,126,"{'status': 'ok', 'success': True, 'cost': 0.09771848721336553, 'nfev': 6}"
156,-53.887,0.0,54.107376025755684,53.782054773461404,125,"{'status': 'ok', 'success': True, 'cost': 0.09832733555846179, 'nfev': 6}"
157,-53.784000000000006,0.0,53.975975651708076,53.68247649837645,129,"{'status': 'ok', 'success': True, 'cost': 0.10364991421371389, 'nfev': 6}"
158,-53.681,0.0,53.901711633314065,53.7051297284207,124,"{'status': 'ok', 'success': True, 'cost': 0.09958961933385133, 'nfev': 6}"
159,-53.579,0.0,53.721355208801164,53.492863078397676,131,"{'status': 'ok', 'success': True, 'cost': 0.10727399493026639, 'nfev': 6}"
160,-53.476,0.0,53.67763084050689,53.521505693698884,131,"{'status': 'ok', 'success': True, 'cost': 0.10665557455402674, 'nfev': 6}"
161,-53.373,0.0,53.46229143979952,53.41407351938554,137,"{'status': 'ok', 'success': True, 'cost': 0.113592965299538, 'nfev': 6}"
162,-53.27100000000001,0.0,53.411945890656085,53.25812525621768,140,"{'status': 'ok', 'success': True, 'cost': 0.11501906910016178, 'nfev': 6}"
163,-53.168,0.0,53.47029054811906,53.13560970746215,138,"{'status': 'ok', 'success': True, 'cost': 0.1112968478102306, 'nfev': 6}"
164,-53.066,0.0,53.18389370578445,52.87605230086647,131,"{'status': 'ok', 'success': True, 'cost': 0.1025767582477771, 'nfev': 6}"
165,-52.963,0.0,53.044194605126926,52.87473752846953,132,"{'status': 'ok', 'success': True, 'cost': 0.1030724655783169, 'nfev': 6}"
166,-52.86,0.0,52.93066908368082,52.67572127728897,130,"{'status': 'ok', 'success': True, 'cost': 0.09792752476761536, 'nfev': 6}"
167,-52.758,0.0,52.83454031655099,52.72525519274516,132,"{'status': 'ok', 'success': True, 'cost': 0.09811240744447566, 'nfev': 6}"
168,-52.655,0.0,52.777824645999814,52.5798201538776,128,"{'status': 'ok', 'success': True, 'cost': 0.09329103569977981, 'nfev': 6}"
169,-52.552,0.0,52.57712016956484,52.43491944420679,133,"{'status': 'ok', 'success': True, 'cost': 0.09952278957647138, 'nfev': 6}"
170,-52.45,0.0,52.522850551439504,52.398474402767455,132,"{'status': 'ok', 'success': True, 'cost': 0.09819948959965513, 'nfev': 6}"
171,-52.347,0.0,52.36248864677779,52.270601817498864,136,"{'status': 'ok', 'success': True, 'cost': 0.10298070077751667, 'nfev': 6}"
172,-52.24400000000001,0.0,52.29020887282645,52.1994684350391,140,"{'status': 'ok', 'success': True, 'cost': 0.10339482794721243, 'nfev': 6}"
173,-52.142,0.0,52.177560998192575,52.15811984645974,141,"{'status': 'ok', 'success': True, 'cost': 0.10597615827348858, 'nfev': 6}"
174,-52.039,0.0,52.10709013568253,52.0941446146129,136,"{'status': 'ok', 'success': True, 'cost': 0.10269549207383752, 'nfev': 6}"
175,-51.937,0.0,51.984468278755955,52.01906955201479,134,"{'status': 'ok', 'success': True, 'cost': 0.10308048246523593, 'nfev': 6}"
176,-51.834,0.0,51.90875116146537,51.934552251632574,134,"{'status': 'ok', 'success': True, 'cost': 0.1023031828745525, 'nfev': 6}"
177,-51.731,0.0,51.76153856421103,51.875964146146934,132,"{'status': 'ok', 'success': True, 'cost': 0.09982429532549045, 'nfev': 6}"
178,-51.629,0.0,51.66718004736345,51.794315531964365,132,"{'status': 'ok', 'success': True, 'cost': 0.09928955032803899, 'nfev': 6}"
179,-51.526,0.0,51.504729030915335,51.70139102663689,131,"{'status': 'ok', 'success': True, 'cost': 0.09917565515544548, 'nfev': 6}"
180,-51.423,0.0,51.50060889659799,51.681981854272195,134,"{'status': 'ok', 'success': True, 'cost': 0.10025271101498667, 'nfev': 6}"
181,-51.321,0.0,51.4989105757965,51.47819831855335,133,"{'status': 'ok', 'success': True, 'cost': 0.09832218733324419, 'nfev': 6}"
182,-51.218,0.0,51.439713834904495,51.26411144142337,139,"{'status': 'ok', 'success': True, 'cost': 0.10368090825563231, 'nfev': 6}"
183,-51.116,0.0,51.30090353802826,51.18040549791859,139,"{'status': 'ok', 'success': True, 'cost': 0.10561915383495298, 'nfev': 6}"
184,-51.013,0.0,51.15728635159354,50.90854595249525,140,"{'status': 'ok', 'success': True, 'cost': 0.10851693408382201, 'nfev': 6}"
185,-50.91,0.0,51.12802236817266,50.8955466116614,143,"{'status': 'ok', 'success': True, 'cost': 0.11247369160673154, 'nfev': 6}"
186,-50.808,0.0,51.01144103348666,50.82159176247396,141,"{'status': 'ok', 'success': True, 'cost': 0.10937670662294138, 'nfev': 6}"
187,-50.705,0.0,50.84622253086473,50.73480892328874,139,"{'status': 'ok', 'success': True, 'cost': 0.10834425013781247, 'nfev': 6}"
188,-50.602,0.0,50.74497022656891,50.664477273002625,137,"{'status': 'ok', 'success': True, 'cost': 0.10555290900861673, 'nfev': 6}"
189,-50.5,0.0,50.66383358582656,50.62274734137492,138,"{'status': 'ok', 'success': True, 'cost': 0.10741130194891096, 'nfev': 6}"
190,-50.397000000000006,0.0,50.554301813411286,50.4859099473596,136,"{'status': 'ok', 'success': True, 'cost': 0.10821374033079263, 'nfev': 6}"
191,-50.294,0.0,50.49186578941261,50.22663980663502,136,"{'status': 'ok', 'success': True, 'cost': 0.11092090999080612, 'nfev': 6}"
192,-50.192,0.0,50.31420943610385,50.118108725747945,134,"{'status': 'ok', 'success': True, 'cost': 0.105557857728859, 'nfev': 6}"
193,-50.089,0.0,50.20399353449946,50.06666174085186,138,"{'status': 'ok', 'success': True, 'cost': 0.10997991297205423, 'nfev': 6}"
194,-49.987,0.0,50.05215709718033,49.85184848344056,145,"{'status': 'ok', 'success': True, 'cost': 0.11352606753282536, 'nfev': 6}"
195,-49.884,0.0,49.984273240390884,49.90993652287103,144,"{'status': 'ok', 'success': True, 'cost': 0.1125712885932684, 'nfev': 6}"
196,-49.781,0.0,49.98183629974669,49.717241674688744,144,"{'status': 'ok', 'success': True, 'cost': 0.11654113459426643, 'nfev': 6}"
197,-49.679,0.0,49.87435255602584,49.48842731929715,141,"{'status': 'ok', 'success': True, 'cost': 0.11277781850209764, 'nfev': 6}"
198,-49.576,0.0,49.791533612755885,49.34309873252413,140,"{'status': 'ok', 'success': True, 'cost': 0.11070050563687747, 'nfev': 6}"
199,-49.473,0.0,49.59068465848289,49.303560041883536,134,"{'status': 'ok', 'success': True, 'cost': 0.10282511502405849, 'nfev': 6}"
200,-49.371,0.0,49.446948711133146,49.21474346846776,127,"{'status': 'ok', 'success': True, 'cost': 0.09755129680339202, 'nfev': 6}"
201,-49.268,0.0,49.448958749702896,49.176451248909366,132,"{'status': 'ok', 'success': True, 'cost': 0.10116711804778145, 'nfev': 6}"
202,-49.166,0.0,49.370674404974515,49.025327260391045,135,"{'status': 'ok', 'success': True, 'cost': 0.10496294432655201, 'nfev': 6}"
203,-49.063,0.0,49.307052318944606,48.86442807917625,132,"{'status': 'ok', 'success': True, 'cost': 0.102734979875166, 'nfev': 6}"
204,-48.96,0.0,49.27896641846883,48.819932883693085,137,"{'status': 'ok', 'success': True, 'cost': 0.1066194919119727, 'nfev': 6}"
205,-48.858,0.0,49.13598541723519,48.72540813510466,139,"{'status': 'ok', 'success': True, 'cost': 0.11006445143662057, 'nfev': 6}"
206,-48.755,0.0,48.981112029748985,48.71032115587967,139,"{'status': 'ok', 'success': True, 'cost': 0.11036354510062066, 'nfev': 6}"
207,-48.652,0.0,48.7988071082226,48.705433662250705,141,"{'status': 'ok', 'success': True, 'cost': 0.11188375636714652, 'nfev': 6}"
208,-48.55,0.0,48.5836641220279,48.60521933158056,139,"{'status': 'ok', 'success': True, 'cost': 0.10599590527744526, 'nfev': 6}"
209,-48.447,0.0,48.54949935415484,48.50156965819852,138,"{'status': 'ok', 'success': True, 'cost': 0.10327793353423548, 'nfev': 6}"
210,-48.344,0.0,48.491672747532405,48.345201814143486,136,"{'status': 'ok', 'success': True, 'cost': 0.10214152428168581, 'nfev': 6}"
211,-48.242,0.0,48.42414444229295,48.16999431784338,128,"{'status': 'ok', 'success': True, 'cost': 0.09630790183688265, 'nfev': 6}"
212,-48.139,0.0,48.30965342474269,48.12056014715893,126,"{'status': 'ok', 'success': True, 'cost': 0.09819026299164918, 'nfev': 6}"
213,-48.037000000000006,0.0,48.27625576887389,48.144259357788975,128,"{'status': 'ok', 'success': True, 'cost': 0.09797782470239688, 'nfev': 6}"
214,-47.934,0.0,48.2341638997231,48.00090155123439,128,"{'status': 'ok', 'success': True, 'cost': 0.10043373973620436, 'nfev': 6}"
215,-47.831,0.0,48.158577660428115,47.80589254500721,133,"{'status': 'ok', 'success': True, 'cost': 0.10581242682043981, 'nfev': 6}"
216,-47.729,0.0,47.96643002535488,47.75155924640918,138,"{'status': 'ok', 'success': True, 'cost': 0.10761342346248937, 'nfev': 6}"
217,-47.626,0.0,47.72570155748805,47.616668327715495,136,"{'status': 'ok', 'success': True, 'cost': 0.10575093358882626, 'nfev': 6}"
218,-47.52300000000001,0.0,47.681854415051966,47.43804367920117,135,"{'status': 'ok', 'success': True, 'cost': 0.10509964042496242, 'nfev': 6}"
219,-47.421,0.0,47.50054825892076,47.4079139020692,139,"{'status': 'ok', 'success': True, 'cost': 0.10614882412189114, 'nfev': 6}"
220,-47.318,0.0,47.18802664135829,47.35343528021197,134,"{'status': 'ok', 'success': True, 'cost': 0.09992461581784787, 'nfev': 6}"
221,-47.215,0.0,47.233641326731515,47.00410391281791,133,"{'status': 'ok', 'success': True, 'cost': 0.09725757784000236, 'nfev': 6}"
222,-47.113,0.0,47.097840366183384,46.949096848027885,133,"{'status': 'ok', 'success': True, 'cost': 0.09682606604417723, 'nfev': 6}"
223,-47.010000000000005,0.0,47.026468011385475,46.98207219959064,133,"{'status': 'ok', 'success': True, 'cost': 0.09693731368938265, 'nfev': 6}"
224,-46.908,0.0,46.83631479959117,46.8152351894976,137,"{'status': 'ok', 'success': True, 'cost': 0.10110051938686355, 'nfev': 6}"
225,-46.805,0.0,46.70670415534026,46.67901197851081,135,"{'status': 'ok', 'success': True, 'cost': 0.09746284275581349, 'nfev': 6}"
226,-46.702,0.0,46.60405163936698,46.7106298685854,142,"{'status': 'ok', 'success': True, 'cost': 0.1019128720819856, 'nfev': 6}"
227,-46.6,0.0,46.49243210060446,46.61839197596259,142,"{'status': 'ok', 'success': True, 'cost': 0.10594781521045976, 'nfev': 6}"
228,-46.497,0.0,46.35888022066918,46.49133237869458,143,"{'status': 'ok', 'success': True, 'cost': 0.10774846348916256, 'nfev': 6}"
229,-46.394,0.0,46.30862526717114,46.289165957277234,141,"{'status': 'ok', 'success': True, 'cost': 0.10572947897813116, 'nfev': 6}"
230,-46.292,0.0,46.16879041056993,46.27099994018801,136,"{'status': 'ok', 'success': True, 'cost': 0.09829276229154767, 'nfev': 6}"
231,-46.189,0.0,46.09145228990484,46.16632229330676,130,"{'status': 'ok', 'success': True, 'cost': 0.09574013346492175, 'nfev': 6}"
232,-46.087,0.0,46.11042003457989,46.141719796088054,134,"{'status': 'ok', 'success': True, 'cost': 0.1003975632544178, 'nfev': 6}"
233,-45.984,0.0,45.8822052888464,46.047719311373854,132,"{'status': 'ok', 'success': True, 'cost': 0.10159686664246087, 'nfev': 6}"
234,-45.881,0.0,45.82977347205778,46.05517035125539,130,"{'status': 'ok', 'success': True, 'cost': 0.1011679476519095, 'nfev': 6}"
235,-45.779,0.0,45.81000738843248,45.910316166021154,127,"{'status': 'ok', 'success': True, 'cost': 0.10106886960030877, 'nfev': 6}"
236,-45.676,0.0,45.85517376262618,45.6696092952904,130,"{'status': 'ok', 'success': True, 'cost': 0.0989787048630195, 'nfev': 6}"
237,-45.573,0.0,45.57571035202115,45.56876907905176,130,"{'status': 'ok', 'success': True, 'cost': 0.09921350471833945, 'nfev': 6}"
238,-45.471,0.0,45.47281464500725,45.45383405457065,131,"{'status': 'ok', 'success': True, 'cost': 0.0984550791154929, 'nfev': 6}"
239,-45.368,0.0,45.347283564460376,45.50659784949717,131,"{'status': 'ok', 'success': True, 'cost': 0.09807437652132828, 'nfev': 6}"
240,-45.265,0.0,45.128357268736615,45.297314390757045,130,"{'status': 'ok', 'success': True, 'cost': 0.09994937716883456, 'nfev': 6}"
241,-45.163,0.0,45.0718436020917,45.0783268601246,135,"{'status': 'ok', 'success': True, 'cost': 0.10121388705882464, 'nfev': 6}"
242,-45.06,0.0,45.002588050139636,44.96694967153451,136,"{'status': 'ok', 'success': True, 'cost': 0.10198955289310992, 'nfev': 6}"
243,-44.958,0.0,44.98482225959995,44.94896217237977,141,"{'status': 'ok', 'success': True, 'cost': 0.10569270428814667, 'nfev': 6}"
244,-44.855,0.0,44.933429161144296,44.83713806465824,134,"{'status': 'ok', 'success': True, 'cost': 0.10031535256303171, 'nfev': 6}"
245,-44.752,0.0,44.70251408125837,44.77839656014452,134,"{'status': 'ok', 'success': True, 'cost': 0.09663264030961852, 'nfev': 6}"
246,-44.650000000000006,0.0,44.57711677918036,44.52593727449637,138,"{'status': 'ok', 'success': True, 'cost': 0.10222503790719836, 'nfev': 6}"
247,-44.547,0.0,44.555828783603516,44.513817550011176,135,"{'status': 'ok', 'success': True, 'cost': 0.10077936747533736, 'nfev': 6}"
248,-44.444,0.0,44.40014091942554,44.49089520861257,137,"{'status': 'ok', 'success': True, 'cost': 0.10143897952825187, 'nfev': 6}"
249,-44.342,0.0,44.26666612268732,44.443247382230766,142,"{'status': 'ok', 'success': True, 'cost': 0.10709401213764272, 'nfev': 6}"
250,-44.239,0.0,44.22055963398296,44.25282010282604,140,"{'status': 'ok', 'success': True, 'cost': 0.10434588612241011, 'nfev': 6}"
251,-44.13600000000001,0.0,44.00470600106121,44.217206014371385,137,"{'status': 'ok', 'success': True, 'cost': 0.09982930500380843, 'nfev': 6}"
252,-44.034,0.0,43.907199353744836,44.21614439886069,134,"{'status': 'ok', 'success': True, 'cost': 0.0975233586847333, 'nfev': 6}"
253,-43.931,0.0,43.88585344635401,44.07196264247741,136,"{'status': 'ok', 'success': True, 'cost': 0.09803558163701773, 'nfev': 6}"
254,-43.829,0.0,43.653861340660654,43.85100399634242,139,"{'status': 'ok', 'success': True, 'cost': 0.10331444377401237, 'nfev': 6}"
255,-43.726,0.0,43.53078025409249,43.7915006441484,136,"{'status': 'ok', 'success': True, 'cost': 0.09834929891125355, 'nfev': 6}"
256,-43.623000000000005,0.0,43.516453156031936,43.57219232881772,131,"{'status': 'ok', 'success': True, 'cost': 0.09705098302448587, 'nfev': 6}"
257,-43.521,0.0,43.385502164400776,43.48687677732471,133,"{'status': 'ok', 'success': True, 'cost': 0.09914769949555806, 'nfev': 6}"
258,-43.418,0.0,43.26579070502947,43.53276913905629,131,"{'status': 'ok', 'success': True, 'cost': 0.09998791929646464, 'nfev': 6}"
259,-43.315,0.0,43.01085152453617,43.53046586140735,132,"{'status': 'ok', 'success': True, 'cost': 0.100172586882823, 'nfev': 6}"
260,-43.213,0.0,42.864403937864125,43.211352724979506,129,"{'status': 'ok', 'success': True, 'cost': 0.09657517741397856, 'nfev': 6}"
261,-43.11,0.0,42.836487929312405,43.231887941547754,127,"{'status': 'ok', 'success': True, 'cost': 0.09725937649810708, 'nfev': 6}"
262,-43.008,0.0,42.7695913886035,42.9810953434174,127,"{'status': 'ok', 'success': True, 'cost': 0.09966825586273255, 'nfev': 6}"
263,-42.905,0.0,42.56807551141935,42.90439987715641,129,"{'status': 'ok', 'success': True, 'cost': 0.1036209133587997, 'nfev': 6}"
264,-42.802,0.0,42.560729857943585,42.7129190321112,122,"{'status': 'ok', 'success': True, 'cost': 0.09855271980892187, 'nfev': 6}"
265,-42.7,0.0,42.46666257374055,42.59998120730977,124,"{'status': 'ok', 'success': True, 'cost': 0.09710399533255361, 'nfev': 6}"
266,-42.597,0.0,42.32859248611045,42.56442754589139,126,"{'status': 'ok', 'success': True, 'cost': 0.09957284962431104, 'nfev': 6}"
267,-42.494,0.0,42.33018749863246,42.49619141294817,126,"{'status': 'ok', 'success': True, 'cost': 0.0996806419689801, 'nfev': 6}"
268,-42.392,0.0,42.21505256316679,42.409505171833295,126,"{'status': 'ok', 'success': True, 'cost': 0.09720783540548891, 'nfev': 6}"
269,-42.289,0.0,42.056879843409156,42.31975784682016,130,"{'status': 'ok', 'success': True, 'cost': 0.09980334040364763, 'nfev': 6}"
270,-42.186,0.0,42.06611210229028,42.2279000979669,136,"{'status': 'ok', 'success': True, 'cost': 0.10466401196137769, 'nfev': 6}"
271,-42.084,0.0,42.0300723679868,42.04791653593605,133,"{'status': 'ok', 'success': True, 'cost': 0.10403460413818538, 'nfev': 6}"
272,-41.981,0.0,41.962955238674326,41.909752747279114,130,"{'status': 'ok', 'success': True, 'cost': 0.10164123128881894, 'nfev': 6}"
273,-41.879,0.0,41.984503324679416,41.813961621134204,137,"{'status': 'ok', 'success': True, 'cost': 0.10611561925747315, 'nfev': 6}"
274,-41.77600000000001,0.0,41.944866310286805,41.691665515900816,131,"{'status': 'ok', 'success': True, 'cost': 0.09985249682840584, 'nfev': 6}"
275,-41.673,0.0,41.62221998626588,41.536164541479486,130,"{'status': 'ok', 'success': True, 'cost': 0.10060226090468742, 'nfev': 6}"
276,-41.571,0.0,41.453842711835584,41.42122578996452,131,"{'status': 'ok', 'success': True, 'cost': 0.10143023605219031, 'nfev': 6}"
277,-41.468,0.0,41.218290142740734,41.42324692406101,128,"{'status': 'ok', 'success': True, 'cost': 0.09809329938056194, 'nfev': 6}"
278,-41.365,0.0,41.12195759146968,41.19005312460526,134,"{'status': 'ok', 'success': True, 'cost': 0.10024722696213223, 'nfev': 6}"
279,-41.263000000000005,0.0,41.101118332467735,41.22392433817257,137,"{'status': 'ok', 'success': True, 'cost': 0.10329407415819197, 'nfev': 6}"
280,-41.16,0.0,41.090892416959846,41.104497111097054,142,"{'status': 'ok', 'success': True, 'cost': 0.10731610132756395, 'nfev': 6}"
281,-41.057,0.0,41.02493617806825,40.99706062150008,139,"{'status': 'ok', 'success': True, 'cost': 0.10770947865969135, 'nfev': 6}"
282,-40.955,0.0,40.924902537261055,40.96941884454056,137,"{'status': 'ok', 'success': True, 'cost': 0.10386397254063084, 'nfev': 6}"
283,-40.852,0.0,40.90832209331886,40.95234044710062,132,"{'status': 'ok', 'success': True, 'cost': 0.10147947190485332, 'nfev': 6}"
284,-40.75,0.0,40.80465861474453,40.74159750584246,130,"{'status': 'ok', 'success': True, 'cost': 0.1006234406624127, 'nfev': 6}"
285,-40.647,0.0,40.81326856475065,40.835694402674484,131,"{'status': 'ok', 'success': True, 'cost': 0.10234374485983293, 'nfev': 6}"
286,-40.544,0.0,40.58171504933246,40.722362046173146,128,"{'status': 'ok', 'success': True, 'cost': 0.09802281171578661, 'nfev': 6}"
287,-40.442,0.0,40.551930171144214,40.43267835740325,128,"{'status': 'ok', 'success': True, 'cost': 0.09479429307649748, 'nfev': 6}"
288,-40.339,0.0,40.2776052518598,40.118757109082665,135,"{'status': 'ok', 'success': True, 'cost': 0.10079479428009325, 'nfev': 6}"
289,-40.236000000000004,0.0,40.317442400663204,40.08364746610144,139,"{'status': 'ok', 'success': True, 'cost': 0.1038555621065047, 'nfev': 6}"
290,-40.134,0.0,40.185261530560126,40.09410456748501,133,"{'status': 'ok', 'success': True, 'cost': 0.09988062882840179, 'nfev': 6}"
291,-40.031,0.0,40.16196529071911,40.04690094712223,137,"{'status': 'ok', 'success': True, 'cost': 0.10585336484941361, 'nfev': 6}"
292,-39.929,0.0,40.04727889596566,39.99133290172295,141,"{'status': 'ok', 'success': True, 'cost': 0.11001045724433688, 'nfev': 6}"
293,-39.826,0.0,39.83267270934559,40.01644118673076,147,"{'status': 'ok', 'success': True, 'cost': 0.11530648249324876, 'nfev': 6}"
294,-39.723,0.0,39.751868723502774,39.94009843028965,142,"{'status': 'ok', 'success': True, 'cost': 0.11376601530986415, 'nfev': 6}"
295,-39.621,0.0,39.540614001592346,39.818819205759304,140,"{'status': 'ok', 'success': True, 'cost': 0.11387605902833906, 'nfev': 6}"
296,-39.518,0.0,39.45294554146142,39.659625370657615,138,"{'status': 'ok', 'success': True, 'cost': 0.11278548930791196, 'nfev': 6}"
297,-39.415,0.0,39.40657728140417,39.43316738029336,133,"{'status': 'ok', 'success': True, 'cost': 0.10485678886491354, 'nfev': 6}"
298,-39.313,0.0,39.37433822975822,39.30244321940842,133,"{'status': 'ok', 'success': True, 'cost': 0.10558399870207555, 'nfev': 6}"
299,-39.21,0.0,39.28578690530301,39.20031816279121,139,"{'status': 'ok', 'success': True, 'cost': 0.11187957566111612, 'nfev': 6}"
300,-39.107,0.0,39.15417093296657,39.029748705517044,138,"{'status': 'ok', 'success': True, 'cost': 0.11050416425946591, 'nfev': 6}"
301,-39.005,0.0,39.01131687215443,39.02961530227632,142,"{'status': 'ok', 'success': True, 'cost': 0.11390342528923211, 'nfev': 6}"
302,-38.902,0.0,38.893017186026164,38.86401777244501,140,"{'status': 'ok', 'success': True, 'cost': 0.11328870953655819, 'nfev': 6}"
303,-38.8,0.0,38.7491800052118,38.90322207537839,139,"{'status': 'ok', 'success': True, 'cost': 0.11228224870027148, 'nfev': 6}"
304,-38.697,0.0,38.771263267132426,38.78324780247235,140,"{'status': 'ok', 'success': True, 'cost': 0.11158806994316581, 'nfev': 6}"
305,-38.594,0.0,38.60483660065451,38.77416937960204,134,"{'status': 'ok', 'success': True, 'cost': 0.10593214807593464, 'nfev': 6}"
306,-38.492,0.0,38.42647731989415,38.60391568651871,131,"{'status': 'ok', 'success': True, 'cost': 0.10239745124481432, 'nfev': 6}"
307,-38.38900000000001,0.0,38.3455292368134,38.47478197850631,134,"{'status': 'ok', 'success': True, 'cost': 0.106637724179764, 'nfev': 6}"
308,-38.286,0.0,38.265908494038065,38.308275785511356,137,"{'status': 'ok', 'success': True, 'cost': 0.10848958703904181, 'nfev': 6}"
309,-38.184,0.0,38.19359721672859,38.15013364786652,134,"{'status': 'ok', 'success': True, 'cost': 0.10569682237993731, 'nfev': 6}"
310,-38.081,0.0,38.00845172273893,38.11757133678025,137,"{'status': 'ok', 'success': True, 'cost': 0.10695064703400797, 'nfev': 6}"
311,-37.979,0.0,37.961130650594235,38.03172335612544,136,"{'status': 'ok', 'success': True, 'cost': 0.1073774542318269, 'nfev': 6}"
312,-37.876000000000005,0.0,37.87863484253525,37.932166018369536,134,"{'status': 'ok', 'success': True, 'cost': 0.10482615527855804, 'nfev': 6}"
313,-37.773,0.0,37.71281596323266,37.79276436477345,135,"{'status': 'ok', 'success': True, 'cost': 0.10424063548096368, 'nfev': 6}"
314,-37.671,0.0,37.63002183049082,37.638095278722595,144,"{'status': 'ok', 'success': True, 'cost': 0.11112125674127737, 'nfev': 6}"
315,-37.568,0.0,37.50946339347469,37.60589372154619,142,"{'status': 'ok', 'success': True, 'cost': 0.10942935677984952, 'nfev': 6}"
316,-37.465,0.0,37.30254006990053,37.40145316685769,137,"{'status': 'ok', 'success': True, 'cost': 0.10213430877284069, 'nfev': 6}"
317,-37.363,0.0,37.3042758816203,37.42871761034915,139,"{'status': 'ok', 'success': True, 'cost': 0.10421257552016067, 'nfev': 6}"
318,-37.26,0.0,37.19423208200002,37.394307523518435,136,"{'status': 'ok', 'success': True, 'cost': 0.10079698371556792, 'nfev': 6}"
319,-37.157,0.0,37.045453595151216,37.29832675771776,135,"{'status': 'ok', 'success': True, 'cost': 0.1017513968401186, 'nfev': 6}"
320,-37.055,0.0,36.97759682440702,37.133333921520666,136,"{'status': 'ok', 'success': True, 'cost': 0.1031566820337127, 'nfev': 6}"
321,-36.952,0.0,36.96018409577502,36.96412637168227,133,"{'status': 'ok', 'success': True, 'cost': 0.10199130963907158, 'nfev': 6}"
322,-36.85,0.0,36.86178042816534,36.69621239484669,133,"{'status': 'ok', 'success': True, 'cost': 0.09979274159107751, 'nfev': 6}"
323,-36.747,0.0,36.69351821155458,36.60077401982418,131,"{'status': 'ok', 'success': True, 'cost': 0.09658629238734172, 'nfev': 6}"
324,-36.644,0.0,36.60483156225984,36.67705255375448,126,"{'status': 'ok', 'success': True, 'cost': 0.09436508674684872, 'nfev': 6}"
325,-36.542,0.0,36.379981989489444,36.55555638945586,131,"{'status': 'ok', 'success': True, 'cost': 0.09801882897205033, 'nfev': 6}"
326,-36.439,0.0,36.335639124747004,36.561052350735814,130,"{'status': 'ok', 'success': True, 'cost': 0.09633235013737307, 'nfev': 6}"
327,-36.336,0.0,36.26807148509314,36.47173890412219,129,"{'status': 'ok', 'success': True, 'cost': 0.09363776263967485, 'nfev': 6}"
328,-36.234,0.0,36.257324571910694,36.29907007680315,128,"{'status': 'ok', 'success': True, 'cost': 0.0966325888893754, 'nfev': 6}"
329,-36.131,0.0,36.04524315385097,36.15055414668125,128,"{'status': 'ok', 'success': True, 'cost': 0.09465030826888796, 'nfev': 6}"
330,-36.028,0.0,35.89452138938272,35.966866205474844,129,"{'status': 'ok', 'success': True, 'cost': 0.09556757345974576, 'nfev': 6}"
331,-35.926,0.0,35.91303521117502,35.73240144957938,131,"{'status': 'ok', 'success': True, 'cost': 0.09746984372076781, 'nfev': 6}"
332,-35.823,0.0,35.75315255732807,35.758165256479295,129,"{'status': 'ok', 'success': True, 'cost': 0.09590165244360147, 'nfev': 6}"
333,-35.721,0.0,35.63734869490515,35.66242810133951,127,"{'status': 'ok', 'success': True, 'cost': 0.09480490213621252, 'nfev': 6}"
334,-35.618,0.0,35.45022120578427,35.56254254902775,130,"{'status': 'ok', 'success': True, 'cost': 0.09833421103064784, 'nfev': 6}"
335,-35.515,0.0,35.36143112481978,35.45516774156389,137,"{'status': 'ok', 'success': True, 'cost': 0.10644597606194908, 'nfev': 6}"
336,-35.413,0.0,35.2369685645406,35.37978379358415,140,"{'status': 'ok', 'success': True, 'cost': 0.10855810517436656, 'nfev': 6}"
337,-35.31,0.0,35.299728445366654,35.243163148754924,142,"{'status': 'ok', 'success': True, 'cost': 0.11003332849831778, 'nfev': 6}"
338,-35.207,0.0,35.092714559143694,35.21515783785079,135,"{'status': 'ok', 'success': True, 'cost': 0.10428370819601329, 'nfev': 6}"
339,-35.105,0.0,35.00127364970391,35.065590277118666,134,"{'status': 'ok', 'success': True, 'cost': 0.10285734895258776, 'nfev': 6}"
340,-35.002,0.0,34.820397295599506,35.027688028349466,135,"{'status': 'ok', 'success': True, 'cost': 0.10449181122773363, 'nfev': 6}"
341,-34.9,0.0,34.76690639810707,34.81698306133568,139,"{'status': 'ok', 'success': True, 'cost': 0.109443301367645, 'nfev': 6}"
342,-34.797,0.0,34.646282807231636,34.664883890644354,139,"{'status': 'ok', 'success': True, 'cost': 0.107275186529055, 'nfev': 6}"
343,-34.694,0.0,34.69284938353335,34.54490803713573,138,"{'status': 'ok', 'success': True, 'cost': 0.10272933752580835, 'nfev': 6}"
344,-34.592,0.0,34.62824400001043,34.558183662080616,138,"{'status': 'ok', 'success': True, 'cost': 0.10212436086086511, 'nfev': 6}"
345,-34.489000000000004,0.0,34.6969233834823,34.54368836492237,137,"{'status': 'ok', 'success': True, 'cost': 0.10140720661129303, 'nfev': 6}"
346,-34.386,0.0,34.576667799058676,34.54103431917928,139,"{'status': 'ok', 'success': True, 'cost': 0.10417181748322457, 'nfev': 6}"
347,-34.284,0.0,34.389466943228435,34.446669777061516,138,"{'status': 'ok', 'success': True, 'cost': 0.10425204441829763, 'nfev': 6}"
348,-34.181,0.0,34.31351921139791,34.31341939633001,142,"{'status': 'ok', 'success': True, 'cost': 0.10655296232115403, 'nfev': 6}"
349,-34.078,0.0,34.188668400299484,34.18672021069603,142,"{'status': 'ok', 'success': True, 'cost': 0.10478732641952006, 'nfev': 6}"
350,-33.976,0.0,34.10167182323122,34.007842892558436,136,"{'status': 'ok', 'success': True, 'cost': 0.10406501213330581, 'nfev': 6}"
351,-33.873,0.0,33.98586859940978,33.87889014885825,130,"{'status': 'ok', 'success': True, 'cost': 0.09715868638561176, 'nfev': 6}"
352,-33.771,0.0,33.89019770647924,33.96826060696341,127,"{'status': 'ok', 'success': True, 'cost': 0.09643350247308476, 'nfev': 6}"
353,-33.668,0.0,33.808304246352755,33.82116565512538,130,"{'status': 'ok', 'success': True, 'cost': 0.10192432356930967, 'nfev': 6}"
354,-33.565,0.0,33.63481101473938,33.8242767598566,126,"{'status': 'ok', 'success': True, 'cost': 0.0972034271369406, 'nfev': 6}"
355,-33.463,0.0,33.47929947810161,33.77621423998735,125,"{'status': 'ok', 'success': True, 'cost': 0.09805039163692462, 'nfev': 6}"
356,-33.36,0.0,33.32805808042788,33.473716515638294,125,"{'status': 'ok', 'success': True, 'cost': 0.09844071014013218, 'nfev': 6}"
357,-33.257,0.0,33.19445384734322,33.31827699271793,130,"{'status': 'ok', 'success': True, 'cost': 0.10023130254199483, 'nfev': 6}"
358,-33.155,0.0,33.29908443586095,33.08930271901473,129,"{'status': 'ok', 'success': True, 'cost': 0.0952100236130538, 'nfev': 6}"
359,-33.052,0.0,33.38907679891924,33.04825274313768,131,"{'status': 'ok', 'success': True, 'cost': 0.09971586966161267, 'nfev': 6}"
360,-32.949,0.0,33.241232125826755,32.900151414977884,134,"{'status': 'ok', 'success': True, 'cost': 0.10343803834684351, 'nfev': 6}"
361,-32.847,0.0,33.14592792258908,32.85474312508575,131,"{'status': 'ok', 'success': True, 'cost': 0.09895435080582746, 'nfev': 6}"
362,-32.744,0.0,32.98663513568483,32.84795358873587,127,"{'status': 'ok', 'success': True, 'cost': 0.09523343867994336, 'nfev': 6}"
363,-32.642,0.0,32.86426136577639,32.665151279048104,123,"{'status': 'ok', 'success': True, 'cost': 0.09466425471409087, 'nfev': 6}"
364,-32.539,0.0,32.83160865334889,32.51739938753997,124,"{'status': 'ok', 'success': True, 'cost': 0.0985359248347274, 'nfev': 6}"
365,-32.436,0.0,32.650405743961876,32.35599739896255,121,"{'status': 'ok', 'success': True, 'cost': 0.09467548435658633, 'nfev': 6}"
366,-32.334,0.0,32.53201200397286,32.254958104150845,126,"{'status': 'ok', 'success': True, 'cost': 0.09927883067106298, 'nfev': 6}"
367,-32.231,0.0,32.28747812416324,32.20464785313088,128,"{'status': 'ok', 'success': True, 'cost': 0.100417514464474, 'nfev': 6}"
368,-32.128,0.0,32.178030105817044,31.96259182257429,127,"{'status': 'ok', 'success': True, 'cost': 0.09696568736472903, 'nfev': 6}"
369,-32.026,0.0,32.17590354305106,31.992800329836935,128,"{'status': 'ok', 'success': True, 'cost': 0.09597296136217737, 'nfev': 6}"
370,-31.923,0.0,32.02131174412913,31.88719988369815,134,"{'status': 'ok', 'success': True, 'cost': 0.10087807422549627, 'nfev': 6}"
371,-31.821,0.0,31.965370045537977,31.87660667103143,134,"{'status': 'ok', 'success': True, 'cost': 0.09939663699551635, 'nfev': 6}"
372,-31.717999999999996,0.0,31.78976736161641,31.731629545264074,132,"{'status': 'ok', 'success': True, 'cost': 0.09873595678079886, 'nfev': 6}"
373,-31.615,0.0,31.60474903167237,31.499098961598854,131,"{'status': 'ok', 'success': True, 'cost': 0.0992825085718631, 'nfev': 6}"
374,-31.513000000000005,0.0,31.535307034754148,31.327174093509694,128,"{'status': 'ok', 'success': True, 'cost': 0.09665806880283442, 'nfev': 6}"
375,-31.41,0.0,31.46330034209532,31.32078238522286,130,"{'status': 'ok', 'success': True, 'cost': 0.09978206966161554, 'nfev': 6}"
376,-31.307000000000002,0.0,31.366974744731472,31.118483135337186,125,"{'status': 'ok', 'success': True, 'cost': 0.09441321017682078, 'nfev': 6}"
377,-31.205,0.0,31.182456283105154,30.97702856059972,124,"{'status': 'ok', 'success': True, 'cost': 0.09244663199610234, 'nfev': 6}"
378,-31.102,0.0,31.040598141877734,30.91667188618347,127,"{'status': 'ok', 'success': True, 'cost': 0.09513144869957077, 'nfev': 6}"
379,-30.999000000000002,0.0,30.903174403082723,30.925119650549913,130,"{'status': 'ok', 'success': True, 'cost': 0.09622986240330803, 'nfev': 6}"
380,-30.897000000000002,0.0,30.866513306822604,30.852925592565928,134,"{'status': 'ok', 'success': True, 'cost': 0.09924550404558571, 'nfev': 6}"
381,-30.794,0.0,30.792228210099953,30.690908547941877,137,"{'status': 'ok', 'success': True, 'cost': 0.10267225566348195, 'nfev': 6}"
382,-30.692,0.0,30.730808004727017,30.66014308826154,141,"{'status': 'ok', 'success': True, 'cost': 0.10788797925846162, 'nfev': 6}"
383,-30.589000000000002,0.0,30.607250544717527,30.49346554419816,138,"{'status': 'ok', 'success': True, 'cost': 0.10759933353375768, 'nfev': 6}"
384,-30.486000000000004,0.0,30.559508018181727,30.448456445627436,132,"{'status': 'ok', 'success': True, 'cost': 0.09968522389771209, 'nfev': 6}"
385,-30.384,0.0,30.56445380416002,30.343136491712677,130,"{'status': 'ok', 'success': True, 'cost': 0.09596524472298645, 'nfev': 6}"
386,-30.280999999999995,0.0,30.455884899136915,30.23911154578978,128,"{'status': 'ok', 'success': True, 'cost': 0.09425221320765087, 'nfev': 6}"
387,-30.178000000000004,0.0,30.357845252076228,30.076340009916148,131,"{'status': 'ok', 'success': True, 'cost': 0.09453555786450236, 'nfev': 6}"
388,-30.076000000000004,0.0,30.361336064052672,29.950049091124345,135,"{'status': 'ok', 'success': True, 'cost': 0.09779840898879094, 'nfev': 6}"
389,-29.973,0.0,30.12104340831267,29.91383444239878,137,"{'status': 'ok', 'success': True, 'cost': 0.10196001215080785, 'nfev': 6}"
390,-29.87,0.0,29.949411340666177,29.797915324277064,138,"{'status': 'ok', 'success': True, 'cost': 0.10646448822751647, 'nfev': 6}"
391,-29.767999999999997,0.0,29.73899286296769,29.662414538694996,136,"{'status': 'ok', 'success': True, 'cost': 0.10357374846234363, 'nfev': 6}"
392,-29.665,0.0,29.600460526567566,29.66141106147338,132,"{'status': 'ok', 'success': True, 'cost': 0.10100733428239256, 'nfev': 6}"
393,-29.563,0.0,29.65004746206119,29.521253015554205,132,"{'status': 'ok', 'success': True, 'cost': 0.09814394936807191, 'nfev': 6}"
394,-29.46,0.0,29.606318353265316,29.485166489515837,132,"{'status': 'ok', 'success': True, 'cost': 0.09849550177690752, 'nfev': 6}"
395,-29.357,0.0,29.503445265177188,29.378730583320753,136,"{'status': 'ok', 'success': True, 'cost': 0.10583465306765563, 'nfev': 6}"
396,-29.255,0.0,29.324441195211147,29.269520381760472,134,"{'status': 'ok', 'success': True, 'cost': 0.10184025607497313, 'nfev': 6}"
397,-29.152,0.0,29.11287904461721,29.274982670331323,133,"{'status': 'ok', 'success': True, 'cost': 0.10184670156109421, 'nfev': 6}"
398,-29.049000000000003,0.0,29.01912157180409,29.14179148192566,128,"{'status': 'ok', 'success': True, 'cost': 0.09799851866753384, 'nfev': 6}"
399,-28.947,0.0,28.939497337190897,29.062813597687338,132,"{'status': 'ok', 'success': True, 'cost': 0.10267091575180173, 'nfev': 6}"
400,-28.844,0.0,28.78935074128815,29.04880864772303,131,"{'status': 'ok', 'success': True, 'cost': 0.10199221101512573, 'nfev': 6}"
401,-28.742,0.0,28.65990990773647,28.931104143444298,138,"{'status': 'ok', 'success': True, 'cost': 0.10937350511194377, 'nfev': 6}"
402,-28.639,0.0,28.593596034459072,28.78910067409361,135,"{'status': 'ok', 'success': True, 'cost': 0.10428586897096424, 'nfev': 6}"
403,-28.536,0.0,28.36250895290052,28.483995593315374,139,"{'status': 'ok', 'success': True, 'cost': 0.10777101710344078, 'nfev': 6}"
404,-28.434,0.0,28.29449350640259,28.328314022511393,136,"{'status': 'ok', 'success': True, 'cost': 0.10430934359376828, 'nfev': 6}"
405,-28.331,0.0,28.181584553131,28.297770495624857,131,"{'status': 'ok', 'success': True, 'cost': 0.10052646526498835, 'nfev': 6}"
406,-28.228,0.0,28.12961182707,28.186155570760228,135,"{'status': 'ok', 'success': True, 'cost': 0.10025285640592888, 'nfev': 6}"
407,-28.126,0.0,28.03642354802302,28.055817221048994,134,"{'status': 'ok', 'success': True, 'cost': 0.10104016876529157, 'nfev': 6}"
408,-28.023000000000003,0.0,28.106834548436645,28.027301054779834,136,"{'status': 'ok', 'success': True, 'cost': 0.10383658488475492, 'nfev': 6}"
409,-27.92,0.0,27.97133222138716,27.898482428994548,139,"{'status': 'ok', 'success': True, 'cost': 0.1066178277626034, 'nfev': 6}"
410,-27.818,0.0,27.968195603841338,27.707701757323033,136,"{'status': 'ok', 'success': True, 'cost': 0.10136643938750492, 'nfev': 6}"
411,-27.715,0.0,27.78314790662066,27.732640194489413,131,"{'status': 'ok', 'success': True, 'cost': 0.09695820091277374, 'nfev': 6}"
412,-27.613,0.0,27.7236108468363,27.624174286604315,128,"{'status': 'ok', 'success': True, 'cost': 0.09377825433359606, 'nfev': 6}"
413,-27.51,0.0,27.478122095670813,27.490650020287347,129,"{'status': 'ok', 'success': True, 'cost': 0.09578258450840024, 'nfev': 6}"
414,-27.407,0.0,27.401048575997137,27.412650362229204,131,"{'status': 'ok', 'success': True, 'cost': 0.10144926504880108, 'nfev': 6}"
415,-27.305,0.0,27.31755607366503,27.280968871192396,134,"{'status': 'ok', 'success': True, 'cost': 0.10152673688082356, 'nfev': 6}"
416,-27.202,0.0,27.126884824927185,27.17180914220547,130,"{'status': 'ok', 'success': True, 'cost': 0.09721798748975188, 'nfev': 6}"
417,-27.099,0.0,26.96370731053992,27.047939026915813,134,"{'status': 'ok', 'success': True, 'cost': 0.10479605267121671, 'nfev': 6}"
418,-26.997,0.0,26.85770978511833,26.850546192170153,132,"{'status': 'ok', 'success': True, 'cost': 0.10376132130105434, 'nfev': 6}"
419,-26.894,0.0,26.68967516914686,26.789678093907508,137,"{'status': 'ok', 'success': True, 'cost': 0.10608027744734033, 'nfev': 6}"
420,-26.792,0.0,26.593740201350357,26.739059810991716,142,"{'status': 'ok', 'success': True, 'cost': 0.11229630908905158, 'nfev': 6}"
421,-26.689,0.0,26.488233769545616,26.69020459121101,141,"{'status': 'ok', 'success': True, 'cost': 0.11188372234737859, 'nfev': 6}"
422,-26.586,0.0,26.413303291653328,26.531062120813854,143,"{'status': 'ok', 'success': True, 'cost': 0.11204205159145766, 'nfev': 6}"
423,-26.484,0.0,26.411574318377223,26.43322216372112,142,"{'status': 'ok', 'success': True, 'cost': 0.11208420894290777, 'nfev': 6}"
424,-26.381,0.0,26.36730525631709,26.339421917447602,136,"{'status': 'ok', 'success': True, 'cost': 0.10867698697864729, 'nfev': 6}"
425,-26.278,0.0,26.162627701531125,26.24593212154262,130,"{'status': 'ok', 'success': True, 'cost': 0.10220604039846375, 'nfev': 6}"
426,-26.176,0.0,26.078159303743654,26.005406496488845,128,"{'status': 'ok', 'success': True, 'cost': 0.0986928678986984, 'nfev': 6}"
427,-26.073000000000004,0.0,26.024144301665793,25.837620250186195,128,"{'status': 'ok', 'success': True, 'cost': 0.1000114223182551, 'nfev': 6}"
428,-25.97,0.0,25.890593748109634,25.876605046567093,132,"{'status': 'ok', 'success': True, 'cost': 0.1027180841411883, 'nfev': 6}"
429,-25.868,0.0,25.80800837951464,25.85467669530487,132,"{'status': 'ok', 'success': True, 'cost': 0.10314577617452816, 'nfev': 6}"
430,-25.765,0.0,25.7675126043516,25.800826822381886,134,"{'status': 'ok', 'success': True, 'cost': 0.10316140341502103, 'nfev': 6}"
431,-25.663000000000004,0.0,25.654215397137563,25.66032178681379,134,"{'status': 'ok', 'success': True, 'cost': 0.09573112707145753, 'nfev': 6}"
432,-25.56,0.0,25.62053966198225,25.670887006517383,136,"{'status': 'ok', 'success': True, 'cost': 0.09741854265979936, 'nfev': 6}"
433,-25.457,0.0,25.362297546384514,25.46710121910616,138,"{'status': 'ok', 'success': True, 'cost': 0.10353000679390534, 'nfev': 6}"
434,-25.355,0.0,25.326625084730836,25.405227592237395,136,"{'status': 'ok', 'success': True, 'cost': 0.10310146992832768, 'nfev': 6}"
435,-25.252,0.0,25.15222707565154,25.262468633180454,129,"{'status': 'ok', 'success': True, 'cost': 0.09712142295786805, 'nfev': 6}"
436,-25.149,0.0,25.14282562159449,25.12001830881904,130,"{'status': 'ok', 'success': True, 'cost': 0.09944610890954136, 'nfev': 6}"
437,-25.047,0.0,24.952112114745425,25.095647703720584,133,"{'status': 'ok', 'success': True, 'cost': 0.09940032689338171, 'nfev': 6}"
438,-24.944,0.0,24.912824604144088,24.883585488178475,135,"{'status': 'ok', 'success': True, 'cost': 0.09893353482997724, 'nfev': 6}"
439,-24.841,0.0,24.71596811097605,24.738164578899813,131,"{'status': 'ok', 'success': True, 'cost': 0.09670544301058871, 'nfev': 6}"
440,-24.739,0.0,24.619840964595966,24.89866311758754,133,"{'status': 'ok', 'success': True, 'cost': 0.09823605363284957, 'nfev': 6}"
441,-24.636000000000003,0.0,24.54778391079522,24.717205508532164,140,"{'status': 'ok', 'success': True, 'cost': 0.107116875007574, 'nfev': 6}"
442,-24.534,0.0,24.37914720598896,24.67966466455094,135,"{'status': 'ok', 'success': True, 'cost': 0.10266813136985214, 'nfev': 6}"
443,-24.431,0.0,24.291925618947918,24.679488449165042,136,"{'status': 'ok', 'success': True, 'cost': 0.10405028840062902, 'nfev': 6}"
444,-24.328,0.0,24.282318949255078,24.24807894067131,134,"{'status': 'ok', 'success': True, 'cost': 0.1032575656648902, 'nfev': 6}"
445,-24.226,0.0,24.1416398024474,24.21634736505648,136,"{'status': 'ok', 'success': True, 'cost': 0.1005147761046896, 'nfev': 6}"
446,-24.123,0.0,24.030966908306546,24.17686745711248,135,"{'status': 'ok', 'success': True, 'cost': 0.09560470467123197, 'nfev': 6}"
447,-24.02,0.0,23.99236770344281,24.194158191438273,133,"{'status': 'ok', 'success': True, 'cost': 0.09432072161774574, 'nfev': 6}"
448,-23.918,0.0,23.768435769399,23.99852288721853,131,"{'status': 'ok', 'success': True, 'cost': 0.09413407771865306, 'nfev': 6}"
449,-23.815,0.0,23.741670960268607,23.90336735202992,129,"{'status': 'ok', 'success': True, 'cost': 0.09871639028200961, 'nfev': 6}"
450,-23.713,0.0,23.633478683181902,23.729915288058418,134,"{'status': 'ok', 'success': True, 'cost': 0.10271532015920357, 'nfev': 5}"
451,-23.61,0.0,23.50788914609381,23.570569980165544,140,"{'status': 'ok', 'success': True, 'cost': 0.10942564831444912, 'nfev': 5}"
452,-23.507,0.0,23.397310563547425,23.51437699222866,139,"{'status': 'ok', 'success': True, 'cost': 0.10451637718438385, 'nfev': 5}"
453,-23.405,0.0,23.373238608769558,23.500922707411828,137,"{'status': 'ok', 'success': True, 'cost': 0.1019595231768028, 'nfev': 5}"
454,-23.302,0.0,23.33831414154872,23.40474251361039,138,"{'status': 'ok', 'success': True, 'cost': 0.10371091759699033, 'nfev': 5}"
455,-23.199000000000005,0.0,23.295989009220285,23.20231993441137,135,"{'status': 'ok', 'success': True, 'cost': 0.1028333603527849, 'nfev': 5}"
456,-23.097,0.0,23.24192933777677,22.996758895668016,136,"{'status': 'ok', 'success': True, 'cost': 0.10504379663500608, 'nfev': 5}"
457,-22.994,0.0,23.109374877113805,22.957168275523983,133,"{'status': 'ok', 'success': True, 'cost': 0.09872440853262637, 'nfev': 5}"
458,-22.891,0.0,22.96989373367133,22.914064795531548,125,"{'status': 'ok', 'success': True, 'cost': 0.09413305621421152, 'nfev': 5}"
459,-22.789,0.0,22.853344823486676,22.80707518984839,130,"{'status': 'ok', 'success': True, 'cost': 0.09900483361758498, 'nfev': 5}"
460,-22.686,0.0,22.76558017358757,22.59804531186923,135,"{'status': 'ok', 'success': True, 'cost': 0.10444823997970445, 'nfev': 5}"
461,-22.584,0.0,22.77131146220507,22.50504539613685,136,"{'status': 'ok', 'success': True, 'cost': 0.10298534572353438, 'nfev': 5}"
462,-22.481,0.0,22.605301965595107,22.25722078904735,135,"{'status': 'ok', 'success': True, 'cost': 0.10115987350377728, 'nfev': 5}"
463,-22.378,0.0,22.416846270147026,22.15710011380571,134,"{'status': 'ok', 'success': True, 'cost': 0.10003019114288333, 'nfev': 5}"
464,-22.276000000000003,0.0,22.297763230670892,22.062162983520512,137,"{'status': 'ok', 'success': True, 'cost': 0.10235446833997061, 'nfev': 5}"
465,-22.173,0.0,22.234950783987927,22.049821242204352,138,"{'status': 'ok', 'success': True, 'cost': 0.10528606983022254, 'nfev': 5}"
466,-22.07,0.0,22.159194335576622,22.11443086243791,136,"{'status': 'ok', 'success': True, 'cost': 0.10591008203047975, 'nfev': 5}"
467,-21.968,0.0,22.187562353875368,22.015072239001846,139,"{'status': 'ok', 'success': True, 'cost': 0.10856340439390003, 'nfev': 5}"
468,-21.865,0.0,22.04230377193107,21.76598036496203,139,"{'status': 'ok', 'success': True, 'cost': 0.10703078682663869, 'nfev': 5}"
469,-21.762,0.0,21.942928128875643,21.70513543380715,136,"{'status': 'ok', 'success': True, 'cost': 0.10636993654821177, 'nfev': 5}"
470,-21.66,0.0,21.796550278784085,21.78404911582225,138,"{'status': 'ok', 'success': True, 'cost': 0.10819590448200814, 'nfev': 5}"
471,-21.557,0.0,21.64469547779793,21.683974791614737,137,"{'status': 'ok', 'success': True, 'cost': 0.10552017704419006, 'nfev': 5}"
472,-21.455,0.0,21.5119620041649,21.575140342274306,138,"{'status': 'ok', 'success': True, 'cost': 0.10529914941421226, 'nfev': 5}"
473,-21.352,0.0,21.466038039708213,21.4555404141996,137,"{'status': 'ok', 'success': True, 'cost': 0.1063329858326762, 'nfev': 5}"
474,-21.249,0.0,21.357680214687598,21.454610314845908,141,"{'status': 'ok', 'success': True, 'cost': 0.11000885793446574, 'nfev': 5}"
475,-21.147,0.0,21.21546584903775,21.332854736041835,140,"{'status': 'ok', 'success': True, 'cost': 0.1101292070918541, 'nfev': 5}"
476,-21.044,0.0,21.210122666212882,20.96771002515619,131,"{'status': 'ok', 'success': True, 'cost': 0.09997786611679556, 'nfev': 5}"
477,-20.941,0.0,21.15330139813651,21.028954812033383,132,"{'status': 'ok', 'success': True, 'cost': 0.10036979856638391, 'nfev': 5}"
478,-20.839,0.0,20.958186516186473,20.860430834208003,134,"{'status': 'ok', 'success': True, 'cost': 0.10451514859139902, 'nfev': 5}"
479,-20.736,0.0,20.85610763724053,20.82456281395213,135,"{'status': 'ok', 'success': True, 'cost': 0.10539157747043054, 'nfev': 5}"
480,-20.634,0.0,20.82500880318705,20.720919440698214,130,"{'status': 'ok', 'success': True, 'cost': 0.10050327724713984, 'nfev': 5}"
481,-20.531,0.0,20.74848310030302,20.742709407444018,137,"{'status': 'ok', 'success': True, 'cost': 0.10589959624102943, 'nfev': 5}"
482,-20.428,0.0,20.440604639687557,20.522955580159817,133,"{'status': 'ok', 'success': True, 'cost': 0.10358506241658838, 'nfev': 5}"
483,-20.326,0.0,20.424669212852795,20.269803812556294,135,"{'status': 'ok', 'success': True, 'cost': 0.10690198890882519, 'nfev': 5}"
484,-20.223,0.0,20.317859853158883,20.31218742409112,133,"{'status': 'ok', 'success': True, 'cost': 0.10780902983995919, 'nfev': 5}"
485,-20.12,0.0,20.164370612171325,20.265983431768728,134,"{'status': 'ok', 'success': True, 'cost': 0.1075842376634528, 'nfev': 5}"
486,-20.018,0.0,20.02205001046553,20.222360700484067,136,"{'status': 'ok', 'success': True, 'cost': 0.10545262293356403, 'nfev': 5}"
487,-19.915,0.0,20.004684994071752,20.069992126547017,138,"{'status': 'ok', 'success': True, 'cost': 0.10910660490635413, 'nfev': 5}"
488,-19.812000000000005,0.0,19.744432450132468,19.994788476179313,134,"{'status': 'ok', 'success': True, 'cost': 0.10630111684609037, 'nfev': 5}"
489,-19.71,0.0,19.628335353558594,19.84217392104017,132,"{'status': 'ok', 'success': True, 'cost': 0.10640453962253185, 'nfev': 5}"
490,-19.607,0.0,19.67820250598654,19.557185752325186,131,"{'status': 'ok', 'success': True, 'cost': 0.10527164969770078, 'nfev': 5}"
491,-19.505,0.0,19.55087398358674,19.603550861253154,131,"{'status': 'ok', 'success': True, 'cost': 0.10471737389271915, 'nfev': 5}"
492,-19.402,0.0,19.55342443355628,19.427457740995525,135,"{'status': 'ok', 'success': True, 'cost': 0.10623877483323008, 'nfev': 5}"
493,-19.299,0.0,19.43151129101147,19.310262944693807,137,"{'status': 'ok', 'success': True, 'cost': 0.10756551217751815, 'nfev': 5}"
494,-19.197,0.0,19.323406524761733,19.09321157786138,135,"{'status': 'ok', 'success': True, 'cost': 0.10554749470843278, 'nfev': 5}"
495,-19.094,0.0,19.142487089674805,19.00205143232868,135,"{'status': 'ok', 'success': True, 'cost': 0.1066334827296244, 'nfev': 5}"
496,-18.991,0.0,18.94116243915673,18.830335545501505,137,"{'status': 'ok', 'success': True, 'cost': 0.10701142996709155, 'nfev': 5}"
497,-18.889000000000003,0.0,18.89323696217602,18.76831907430571,136,"{'status': 'ok', 'success': True, 'cost': 0.10278507359650063, 'nfev': 5}"
498,-18.786,0.0,18.836273193397062,18.685121183665476,129,"{'status': 'ok', 'success': True, 'cost': 0.098633718225734, 'nfev': 5}"
499,-18.684,0.0,18.791773523535213,18.733437163566325,132,"{'status': 'ok', 'success': True, 'cost': 0.10309819209891838, 'nfev': 5}"
500,-18.581,0.0,18.585552788826288,18.741611200084098,130,"{'status': 'ok', 'success': True, 'cost': 0.10173451051590969, 'nfev': 5}"
501,-18.478,0.0,18.551984055523125,18.477778767010573,131,"{'status': 'ok', 'success': True, 'cost': 0.10459928886357633, 'nfev': 5}"
502,-18.376,0.0,18.369293228325592,18.493383581826198,137,"{'status': 'ok', 'success': True, 'cost': 0.10990906248226145, 'nfev': 5}"
503,-18.273,0.0,18.267899456157327,18.240095396913517,137,"{'status': 'ok', 'success': True, 'cost': 0.10882421394640629, 'nfev': 5}"
504,-18.17,0.0,18.193536016767453,18.03015055784777,138,"{'status': 'ok', 'success': True, 'cost': 0.11032170126461083, 'nfev': 5}"
505,-18.068,0.0,18.19818714077295,17.914318190704954,135,"{'status': 'ok', 'success': True, 'cost': 0.10642007737061167, 'nfev': 5}"
506,-17.965,0.0,18.22170311378137,17.958194183064702,133,"{'status': 'ok', 'success': True, 'cost': 0.10175559566448178, 'nfev': 5}"
507,-17.862,0.0,18.006492848136098,17.88764379256743,131,"{'status': 'ok', 'success': True, 'cost': 0.10095271101852134, 'nfev': 5}"
508,-17.76,0.0,17.873127704964013,17.792614381395985,134,"{'status': 'ok', 'success': True, 'cost': 0.10196355776427052, 'nfev': 5}"
509,-17.657,0.0,17.755691433413908,17.64750338326405,133,"{'status': 'ok', 'success': True, 'cost': 0.10191036251481747, 'nfev': 5}"
510,-17.555,0.0,17.65178533310722,17.644350501279483,134,"{'status': 'ok', 'success': True, 'cost': 0.10081558390574194, 'nfev': 5}"
511,-17.452,0.0,17.590197883975463,17.59209760492864,133,"{'status': 'ok', 'success': True, 'cost': 0.09719144143273088, 'nfev': 5}"
512,-17.349,0.0,17.44416733641704,17.484655802454547,134,"{'status': 'ok', 'success': True, 'cost': 0.10124352926336433, 'nfev': 5}"
513,-17.247,0.0,17.31666726307521,17.41462827780583,138,"{'status': 'ok', 'success': True, 'cost': 0.10402620759809145, 'nfev': 5}"
514,-17.144,0.0,17.182849180899353,17.297069660138064,131,"{'status': 'ok', 'success': True, 'cost': 0.09910628741744103, 'nfev': 5}"
515,-17.041,0.0,17.06576566075054,17.090041235350316,130,"{'status': 'ok', 'success': True, 'cost': 0.1003739359749878, 'nfev': 5}"
516,-16.939,0.0,16.92229629769086,16.961487212877483,134,"{'status': 'ok', 'success': True, 'cost': 0.1033177144239765, 'nfev': 5}"
517,-16.836,0.0,16.808040171350644,16.93504629925871,136,"{'status': 'ok', 'success': True, 'cost': 0.10302561384233405, 'nfev': 5}"
518,-16.733,0.0,16.712315857939874,16.851930855113082,134,"{'status': 'ok', 'success': True, 'cost': 0.10119694513184826, 'nfev': 5}"
519,-16.631,0.0,16.62854023373777,16.708391480806863,134,"{'status': 'ok', 'success': True, 'cost': 0.10181816976998423, 'nfev': 5}"
520,-16.528,0.0,16.54071267619323,16.62107715719964,133,"{'status': 'ok', 'success': True, 'cost': 0.10233289322880275, 'nfev': 5}"
521,-16.426,0.0,16.44127600988972,16.35280111209349,132,"{'status': 'ok', 'success': True, 'cost': 0.10273970363787457, 'nfev': 5}"
522,-16.323,0.0,16.29355603490357,16.359678749827754,134,"{'status': 'ok', 'success': True, 'cost': 0.10361701952721127, 'nfev': 5}"
523,-16.22,0.0,16.270479758711687,16.42840715359369,132,"{'status': 'ok', 'success': True, 'cost': 0.1016215173202013, 'nfev': 5}"
524,-16.118,0.0,16.0752963893191,16.414396432833186,134,"{'status': 'ok', 'success': True, 'cost': 0.10381431506924432, 'nfev': 5}"
525,-16.015,0.0,15.876752741393014,16.1702999177773,135,"{'status': 'ok', 'success': True, 'cost': 0.10502425580209952, 'nfev': 5}"
526,-15.912,0.0,15.75699964932012,16.011123665499984,139,"{'status': 'ok', 'success': True, 'cost': 0.1073112382665251, 'nfev': 5}"
527,-15.809999999999999,0.0,15.639707899395423,15.849522471122448,138,"{'status': 'ok', 'success': True, 'cost': 0.10686323116770441, 'nfev': 5}"
528,-15.707,0.0,15.575897688750011,15.799923725666398,137,"{'status': 'ok', 'success': True, 'cost': 0.10460896216759819, 'nfev': 5}"
529,-15.604999999999999,0.0,15.448653430019483,15.664742083373017,135,"{'status': 'ok', 'success': True, 'cost': 0.10088163002182851, 'nfev': 5}"
530,-15.502,0.0,15.378774924941872,15.566447358312622,134,"{'status': 'ok', 'success': True, 'cost': 0.10158718528208674, 'nfev': 5}"
531,-15.399,0.0,15.182259192793623,15.368276654397794,132,"{'status': 'ok', 'success': True, 'cost': 0.10154302485068888, 'nfev': 5}"
532,-15.297,0.0,15.020796900985424,15.283689947797319,136,"{'status': 'ok', 'success': True, 'cost': 0.10261271484744079, 'nfev': 5}"
533,-15.194000000000003,0.0,15.036300141830242,15.043926140923697,134,"{'status': 'ok', 'success': True, 'cost': 0.0993164023480598, 'nfev': 5}"
534,-15.091000000000001,0.0,14.869741418459428,14.921494911337339,133,"{'status': 'ok', 'success': True, 'cost': 0.1006596584794228, 'nfev': 5}"
535,-14.989000000000003,0.0,14.775881732043606,14.83228502491576,136,"{'status': 'ok', 'success': True, 'cost': 0.1011643757995499, 'nfev': 5}"
536,-14.886000000000001,0.0,14.726486019277328,14.695312360194126,138,"{'status': 'ok', 'success': True, 'cost': 0.10778089780898445, 'nfev': 5}"
537,-14.782999999999998,0.0,14.685744824888316,14.626518700750069,137,"{'status': 'ok', 'success': True, 'cost': 0.1062037399628345, 'nfev': 5}"
538,-14.681000000000001,0.0,14.62602944222898,14.550956612619006,134,"{'status': 'ok', 'success': True, 'cost': 0.10259817041359227, 'nfev': 5}"
539,-14.577999999999998,0.0,14.512956643763234,14.48551862756483,134,"{'status': 'ok', 'success': True, 'cost': 0.10444040709794465, 'nfev': 5}"
540,-14.476,0.0,14.471957487022454,14.358276888395784,134,"{'status': 'ok', 'success': True, 'cost': 0.10314779294902118, 'nfev': 5}"
541,-14.372999999999998,0.0,14.366557572228057,14.218623033172676,130,"{'status': 'ok', 'success': True, 'cost': 0.09975878147987755, 'nfev': 5}"
542,-14.27,0.0,14.262587598854207,14.094762893106223,131,"{'status': 'ok', 'success': True, 'cost': 0.10238323818399239, 'nfev': 5}"
543,-14.168,0.0,14.114411508752573,13.929729586623845,131,"{'status': 'ok', 'success': True, 'cost': 0.10018687546579833, 'nfev': 5}"
544,-14.065,0.0,14.00826132500981,13.909987782737252,133,"{'status': 'ok', 'success': True, 'cost': 0.10191064195550634, 'nfev': 5}"
545,-13.962,0.0,13.906212436183745,13.881991887604201,136,"{'status': 'ok', 'success': True, 'cost': 0.10714158989447214, 'nfev': 5}"
546,-13.86,0.0,13.836369868596204,13.92192167499717,141,"{'status': 'ok', 'success': True, 'cost': 0.10707189532384684, 'nfev': 5}"
547,-13.757,0.0,13.80117865387467,13.827630140110454,135,"{'status': 'ok', 'success': True, 'cost': 0.10381972835120615, 'nfev': 5}"
548,-13.654000000000002,0.0,13.79791831302356,13.675628401836427,137,"{'status': 'ok', 'success': True, 'cost': 0.10631544540836155, 'nfev': 5}"
549,-13.552,0.0,13.596905002249317,13.649622224794149,139,"{'status': 'ok', 'success': True, 'cost': 0.10866858065396132, 'nfev': 5}"
550,-13.449,0.0,13.467535090794412,13.463786971349755,141,"{'status': 'ok', 'success': True, 'cost': 0.10660703242192815, 'nfev': 5}"
551,-13.347,0.0,13.284483509491334,13.400496280152828,140,"{'status': 'ok', 'success': True, 'cost': 0.10488928720559665, 'nfev': 5}"
552,-13.244,0.0,13.150044375172888,13.31846132901614,140,"{'status': 'ok', 'success': True, 'cost': 0.1063322590504692, 'nfev': 5}"
553,-13.141,0.0,13.129615525275199,13.29009907470267,130,"{'status': 'ok', 'success': True, 'cost': 0.09943384612302288, 'nfev': 5}"
554,-13.039,0.0,13.050609954714568,13.111520478265604,128,"{'status': 'ok', 'success': True, 'cost': 0.09731372517632879, 'nfev': 5}"
555,-12.936,0.0,12.838527764548642,13.009139346612903,129,"{'status': 'ok', 'success': True, 'cost': 0.10035301809992554, 'nfev': 5}"
556,-12.833,0.0,12.754133995917638,12.964511887801448,133,"{'status': 'ok', 'success': True, 'cost': 0.10366634184280424, 'nfev': 5}"
557,-12.731,0.0,12.646114301791489,12.904781229904152,131,"{'status': 'ok', 'success': True, 'cost': 0.09929301210571545, 'nfev': 5}"
558,-12.628,0.0,12.441754112133541,12.809542904406856,133,"{'status': 'ok', 'success': True, 'cost': 0.10003303430221894, 'nfev': 5}"
559,-12.526000000000002,0.0,12.335774851609589,12.772520207159095,133,"{'status': 'ok', 'success': True, 'cost': 0.09738828833641736, 'nfev': 5}"
560,-12.423,0.0,12.287455172179044,12.648734263795697,130,"{'status': 'ok', 'success': True, 'cost': 0.09640968519654709, 'nfev': 5}"
561,-12.32,0.0,12.146273531138718,12.568464886607115,135,"{'status': 'ok', 'success': True, 'cost': 0.10086199140817631, 'nfev': 5}"
562,-12.218,0.0,12.07302291886688,12.382290607885354,127,"{'status': 'ok', 'success': True, 'cost': 0.0944027595135324, 'nfev': 5}"
563,-12.115,0.0,11.924731232542984,12.235991678777847,128,"{'status': 'ok', 'success': True, 'cost': 0.09884832115658493, 'nfev': 5}"
564,-12.012,0.0,11.90034450799856,11.966928441388077,132,"{'status': 'ok', 'success': True, 'cost': 0.10560131459106509, 'nfev': 5}"
565,-11.91,0.0,11.835279800864816,11.915406872181801,135,"{'status': 'ok', 'success': True, 'cost': 0.10652616135170734, 'nfev': 5}"
566,-11.807,0.0,11.731630855311883,11.938818587553415,138,"{'status': 'ok', 'success': True, 'cost': 0.10929989228647147, 'nfev': 5}"
567,-11.704,0.0,11.845393014066824,11.581739012483899,130,"{'status': 'ok', 'success': True, 'cost': 0.09984556615014148, 'nfev': 5}"
568,-11.602,0.0,11.688952257470365,11.446662324734653,137,"{'status': 'ok', 'success': True, 'cost': 0.10722048133448214, 'nfev': 5}"
569,-11.499,0.0,11.540077388591612,11.389930555951787,139,"{'status': 'ok', 'success': True, 'cost': 0.10858857016859313, 'nfev': 5}"
570,-11.397,0.0,11.500999548545785,11.143964720888109,138,"{'status': 'ok', 'success': True, 'cost': 0.10702769339207094, 'nfev': 5}"
571,-11.294,0.0,11.42975196490677,11.136142057851865,137,"{'status': 'ok', 'success': True, 'cost': 0.1050759468310668, 'nfev': 5}"
572,-11.191,0.0,11.3054458461591,11.010388968550473,137,"{'status': 'ok', 'success': True, 'cost': 0.10653027733355147, 'nfev': 5}"
573,-11.089000000000002,0.0,11.033511260684492,10.771784027049572,142,"{'status': 'ok', 'success': True, 'cost': 0.10986584058844653, 'nfev': 5}"
574,-10.986,0.0,10.90793541007854,10.59714756620827,139,"{'status': 'ok', 'success': True, 'cost': 0.1047249317531494, 'nfev': 5}"
575,-10.883,0.0,10.841563295624146,10.415995313553246,138,"{'status': 'ok', 'success': True, 'cost': 0.10284849785100851, 'nfev': 5}"
576,-10.781,0.0,10.652115115417436,10.414570909990626,139,"{'status': 'ok', 'success': True, 'cost': 0.10704466069176859, 'nfev': 5}"
577,-10.678,0.0,10.521417113765356,10.187130080285051,140,"{'status': 'ok', 'success': True, 'cost': 0.10596076227264115, 'nfev': 5}"
578,-10.575,0.0,10.496135062849902,10.138088835018438,138,"{'status': 'ok', 'success': True, 'cost': 0.10530090887943486, 'nfev': 5}"
579,-10.473,0.0,10.332196335475455,10.16262836754983,142,"{'status': 'ok', 'success': True, 'cost': 0.10959364342234515, 'nfev': 5}"
580,-10.37,0.0,10.298594168252304,10.130328869927675,141,"{'status': 'ok', 'success': True, 'cost': 0.10994936658784851, 'nfev': 5}"
581,-10.268,0.0,10.254978369231075,10.030201155586896,139,"{'status': 'ok', 'success': True, 'cost': 0.10935092817883288, 'nfev': 5}"
582,-10.165,0.0,10.147212276635875,9.932541176275185,142,"{'status': 'ok', 'success': True, 'cost': 0.11306643601626895, 'nfev': 5}"
583,-10.062,0.0,10.115120983141908,9.865135753438748,140,"{'status': 'ok', 'success': True, 'cost': 0.11115652041057203, 'nfev': 5}"
584,-9.96,0.0,10.060904574028003,9.879029546314726,138,"{'status': 'ok', 'success': True, 'cost': 0.10702541501710602, 'nfev': 5}"
585,-9.857,0.0,9.942771388972995,9.926821460521134,141,"{'status': 'ok', 'success': True, 'cost': 0.1086998340167058, 'nfev': 5}"
586,-9.754,0.0,9.895419782927585,9.873056710246713,135,"{'status': 'ok', 'success': True, 'cost': 0.10350154048842813, 'nfev': 5}"
587,-9.652,0.0,9.724544071636023,9.842242886311562,132,"{'status': 'ok', 'success': True, 'cost': 0.09795899854890963, 'nfev': 5}"
588,-9.549,0.0,9.711273528642442,9.830356726392752,130,"{'status': 'ok', 'success': True, 'cost': 0.09152632039414439, 'nfev': 5}"
589,-9.447,0.0,9.56717369667814,9.673286310407853,127,"{'status': 'ok', 'success': True, 'cost': 0.09029139936943727, 'nfev': 5}"
590,-9.344,0.0,9.289884043430465,9.49499600417956,129,"{'status': 'ok', 'success': True, 'cost': 0.09557012293271472, 'nfev': 5}"
591,-9.241,0.0,9.131103038587511,9.479693096578197,127,"{'status': 'ok', 'success': True, 'cost': 0.09227434417439888, 'nfev': 5}"
592,-9.139,0.0,8.993952770228768,9.526649169681951,121,"{'status': 'ok', 'success': True, 'cost': 0.08905323915821027, 'nfev': 5}"
593,-9.036,0.0,9.015114212821166,9.407437633741786,126,"{'status': 'ok', 'success': True, 'cost': 0.09317819319224764, 'nfev': 5}"
594,-8.933,0.0,8.837124819609942,9.337149187865307,125,"{'status': 'ok', 'success': True, 'cost': 0.0924740400016343, 'nfev': 5}"
595,-8.831,0.0,8.671518232242967,9.130249642940235,129,"{'status': 'ok', 'success': True, 'cost': 0.09316714340729915, 'nfev': 5}"
596,-8.728,0.0,8.458200380462413,9.025460859550995,126,"{'status': 'ok', 'success': True, 'cost': 0.09214047152859439, 'nfev': 5}"
597,-8.625,0.0,8.286225236745217,8.973799371677835,128,"{'status': 'ok', 'success': True, 'cost': 0.09388625543831206, 'nfev': 5}"
598,-8.523,0.0,8.243771002269154,8.864556445994895,131,"{'status': 'ok', 'success': True, 'cost': 0.0941590057715979, 'nfev': 5}"
599,-8.42,0.0,8.186705023970807,8.8234472180158,131,"{'status': 'ok', 'success': True, 'cost': 0.09332378669552337, 'nfev': 5}"
600,-8.318,0.0,8.20769058898102,8.72323096864375,135,"{'status': 'ok', 'success': True, 'cost': 0.10046960588814231, 'nfev': 5}"
601,-8.215,0.0,8.274105215200393,8.55845251876131,136,"{'status': 'ok', 'success': True, 'cost': 0.10453634892504465, 'nfev': 5}"
602,-8.112,0.0,8.091595309792249,8.306200657257346,134,"{'status': 'ok', 'success': True, 'cost': 0.10155950719815564, 'nfev': 5}"
603,-8.01,0.0,8.068127413019981,8.114089956142296,137,"{'status': 'ok', 'success': True, 'cost': 0.10208683220863052, 'nfev': 5}"
604,-7.907000000000001,0.0,7.942504531452332,7.956459127079497,132,"{'status': 'ok', 'success': True, 'cost': 0.09866426993999772, 'nfev': 5}"
605,-7.804,0.0,7.894096426024743,7.769644820930189,131,"{'status': 'ok', 'success': True, 'cost': 0.10112826608223655, 'nfev': 5}"
606,-7.702000000000001,0.0,7.828136481548957,7.708936231896544,128,"{'status': 'ok', 'success': True, 'cost': 0.10025787604569905, 'nfev': 5}"
607,-7.599,0.0,7.7140749095585415,7.499519476081351,138,"{'status': 'ok', 'success': True, 'cost': 0.11074180334501349, 'nfev': 5}"
608,-7.496999999999999,0.0,7.630362751473727,7.416937583073716,134,"{'status': 'ok', 'success': True, 'cost': 0.10464396439156867, 'nfev': 5}"
609,-7.394000000000001,0.0,7.546409578963152,7.245378794984464,139,"{'status': 'ok', 'success': True, 'cost': 0.10699574986482646, 'nfev': 5}"
610,-7.291,0.0,7.44879971753654,7.008951203399411,140,"{'status': 'ok', 'success': True, 'cost': 0.10817144882551002, 'nfev': 5}"
611,-7.189000000000001,0.0,7.363550589878891,6.783015360377539,144,"{'status': 'ok', 'success': True, 'cost': 0.11173105308457298, 'nfev': 5}"
612,-7.086,0.0,7.211335785667782,6.681029097694527,143,"{'status': 'ok', 'success': True, 'cost': 0.11137683035374615, 'nfev': 5}"
613,-6.9830000000000005,0.0,6.974372454277567,6.484649025105567,141,"{'status': 'ok', 'success': True, 'cost': 0.11158535254405287, 'nfev': 5}"
614,-6.881,0.0,6.96505596910506,6.263618842593019,147,"{'status': 'ok', 'success': True, 'cost': 0.11419409825307816, 'nfev': 5}"
615,-6.778,0.0,6.77605698610918,6.115851029277285,149,"{'status': 'ok', 'success': True, 'cost': 0.10929339883509914, 'nfev': 5}"
616,-6.675,0.0,6.663752127132741,5.987262990810017,153,"{'status': 'ok', 'success': True, 'cost': 0.11724124819599119, 'nfev': 5}"
617,-6.573,0.0,6.604432706949215,5.8971905624819545,154,"{'status': 'ok', 'success': True, 'cost': 0.11468779366228857, 'nfev': 5}"
618,-6.47,0.0,6.530356670502687,5.77831725714539,156,"{'status': 'ok', 'success': True, 'cost': 0.12101241757022807, 'nfev': 5}"
619,-6.368,0.0,6.491969178503824,5.597949745791484,155,"{'status': 'ok', 'success': True, 'cost': 0.12144577804808401, 'nfev': 5}"
620,-6.265,0.0,6.356886867747759,5.632849959645811,155,"{'status': 'ok', 'success': True, 'cost': 0.12088943305809177, 'nfev': 5}"
621,-6.162,0.0,6.355555240442126,5.697944605751609,150,"{'status': 'ok', 'success': True, 'cost': 0.11668467553012556, 'nfev': 5}"
622,-6.06,0.0,6.196988960216309,5.677119579527743,146,"{'status': 'ok', 'success': True, 'cost': 0.11550122282183893, 'nfev': 5}"
623,-5.957,0.0,6.075621530292767,5.69176421216385,143,"{'status': 'ok', 'success': True, 'cost': 0.112477573930159, 'nfev': 5}"
624,-5.854,0.0,6.054914393008999,5.621320733887907,140,"{'status': 'ok', 'success': True, 'cost': 0.10684024019991811, 'nfev': 5}"
625,-5.752,0.0,5.9074431143679105,5.666342533884936,139,"{'status': 'ok', 'success': True, 'cost': 0.10770160947498073, 'nfev': 5}"
626,-5.649,0.0,5.731719944523661,5.727799803192477,130,"{'status': 'ok', 'success': True, 'cost': 0.10064633602943507, 'nfev': 5}"
627,-5.546000000000001,0.0,5.53211290327858,5.668357771355521,130,"{'status': 'ok', 'success': True, 'cost': 0.09831039390432343, 'nfev': 5}"
628,-5.444,0.0,5.398724371978061,5.627455133977189,123,"{'status': 'ok', 'success': True, 'cost': 0.09134094207537634, 'nfev': 5}"
629,-5.341,0.0,5.162992272591137,5.741155188197713,120,"{'status': 'ok', 'success': True, 'cost': 0.08703472293308458, 'nfev': 5}"
630,-5.239,0.0,4.899414826248952,5.660869489937201,122,"{'status': 'ok', 'success': True, 'cost': 0.08882149119147999, 'nfev': 5}"
631,-5.136,0.0,4.777552711240335,5.803379123838733,119,"{'status': 'ok', 'success': True, 'cost': 0.08500436579810766, 'nfev': 5}"
632,-5.033,0.0,4.578390800771529,5.8902798277195005,112,"{'status': 'ok', 'success': True, 'cost': 0.0781769353547675, 'nfev': 5}"
633,-4.931,0.0,4.386196992618145,6.182623201640514,109,"{'status': 'ok', 'success': True, 'cost': 0.0712921648565242, 'nfev': 5}"
634,-4.828,0.0,4.238270839317902,6.055483700892062,113,"{'status': 'ok', 'success': True, 'cost': 0.07347307562222992, 'nfev': 5}"
635,-4.725,0.0,3.9846669311794627,6.296661433574539,108,"{'status': 'ok', 'success': True, 'cost': 0.06590340756145277, 'nfev': 5}"
636,-4.623,0.0,3.9439159889005695,6.185119027361677,110,"{'status': 'ok', 'success': True, 'cost': 0.0680221782546838, 'nfev': 5}"
637,-4.52,0.0,3.822555512605355,6.105380501936706,115,"{'status': 'ok', 'success': True, 'cost': 0.07048161341023522, 'nfev': 5}"
638,-4.418,0.0,3.7160620162261875,6.043989770651573,115,"{'status': 'ok', 'success': True, 'cost': 0.0737039550061994, 'nfev': 5}"
639,-4.315,0.0,3.5272819949515988,5.838391433766648,110,"{'status': 'ok', 'success': True, 'cost': 0.06861818075599276, 'nfev': 5}"
640,-4.212,0.0,3.394390541661664,5.6318135405923595,111,"{'status': 'ok', 'success': True, 'cost': 0.06918479165656302, 'nfev': 5}"
641,-4.11,0.0,3.2324717157584364,5.409572790221797,113,"{'status': 'ok', 'success': True, 'cost': 0.07484611886985908, 'nfev': 5}"
642,-4.007,0.0,3.211615553080122,5.207169834449998,114,"{'status': 'ok', 'success': True, 'cost': 0.0782417461467728, 'nfev': 5}"
643,-3.904,0.0,3.244493957569393,5.08099958628714,107,"{'status': 'ok', 'success': True, 'cost': 0.07488480558658292, 'nfev': 5}"
644,-3.802,0.0,3.264065554084114,4.813991088540617,109,"{'status': 'ok', 'success': True, 'cost': 0.07678751118086456, 'nfev': 5}"
645,-3.699,0.0,3.127340208784701,4.582870821664444,112,"{'status': 'ok', 'success': True, 'cost': 0.08344125383934872, 'nfev': 5}"
646,-3.5960000000000005,0.0,3.0119837632702984,4.401649055742292,117,"{'status': 'ok', 'success': True, 'cost': 0.08554552475121814, 'nfev': 5}"
647,-3.494,0.0,2.8917452298193966,4.357908931839756,115,"{'status': 'ok', 'success': True, 'cost': 0.08497934413679943, 'nfev': 5}"
648,-3.391,0.0,2.9127025547804393,4.066739241385754,114,"{'status': 'ok', 'success': True, 'cost': 0.0837656222682811, 'nfev': 4}"
649,-3.289,0.0,2.796786407519603,3.787312307006778,117,"{'status': 'ok', 'success': True, 'cost': 0.0887319699098362, 'nfev': 4}"
650,-3.186,0.0,2.7551969129264857,3.60096416638068,115,"{'status': 'ok', 'success': True, 'cost': 0.08611093512066191, 'nfev': 4}"
651,-3.083,0.0,2.612640610705768,3.454844328595646,118,"{'status': 'ok', 'success': True, 'cost': 0.08893642603775395, 'nfev': 4}"
652,-2.981,0.0,2.6159333008907772,3.2399977872389862,117,"{'status': 'ok', 'success': True, 'cost': 0.0921780955850657, 'nfev': 4}"
653,-2.878,0.0,2.6423432574181818,3.082503976420942,116,"{'status': 'ok', 'success': True, 'cost': 0.08863815531161835, 'nfev': 4}"
654,-2.775,0.0,2.497848627861587,2.9525500668854936,119,"{'status': 'ok', 'success': True, 'cost': 0.09346706416010755, 'nfev': 4}"
655,-2.673,0.0,2.6445242456352127,2.570583875886289,121,"{'status': 'ok', 'success': True, 'cost': 0.09212613757297612, 'nfev': 4}"
656,-2.57,0.0,2.754457809761761,2.198288787925565,123,"{'status': 'ok', 'success': True, 'cost': 0.09199279584750336, 'nfev': 4}"
657,-2.467,0.0,2.7709836457266035,1.9855859781379146,123,"{'status': 'ok', 'success': True, 'cost': 0.09050122276665869, 'nfev': 4}"
658,-2.365,0.0,2.604954630488346,1.9545199813499279,128,"{'status': 'ok', 'success': True, 'cost': 0.0946781818052537, 'nfev': 4}"
659,-2.262,0.0,2.462245935670836,1.8448673422755573,134,"{'status': 'ok', 'success': True, 'cost': 0.09925594313997932, 'nfev': 4}"
660,-2.16,0.0,2.512967334590522,1.5732709962864393,140,"{'status': 'ok', 'success': True, 'cost': 0.10342589385832737, 'nfev': 4}"
661,-2.057,0.0,2.4295710552610705,1.5548513091593306,141,"{'status': 'ok', 'success': True, 'cost': 0.1062240444568038, 'nfev': 4}"
662,-1.954,0.0,2.597876103973444,1.3243342893321177,150,"{'status': 'ok', 'success': True, 'cost': 0.11432211098283096, 'nfev': 4}"
663,-1.852,0.0,2.468861784912609,1.1851250994366207,160,"{'status': 'ok', 'success': True, 'cost': 0.12073652653813585, 'nfev': 4}"
664,-1.749,0.0,2.3969965040309638,1.0470566852752163,160,"{'status': 'ok', 'success': True, 'cost': 0.12163202522205993, 'nfev': 4}"
665,-1.6460000000000001,0.0,2.28592770627107,0.9453069816822479,166,"{'status': 'ok', 'success': True, 'cost': 0.12719241923996333, 'nfev': 4}"
666,-1.544,0.0,2.336883772374192,0.80717370796107,169,"{'status': 'ok', 'success': True, 'cost': 0.1243429814271601, 'nfev': 4}"
667,-1.441,0.0,2.330740502940915,0.734313305229359,177,"{'status': 'ok', 'success': True, 'cost': 0.12617315889254654, 'nfev': 4}"
668,-1.339,0.0,2.2911052338570053,0.668996616885033,181,"{'status': 'ok', 'success': True, 'cost': 0.12417348211801699, 'nfev': 4}"
669,-1.236,0.0,2.181916126860339,0.6135540178067462,182,"{'status': 'ok', 'success': True, 'cost': 0.1261313474497487, 'nfev': 4}"
670,-1.133,0.0,2.080531832942135,0.5962204115815932,185,"{'status': 'ok', 'success': True, 'cost': 0.1280677495019149, 'nfev': 4}"
671,-1.031,0.0,2.0224169220026944,0.47172034079452874,182,"{'status': 'ok', 'success': True, 'cost': 0.12141915316515202, 'nfev': 4}"
672,-0.928,0.0,1.8600507349073612,0.4189372315874339,187,"{'status': 'ok', 'success': True, 'cost': 0.12805398648890165, 'nfev': 4}"
673,-0.825,0.0,1.6851851692756576,0.3033090938417263,194,"{'status': 'ok', 'success': True, 'cost': 0.13193521256502244, 'nfev': 4}"
674,-0.723,0.0,1.5715629800387496,0.3258962275474392,198,"{'status': 'ok', 'success': True, 'cost': 0.13393245488777855, 'nfev': 4}"
675,-0.62,0.0,1.4562404565093219,0.26935189729028053,198,"{'status': 'ok', 'success': True, 'cost': 0.13322643116315336, 'nfev': 4}"
676,-0.517,0.0,1.4001446761905547,0.27032597670179914,195,"{'status': 'ok', 'success': True, 'cost': 0.12933556402619228, 'nfev': 4}"
677,-0.415,0.0,1.2853649709692494,0.10797881396855953,192,"{'status': 'ok', 'success': True, 'cost': 0.12287949489160477, 'nfev': 4}"
678,-0.312,0.0,1.1768548525796858,-0.01572341725675099,195,"{'status': 'ok', 'success': True, 'cost': 0.12166020473938136, 'nfev': 4}"
679,-0.21000000000000002,0.0,1.0511100984777857,-0.09806608392361561,193,"{'status': 'ok', 'success': True, 'cost': 0.12343965847866648, 'nfev': 4}"
680,-0.107,0.0,0.9304994340927338,-0.16649897799771138,193,"{'status': 'ok', 'success': True, 'cost': 0.12064293898873649, 'nfev': 4}"
681,-0.004,0.0,0.7913477735269091,-0.1854463774235295,195,"{'status': 'ok', 'success': True, 'cost': 0.12465422651294081, 'nfev': 4}"
682,0.098,0.0,0.5992372696425284,-0.2527406327499903,200,"{'status': 'ok', 'success': True, 'cost': 0.1307440919262196, 'nfev': 4}"
683,0.201,0.0,0.5424909696960123,-0.2726394945901793,201,"{'status': 'ok', 'success': True, 'cost': 0.12952065739567153, 'nfev': 4}"
684,0.304,0.0,0.4345465708372432,-0.4777327816951546,194,"{'status': 'ok', 'success': True, 'cost': 0.12320953766862246, 'nfev': 4}"
685,0.406,0.0,0.342641687186405,-0.5515098970932981,192,"{'status': 'ok', 'success': True, 'cost': 0.1218824348305797, 'nfev': 4}"
686,0.509,0.0,0.21619962446490332,-0.6425325408674892,190,"{'status': 'ok', 'success': True, 'cost': 0.11840635525917563, 'nfev': 4}"
687,0.612,0.0,0.1005586790722154,-0.6264749226464926,193,"{'status': 'ok', 'success': True, 'cost': 0.12174400105100161, 'nfev': 4}"
688,0.714,0.0,-0.012277299595434055,-0.8151104557627292,196,"{'status': 'ok', 'success': True, 'cost': 0.12569310292554647, 'nfev': 4}"
689,0.817,0.0,-0.07883886265260927,-0.8186315383369321,198,"{'status': 'ok', 'success': True, 'cost': 0.12556366894141374, 'nfev': 4}"
690,0.919,0.0,-0.11224096308970159,-0.8366485760467193,200,"{'status': 'ok', 'success': True, 'cost': 0.12248688069220387, 'nfev': 4}"
691,1.022,0.0,-0.17919464189471723,-0.9903692750224062,195,"{'status': 'ok', 'success': True, 'cost': 0.11741711371385144, 'nfev': 4}"
692,1.125,0.0,-0.24710730937540293,-1.1145451289576365,196,"{'status': 'ok', 'success': True, 'cost': 0.11935420696985635, 'nfev': 4}"
693,1.227,0.0,-0.3400997035136735,-1.2180706900489247,193,"{'status': 'ok', 'success': True, 'cost': 0.1214040602240685, 'nfev': 4}"
694,1.33,0.0,-0.5248034997303042,-1.1518302185358298,195,"{'status': 'ok', 'success': True, 'cost': 0.12389084865501777, 'nfev': 4}"
695,1.433,0.0,-0.631378442853483,-1.1471487627101933,198,"{'status': 'ok', 'success': True, 'cost': 0.12563321293181762, 'nfev': 4}"
696,1.535,0.0,-0.7315321680157777,-1.2553378543645384,196,"{'status': 'ok', 'success': True, 'cost': 0.12727514418915034, 'nfev': 4}"
697,1.638,0.0,-0.8533929526383879,-1.2237583025910257,196,"{'status': 'ok', 'success': True, 'cost': 0.12500895905868117, 'nfev': 4}"
698,1.7400000000000002,0.0,-0.8638255505065935,-1.4477188103132999,198,"{'status': 'ok', 'success': True, 'cost': 0.12848160677283146, 'nfev': 4}"
699,1.8430000000000002,0.0,-0.9741465890085134,-1.4988403491487476,191,"{'status': 'ok', 'success': True, 'cost': 0.12582584845303985, 'nfev': 4}"
700,1.946,0.0,-1.0765958189600058,-1.5557782495939487,188,"{'status': 'ok', 'success': True, 'cost': 0.12154186464564132, 'nfev': 4}"
701,2.048,0.0,-1.1655278512196552,-1.5331628834765638,191,"{'status': 'ok', 'success': True, 'cost': 0.12356974763018083, 'nfev': 4}"
702,2.1510000000000002,0.0,-1.268991019365453,-1.6141567152772434,186,"{'status': 'ok', 'success': True, 'cost': 0.1237287769591029, 'nfev': 4}"
703,2.254,0.0,-1.3879245076479818,-1.7323440956629108,191,"{'status': 'ok', 'success': True, 'cost': 0.13002149775127214, 'nfev': 4}"
704,2.356,0.0,-1.5252831007426826,-1.7478923817771546,188,"{'status': 'ok', 'success': True, 'cost': 0.13069916993263211, 'nfev': 4}"
705,2.459,0.0,-1.6431528946787384,-1.8353946886445052,184,"{'status': 'ok', 'success': True, 'cost': 0.12997611523616395, 'nfev': 4}"
706,2.562,0.0,-1.7318432266503632,-1.8861174049793816,181,"{'status': 'ok', 'success': True, 'cost': 0.1239635039863666, 'nfev': 4}"
707,2.664,0.0,-1.788314709892543,-1.9388942749849953,175,"{'status': 'ok', 'success': True, 'cost': 0.12018064589882313, 'nfev': 4}"
708,2.767,0.0,-1.9356402970861741,-1.9920980295100237,169,"{'status': 'ok', 'success': True, 'cost': 0.11997528208512213, 'nfev': 4}"
709,2.869,0.0,-2.0466377003587795,-2.1748018140316074,173,"{'status': 'ok', 'success': True, 'cost': 0.127488245985793, 'nfev': 4}"
710,2.972,0.0,-2.265733485753526,-2.269717297846325,167,"{'status': 'ok', 'success': True, 'cost': 0.12463894082126653, 'nfev': 4}"
711,3.075,0.0,-2.3458954427292786,-2.3667269800179973,162,"{'status': 'ok', 'success': True, 'cost': 0.12106442422823328, 'nfev': 4}"
712,3.177,0.0,-2.5614617295171977,-2.4528026114106383,155,"{'status': 'ok', 'success': True, 'cost': 0.11512627278728517, 'nfev': 4}"
713,3.28,0.0,-2.6701137724637682,-2.533852109551226,147,"{'status': 'ok', 'success': True, 'cost': 0.10958640205250803, 'nfev': 4}"
714,3.383,0.0,-2.910846739237479,-2.799100588570991,140,"{'status': 'ok', 'success': True, 'cost': 0.10542707833652404, 'nfev': 4}"
715,3.485,0.0,-3.10630557480237,-2.9798454615307004,136,"{'status': 'ok', 'success': True, 'cost': 0.10364100929694145, 'nfev': 4}"
716,3.5879999999999996,0.0,-3.3986382169105127,-3.16647072404166,133,"{'status': 'ok', 'success': True, 'cost': 0.10355772812815385, 'nfev': 5}"
717,3.6900000000000004,0.0,-3.560479674334087,-3.327532035423737,129,"{'status': 'ok', 'success': True, 'cost': 0.09977461785754317, 'nfev': 5}"
718,3.7930000000000006,0.0,-3.66380482519537,-3.4449921685751534,123,"{'status': 'ok', 'success': True, 'cost': 0.0925520656721615, 'nfev': 4}"
719,3.896,0.0,-3.9271116093321563,-3.68349264441664,119,"{'status': 'ok', 'success': True, 'cost': 0.09102337466453048, 'nfev': 5}"
720,3.9980000000000007,0.0,-4.087577067139044,-3.850954481393846,117,"{'status': 'ok', 'success': True, 'cost': 0.08872352175212389, 'nfev': 5}"
721,4.101,0.0,-4.2773936090339335,-4.217755956742283,121,"{'status': 'ok', 'success': True, 'cost': 0.0918011403414882, 'nfev': 5}"
722,4.204,0.0,-4.421038397010349,-4.326161766958808,118,"{'status': 'ok', 'success': True, 'cost': 0.0906042066527879, 'nfev': 5}"
723,4.306,0.0,-4.620897608647812,-4.584924683667492,117,"{'status': 'ok', 'success': True, 'cost': 0.092123222215116, 'nfev': 5}"
724,4.409,0.0,-4.833442531140015,-4.8153141982154155,118,"{'status': 'ok', 'success': True, 'cost': 0.08779770461951822, 'nfev': 5}"
725,4.512,0.0,-4.925168334951863,-5.053468288132402,115,"{'status': 'ok', 'success': True, 'cost': 0.08803201784785207, 'nfev': 5}"
726,4.614,0.0,-5.020469907196917,-5.167602596835141,117,"{'status': 'ok', 'success': True, 'cost': 0.0906846891864227, 'nfev': 5}"
727,4.717,0.0,-5.112427437742805,-5.364214430128991,114,"{'status': 'ok', 'success': True, 'cost': 0.08422210655630293, 'nfev': 5}"
728,4.819,0.0,-5.267384960236573,-5.548456153118626,113,"{'status': 'ok', 'success': True, 'cost': 0.08444697479131615, 'nfev': 5}"
729,4.922,0.0,-5.434309028932099,-5.742501707155278,115,"{'status': 'ok', 'success': True, 'cost': 0.08453301384048131, 'nfev': 5}"
730,5.025,0.0,-5.5764069837085755,-6.015666050715491,115,"{'status': 'ok', 'success': True, 'cost': 0.08318632926619676, 'nfev': 5}"
731,5.127,0.0,-5.888746190275309,-6.3307300629752525,114,"{'status': 'ok', 'success': True, 'cost': 0.08141446091264995, 'nfev': 5}"
732,5.23,0.0,-6.02059002279231,-6.529069839059735,116,"{'status': 'ok', 'success': True, 'cost': 0.07945367401700708, 'nfev': 5}"
733,5.333,0.0,-6.2419035838987496,-6.637277869597185,116,"{'status': 'ok', 'success': True, 'cost': 0.07542855214387943, 'nfev': 5}"
734,5.435,0.0,-6.454614444759139,-6.701196720337709,115,"{'status': 'ok', 'success': True, 'cost': 0.0733856836373778, 'nfev': 5}"
735,5.538,0.0,-6.564597897424501,-6.931294624187668,114,"{'status': 'ok', 'success': True, 'cost': 0.07175282177012304, 'nfev': 5}"
736,5.641,0.0,-6.629792758935438,-7.025623234215837,108,"{'status': 'ok', 'success': True, 'cost': 0.06762010802982017, 'nfev': 5}"
737,5.743,0.0,-6.667755304107858,-7.222860285533052,109,"{'status': 'ok', 'success': True, 'cost': 0.06880463198552728, 'nfev': 5}"
738,5.846,0.0,-6.76698809707783,-7.441401093418149,110,"{'status': 'ok', 'success': True, 'cost': 0.06819955459785904, 'nfev': 5}"
739,5.948000000000001,0.0,-6.779603512546729,-7.623802383671365,101,"{'status': 'ok', 'success': True, 'cost': 0.06324153623637067, 'nfev': 5}"
740,6.051,0.0,-6.885294353619312,-7.519596902382575,106,"{'status': 'ok', 'success': True, 'cost': 0.06691580307949276, 'nfev': 5}"
741,6.154,0.0,-6.894465988459708,-7.30832914763413,111,"{'status': 'ok', 'success': True, 'cost': 0.07234833265186105, 'nfev': 5}"
742,6.256,0.0,-6.853184647602191,-7.1607742368560645,116,"{'status': 'ok', 'success': True, 'cost': 0.08022864563536207, 'nfev': 5}"
743,6.359,0.0,-6.90752892595244,-7.040899199959004,123,"{'status': 'ok', 'success': True, 'cost': 0.08602497878027321, 'nfev': 5}"
744,6.462,0.0,-6.766146466805831,-7.141999290472467,127,"{'status': 'ok', 'success': True, 'cost': 0.09109891419288896, 'nfev': 5}"
745,6.564000000000001,0.0,-6.764229500816206,-7.0150053515463995,127,"{'status': 'ok', 'success': True, 'cost': 0.09254547336538624, 'nfev': 5}"
746,6.667,0.0,-6.821602311683487,-6.889112835011603,124,"{'status': 'ok', 'success': True, 'cost': 0.09221444134553475, 'nfev': 5}"
747,6.769,0.0,-6.930186061059018,-7.000556479415749,131,"{'status': 'ok', 'success': True, 'cost': 0.09794423739683603, 'nfev': 5}"
748,6.872,0.0,-7.04372121578955,-6.987341906427379,136,"{'status': 'ok', 'success': True, 'cost': 0.10384725247120505, 'nfev': 5}"
749,6.975,0.0,-7.117256938048608,-6.880295765846289,136,"{'status': 'ok', 'success': True, 'cost': 0.10446647350258857, 'nfev': 5}"
750,7.077,0.0,-7.174348160462762,-6.794204823811503,138,"{'status': 'ok', 'success': True, 'cost': 0.1042213595690479, 'nfev': 5}"
751,7.180000000000001,0.0,-7.111379931052344,-6.792456688998795,145,"{'status': 'ok', 'success': True, 'cost': 0.11052871072662179, 'nfev': 5}"
752,7.283,0.0,-7.088506103474645,-6.883119384055682,146,"{'status': 'ok', 'success': True, 'cost': 0.11053633795388158, 'nfev': 5}"
753,7.385,0.0,-7.200909754924134,-6.8278815977277585,145,"{'status': 'ok', 'success': True, 'cost': 0.10951975071746228, 'nfev': 5}"
754,7.488,0.0,-7.261235492491413,-6.786290837020972,144,"{'status': 'ok', 'success': True, 'cost': 0.1097137095741679, 'nfev': 5}"
755,7.591000000000001,0.0,-7.394616991731751,-6.850685448535247,152,"{'status': 'ok', 'success': True, 'cost': 0.11543264248973008, 'nfev': 5}"
756,7.6930000000000005,0.0,-7.498473947881954,-6.964747081895167,156,"{'status': 'ok', 'success': True, 'cost': 0.11842425703085957, 'nfev': 5}"
757,7.796000000000001,0.0,-7.6038013816907695,-7.2325327934948165,154,"{'status': 'ok', 'success': True, 'cost': 0.12104317791847433, 'nfev': 5}"
758,7.898000000000001,0.0,-7.8304372972528995,-7.410927405376864,155,"{'status': 'ok', 'success': True, 'cost': 0.11923307134485112, 'nfev': 5}"
759,8.001,0.0,-7.93275418400359,-7.563216549272677,153,"{'status': 'ok', 'success': True, 'cost': 0.12086127337162542, 'nfev': 5}"
760,8.104,0.0,-8.00144398429059,-7.68026106818194,147,"{'status': 'ok', 'success': True, 'cost': 0.11416052893301488, 'nfev': 5}"
761,8.206,0.0,-8.097095294280528,-7.788053014590752,143,"{'status': 'ok', 'success': True, 'cost': 0.10661943789402924, 'nfev': 5}"
762,8.309,0.0,-8.15200681361567,-7.8410004755459175,138,"{'status': 'ok', 'success': True, 'cost': 0.10496137357394629, 'nfev': 5}"
763,8.412,0.0,-8.230106423731026,-8.00563205792611,135,"{'status': 'ok', 'success': True, 'cost': 0.10199397329165731, 'nfev': 5}"
764,8.514,0.0,-8.395633426353916,-8.208606579844924,133,"{'status': 'ok', 'success': True, 'cost': 0.09921927291807184, 'nfev': 5}"
765,8.617,0.0,-8.53359483621313,-8.225543477833826,137,"{'status': 'ok', 'success': True, 'cost': 0.10204558800656212, 'nfev': 5}"
766,8.72,0.0,-8.68501215708526,-8.490310979905402,133,"{'status': 'ok', 'success': True, 'cost': 0.1016166632517014, 'nfev': 5}"
767,8.822,0.0,-8.815918455813307,-8.6418934553481,131,"{'status': 'ok', 'success': True, 'cost': 0.10061054161784455, 'nfev': 5}"
768,8.925,0.0,-8.945398434098157,-8.975580968793162,137,"{'status': 'ok', 'success': True, 'cost': 0.10554578960993968, 'nfev': 5}"
769,9.027,0.0,-9.100199631118462,-9.184793489891613,140,"{'status': 'ok', 'success': True, 'cost': 0.10797667564597832, 'nfev': 5}"
770,9.13,0.0,-9.175949082028072,-9.295465099987084,138,"{'status': 'ok', 'success': True, 'cost': 0.10496274371247385, 'nfev': 5}"
771,9.233,0.0,-9.334689235277233,-9.446389762327865,134,"{'status': 'ok', 'success': True, 'cost': 0.09981032057351241, 'nfev': 5}"
772,9.335,0.0,-9.49615542852354,-9.577116523769803,132,"{'status': 'ok', 'success': True, 'cost': 0.09813397007231892, 'nfev': 5}"
773,9.438,0.0,-9.577475919372858,-9.66516282934945,130,"{'status': 'ok', 'success': True, 'cost': 0.09786880634906878, 'nfev': 5}"
774,9.541,0.0,-9.59889901723518,-9.897510802611826,126,"{'status': 'ok', 'success': True, 'cost': 0.09656152029115246, 'nfev': 5}"
775,9.643000000000002,0.0,-9.606634031462509,-9.911705790957052,128,"{'status': 'ok', 'success': True, 'cost': 0.09731469206302856, 'nfev': 5}"
776,9.746,0.0,-9.858262904154675,-10.045583905856999,132,"{'status': 'ok', 'success': True, 'cost': 0.10138562087066097, 'nfev': 5}"
777,9.848,0.0,-9.976221026857203,-10.443636077228732,128,"{'status': 'ok', 'success': True, 'cost': 0.0926151391846843, 'nfev': 5}"
778,9.951,0.0,-10.111133723616915,-10.512401253502668,127,"{'status': 'ok', 'success': True, 'cost': 0.09253438602324221, 'nfev': 5}"
779,10.054,0.0,-10.29110149084763,-10.72756703505702,128,"{'status': 'ok', 'success': True, 'cost': 0.0905173635701362, 'nfev': 5}"
780,10.156,0.0,-10.45239763755517,-10.703098077700538,136,"{'status': 'ok', 'success': True, 'cost': 0.09539560668902622, 'nfev': 5}"
781,10.259,0.0,-10.564521706286797,-10.809690833510066,133,"{'status': 'ok', 'success': True, 'cost': 0.09305495648041874, 'nfev': 5}"
782,10.362,0.0,-10.759850562536535,-10.906213781971923,133,"{'status': 'ok', 'success': True, 'cost': 0.09136719429816109, 'nfev': 5}"
783,10.464,0.0,-10.707796642518689,-10.881505776975152,135,"{'status': 'ok', 'success': True, 'cost': 0.09279857376137038, 'nfev': 5}"
784,10.567,0.0,-10.697796896037657,-10.724476343460287,131,"{'status': 'ok', 'success': True, 'cost': 0.09320383319170938, 'nfev': 5}"
785,10.67,0.0,-10.780356445870066,-10.795796112869375,129,"{'status': 'ok', 'success': True, 'cost': 0.09271314684676193, 'nfev': 5}"
786,10.772,0.0,-10.901019927130772,-10.870836402482139,130,"{'status': 'ok', 'success': True, 'cost': 0.09151489824232775, 'nfev': 5}"
787,10.875,0.0,-10.828861708057971,-10.902445008209613,132,"{'status': 'ok', 'success': True, 'cost': 0.09471396867506605, 'nfev': 5}"
788,10.977,0.0,-10.940766836368068,-11.110723559248012,133,"{'status': 'ok', 'success': True, 'cost': 0.09748988739444481, 'nfev': 5}"
789,11.080000000000002,0.0,-11.06489115915042,-11.086669836371124,132,"{'status': 'ok', 'success': True, 'cost': 0.09580759486945656, 'nfev': 5}"
790,11.183,0.0,-11.18151358953027,-11.132392569498798,134,"{'status': 'ok', 'success': True, 'cost': 0.09860532965755107, 'nfev': 5}"
791,11.285,0.0,-11.25980610536746,-11.21213162455073,133,"{'status': 'ok', 'success': True, 'cost': 0.09991849552467622, 'nfev': 5}"
792,11.388,0.0,-11.378288321728412,-11.249086407849067,140,"{'status': 'ok', 'success': True, 'cost': 0.1077423364322738, 'nfev': 5}"
793,11.491,0.0,-11.365631507164432,-11.221522958341001,139,"{'status': 'ok', 'success': True, 'cost': 0.10588260284076366, 'nfev': 5}"
794,11.593,0.0,-11.564382895764437,-11.173088649716599,141,"{'status': 'ok', 'success': True, 'cost': 0.10835184914254056, 'nfev': 5}"
795,11.696,0.0,-11.719236691491817,-11.221990012785245,130,"{'status': 'ok', 'success': True, 'cost': 0.09744050026455583, 'nfev': 5}"
796,11.799,0.0,-11.799335525999886,-11.275312943166668,131,"{'status': 'ok', 'success': True, 'cost': 0.09977953105912976, 'nfev': 5}"
797,11.901,0.0,-11.896945847138033,-11.412843851604181,133,"{'status': 'ok', 'success': True, 'cost': 0.10468332834011035, 'nfev': 5}"
798,12.004,0.0,-11.93798446373344,-11.590211181480047,128,"{'status': 'ok', 'success': True, 'cost': 0.09771928410437906, 'nfev': 5}"
799,12.106,0.0,-12.032581787390397,-11.822543139957059,133,"{'status': 'ok', 'success': True, 'cost': 0.10416801969308967, 'nfev': 5}"
800,12.209,0.0,-12.132722478369589,-11.880096757272275,131,"{'status': 'ok', 'success': True, 'cost': 0.09789907519720413, 'nfev': 5}"
801,12.312000000000001,0.0,-12.244010741150216,-11.863906375815978,132,"{'status': 'ok', 'success': True, 'cost': 0.09782134077055299, 'nfev': 5}"
802,12.414,0.0,-12.31458532233658,-12.114656550219044,137,"{'status': 'ok', 'success': True, 'cost': 0.10224123177837785, 'nfev': 5}"
803,12.517,0.0,-12.43325810839645,-12.143406416660547,131,"{'status': 'ok', 'success': True, 'cost': 0.09653276016524712, 'nfev': 5}"
804,12.62,0.0,-12.743766690079548,-12.478348674072867,130,"{'status': 'ok', 'success': True, 'cost': 0.09495288644322894, 'nfev': 5}"
805,12.722,0.0,-12.701205315147389,-12.621693660036174,135,"{'status': 'ok', 'success': True, 'cost': 0.09972162000624027, 'nfev': 5}"
806,12.825,0.0,-12.872122970170498,-12.838342247135907,140,"{'status': 'ok', 'success': True, 'cost': 0.10940658288424628, 'nfev': 5}"
807,12.927,0.0,-12.98663032913813,-13.022012916232276,146,"{'status': 'ok', 'success': True, 'cost': 0.1175152994774382, 'nfev': 5}"
808,13.03,0.0,-13.101814496777463,-13.076713885430122,142,"{'status': 'ok', 'success': True, 'cost': 0.11062899036368906, 'nfev': 5}"
809,13.133,0.0,-13.127802210515835,-13.256627498043017,139,"{'status': 'ok', 'success': True, 'cost': 0.10367892784436303, 'nfev': 5}"
810,13.235,0.0,-13.275668593367952,-13.304686973178265,138,"{'status': 'ok', 'success': True, 'cost': 0.10177502315924976, 'nfev': 5}"
811,13.338,0.0,-13.326566661407355,-13.385851848128693,135,"{'status': 'ok', 'success': True, 'cost': 0.1001641401410911, 'nfev': 5}"
812,13.441,0.0,-13.323489707536202,-13.385757747409807,133,"{'status': 'ok', 'success': True, 'cost': 0.09945929136467223, 'nfev': 5}"
813,13.543,0.0,-13.436988608266045,-13.603074941694636,131,"{'status': 'ok', 'success': True, 'cost': 0.09675384351618825, 'nfev': 5}"
814,13.646,0.0,-13.557878587213317,-13.781664376836948,130,"{'status': 'ok', 'success': True, 'cost': 0.09797787788377052, 'nfev': 5}"
815,13.749,0.0,-13.725492472074105,-13.996123849776517,126,"{'status': 'ok', 'success': True, 'cost': 0.09397976744889146, 'nfev': 5}"
816,13.851,0.0,-13.841044646308728,-14.101993339687422,122,"{'status': 'ok', 'success': True, 'cost': 0.08808781710206938, 'nfev': 5}"
817,13.954,0.0,-13.880954892656641,-14.172281923186494,126,"{'status': 'ok', 'success': True, 'cost': 0.09223874617999266, 'nfev': 5}"
818,14.056,0.0,-14.022280488088828,-14.32400309510252,128,"{'status': 'ok', 'success': True, 'cost': 0.09328096732222435, 'nfev': 5}"
819,14.159,0.0,-14.22653993877989,-14.488531582874273,133,"{'status': 'ok', 'success': True, 'cost': 0.09839348265825038, 'nfev': 5}"
820,14.262,0.0,-14.39096455610017,-14.47174861291944,135,"{'status': 'ok', 'success': True, 'cost': 0.10072596468102975, 'nfev': 5}"
821,14.363999999999999,0.0,-14.46247544836237,-14.768420911076873,140,"{'status': 'ok', 'success': True, 'cost': 0.10422048981965262, 'nfev': 5}"
822,14.467000000000002,0.0,-14.514605659279017,-14.770315047902775,133,"{'status': 'ok', 'success': True, 'cost': 0.09937844786904954, 'nfev': 5}"
823,14.57,0.0,-14.65440828393183,-14.847201367197233,136,"{'status': 'ok', 'success': True, 'cost': 0.10215025864192165, 'nfev': 5}"
824,14.672,0.0,-14.710280962326431,-14.976567921698466,135,"{'status': 'ok', 'success': True, 'cost': 0.09885494409340187, 'nfev': 5}"
825,14.775,0.0,-14.77059220649876,-15.06268446262676,134,"{'status': 'ok', 'success': True, 'cost': 0.09626477327118174, 'nfev': 5}"
826,14.877,0.0,-14.818437086808943,-15.043879042432481,136,"{'status': 'ok', 'success': True, 'cost': 0.09979408686994329, 'nfev': 5}"
827,14.98,0.0,-15.009681030530787,-15.16023578850984,129,"{'status': 'ok', 'success': True, 'cost': 0.09285390852423882, 'nfev': 5}"
828,15.083000000000002,0.0,-15.097933294571181,-15.197652002042211,130,"{'status': 'ok', 'success': True, 'cost': 0.09441611501267715, 'nfev': 5}"
829,15.185,0.0,-15.141462702120968,-15.098984920053224,135,"{'status': 'ok', 'success': True, 'cost': 0.09883659883854032, 'nfev': 5}"
830,15.288000000000002,0.0,-15.31257965874493,-15.2164280853775,137,"{'status': 'ok', 'success': True, 'cost': 0.1005510476439619, 'nfev': 5}"
831,15.391,0.0,-15.380382429880703,-15.170550481540365,143,"{'status': 'ok', 'success': True, 'cost': 0.10405776230744547, 'nfev': 5}"
832,15.493000000000002,0.0,-15.452957649376668,-15.421016597739415,144,"{'status': 'ok', 'success': True, 'cost': 0.10504417470207575, 'nfev': 5}"
833,15.596,0.0,-15.528533723679034,-15.42443677891628,142,"{'status': 'ok', 'success': True, 'cost': 0.10560334567063115, 'nfev': 5}"
834,15.699,0.0,-15.651917238172231,-15.466259762986311,139,"{'status': 'ok', 'success': True, 'cost': 0.10431404633760234, 'nfev': 5}"
835,15.801,0.0,-15.835212216329689,-15.562243271262295,138,"{'status': 'ok', 'success': True, 'cost': 0.10692139577931914, 'nfev': 5}"
836,15.904,0.0,-15.896447765126117,-15.595835667481982,140,"{'status': 'ok', 'success': True, 'cost': 0.10969737464062107, 'nfev': 5}"
837,16.006,0.0,-15.970206981283559,-15.686998571096783,135,"{'status': 'ok', 'success': True, 'cost': 0.10337185470500201, 'nfev': 5}"
838,16.109,0.0,-15.95541884207981,-15.779224861160216,130,"{'status': 'ok', 'success': True, 'cost': 0.1003340338179303, 'nfev': 5}"
839,16.212,0.0,-16.076547479399014,-15.939007990994195,130,"{'status': 'ok', 'success': True, 'cost': 0.10565827752837686, 'nfev': 5}"
840,16.314,0.0,-16.195603883782525,-15.995293900482748,126,"{'status': 'ok', 'success': True, 'cost': 0.10246371659712894, 'nfev': 5}"
841,16.417,0.0,-16.37748384931397,-16.16730066429885,126,"{'status': 'ok', 'success': True, 'cost': 0.10326155096921141, 'nfev': 5}"
842,16.52,0.0,-16.47097722358876,-16.250245214107125,128,"{'status': 'ok', 'success': True, 'cost': 0.10634718361798429, 'nfev': 5}"
843,16.622,0.0,-16.796896862525976,-16.483920333884637,133,"{'status': 'ok', 'success': True, 'cost': 0.11198441769901657, 'nfev': 5}"
844,16.725,0.0,-16.818978587683418,-16.770616557924033,135,"{'status': 'ok', 'success': True, 'cost': 0.11360325460264396, 'nfev': 5}"
845,16.828,0.0,-16.971158305325428,-17.056908779904106,132,"{'status': 'ok', 'success': True, 'cost': 0.10864876284988212, 'nfev': 5}"
846,16.93,0.0,-17.09685019225803,-17.153169880671914,133,"{'status': 'ok', 'success': True, 'cost': 0.10365177490305653, 'nfev': 5}"
847,17.033,0.0,-17.231031530599385,-17.122697276856012,137,"{'status': 'ok', 'success': True, 'cost': 0.10560426295892555, 'nfev': 5}"
848,17.135,0.0,-17.306363983037443,-17.284837376241764,138,"{'status': 'ok', 'success': True, 'cost': 0.10725103444510825, 'nfev': 5}"
849,17.238,0.0,-17.408922644135508,-17.518161040933276,140,"{'status': 'ok', 'success': True, 'cost': 0.1065409409227259, 'nfev': 5}"
850,17.341,0.0,-17.5126210803942,-17.531363356330676,138,"{'status': 'ok', 'success': True, 'cost': 0.10734793018070568, 'nfev': 5}"
851,17.443,0.0,-17.616659588097793,-17.43872189513472,140,"{'status': 'ok', 'success': True, 'cost': 0.1067128323884796, 'nfev': 5}"
852,17.546,0.0,-17.7718447052186,-17.703558735934685,135,"{'status': 'ok', 'success': True, 'cost': 0.10201052980217173, 'nfev': 5}"
853,17.649,0.0,-17.823522482730283,-17.82782245628038,134,"{'status': 'ok', 'success': True, 'cost': 0.09958536869094232, 'nfev': 5}"
854,17.751,0.0,-17.870873942866208,-17.918589529552218,135,"{'status': 'ok', 'success': True, 'cost': 0.10080130356045133, 'nfev': 5}"
855,17.854,0.0,-17.98119667717169,-18.15340132445694,136,"{'status': 'ok', 'success': True, 'cost': 0.10390396587161396, 'nfev': 5}"
856,17.956,0.0,-18.108009518737273,-18.21724772527013,134,"{'status': 'ok', 'success': True, 'cost': 0.1007717242067273, 'nfev': 5}"
857,18.059,0.0,-18.2365573000017,-18.360934099157586,137,"{'status': 'ok', 'success': True, 'cost': 0.1014394029917983, 'nfev': 5}"
858,18.162,0.0,-18.303886935410382,-18.261353607418805,136,"{'status': 'ok', 'success': True, 'cost': 0.10018113531129348, 'nfev': 5}"
859,18.264,0.0,-18.435474476638152,-18.25329237041092,141,"{'status': 'ok', 'success': True, 'cost': 0.10657952887032049, 'nfev': 5}"
860,18.367,0.0,-18.5261444099518,-18.30763685183639,137,"{'status': 'ok', 'success': True, 'cost': 0.10169865103247167, 'nfev': 5}"
861,18.47,0.0,-18.726797114949946,-18.45274657019058,133,"{'status': 'ok', 'success': True, 'cost': 0.10426230699745728, 'nfev': 5}"
862,18.572,0.0,-18.663399293001618,-18.79647444263937,138,"{'status': 'ok', 'success': True, 'cost': 0.1072272672528316, 'nfev': 5}"
863,18.675,0.0,-18.83656027284963,-18.85629286165745,140,"{'status': 'ok', 'success': True, 'cost': 0.10590513978989141, 'nfev': 5}"
864,18.778,0.0,-18.95136535383587,-18.869485739466562,137,"{'status': 'ok', 'success': True, 'cost': 0.10229470167032664, 'nfev': 5}"
865,18.88,0.0,-19.068998842096246,-18.99247669300334,138,"{'status': 'ok', 'success': True, 'cost': 0.1021204743805063, 'nfev': 5}"
866,18.983,0.0,-19.093162386623842,-19.076595488707987,138,"{'status': 'ok', 'success': True, 'cost': 0.10322282903448948, 'nfev': 5}"
867,19.085,0.0,-19.240176444646885,-19.144177490888705,135,"{'status': 'ok', 'success': True, 'cost': 0.09803324721250253, 'nfev': 5}"
868,19.188,0.0,-19.367722942099576,-19.16237697426117,138,"{'status': 'ok', 'success': True, 'cost': 0.09893217206551795, 'nfev': 5}"
869,19.291,0.0,-19.50987449166659,-19.127531267897137,142,"{'status': 'ok', 'success': True, 'cost': 0.10271880690824722, 'nfev': 5}"
870,19.393,0.0,-19.617442650493757,-19.289784785602922,139,"{'status': 'ok', 'success': True, 'cost': 0.1004216076626494, 'nfev': 5}"
871,19.496,0.0,-19.646830030995403,-19.33234578973941,143,"{'status': 'ok', 'success': True, 'cost': 0.10809995122929689, 'nfev': 5}"
872,19.599,0.0,-19.624265040240992,-19.2171223842266,139,"{'status': 'ok', 'success': True, 'cost': 0.10690470654428513, 'nfev': 5}"
873,19.701,0.0,-19.665597688391028,-19.280702777359316,138,"{'status': 'ok', 'success': True, 'cost': 0.10600984792228563, 'nfev': 5}"
874,19.804,0.0,-19.67869706750967,-19.51219226494294,137,"{'status': 'ok', 'success': True, 'cost': 0.10419538068227846, 'nfev': 5}"
875,19.907,0.0,-19.80078781719491,-19.628091621837047,138,"{'status': 'ok', 'success': True, 'cost': 0.10340132544751152, 'nfev': 5}"
876,20.009,0.0,-19.979424980699516,-19.926148021901678,136,"{'status': 'ok', 'success': True, 'cost': 0.1062569649413308, 'nfev': 5}"
877,20.112000000000002,0.0,-20.147596858156017,-20.105365664005767,134,"{'status': 'ok', 'success': True, 'cost': 0.10538628299584106, 'nfev': 5}"
878,20.214,0.0,-20.315890147936933,-20.093553482029243,135,"{'status': 'ok', 'success': True, 'cost': 0.1078442934222341, 'nfev': 5}"
879,20.317,0.0,-20.43978243604693,-20.165779510350742,133,"{'status': 'ok', 'success': True, 'cost': 0.10489385799781328, 'nfev': 5}"
880,20.42,0.0,-20.57286940838272,-20.42138106176974,134,"{'status': 'ok', 'success': True, 'cost': 0.10818478748155724, 'nfev': 5}"
881,20.522,0.0,-20.624208346371304,-20.50895143928107,132,"{'status': 'ok', 'success': True, 'cost': 0.1087425033122505, 'nfev': 5}"
882,20.625,0.0,-20.708475819377707,-20.57150039408445,132,"{'status': 'ok', 'success': True, 'cost': 0.10814673626676591, 'nfev': 5}"
883,20.728,0.0,-20.778895153641546,-20.801141131546743,128,"{'status': 'ok', 'success': True, 'cost': 0.10169512537389103, 'nfev': 5}"
884,20.83,0.0,-20.82090662623188,-20.915323588893692,127,"{'status': 'ok', 'success': True, 'cost': 0.1020438187137876, 'nfev': 5}"
885,20.933,0.0,-20.754477986796694,-21.062948173902708,127,"{'status': 'ok', 'success': True, 'cost': 0.10695826415004243, 'nfev': 5}"
886,21.035000000000004,0.0,-20.89245605186183,-21.243053650981842,127,"{'status': 'ok', 'success': True, 'cost': 0.10385922044108639, 'nfev': 5}"
887,21.138,0.0,-20.969016441481468,-21.335175972189298,126,"{'status': 'ok', 'success': True, 'cost': 0.09856179046891589, 'nfev': 5}"
888,21.241,0.0,-21.104186208375207,-21.369590205579577,123,"{'status': 'ok', 'success': True, 'cost': 0.09537710368879311, 'nfev': 5}"
889,21.343,0.0,-21.193843787340533,-21.330260910804736,124,"{'status': 'ok', 'success': True, 'cost': 0.09524556216567145, 'nfev': 5}"
890,21.446,0.0,-21.257654887558626,-21.361662139493976,131,"{'status': 'ok', 'success': True, 'cost': 0.09811870684930388, 'nfev': 5}"
891,21.549,0.0,-21.339474553997366,-21.405641563553644,129,"{'status': 'ok', 'success': True, 'cost': 0.09517174480427895, 'nfev': 5}"
892,21.651,0.0,-21.489131797831124,-21.556137001249436,134,"{'status': 'ok', 'success': True, 'cost': 0.1047350327734559, 'nfev': 5}"
893,21.754,0.0,-21.559074526436195,-21.80621904415687,128,"{'status': 'ok', 'success': True, 'cost': 0.09789313688451975, 'nfev': 5}"
894,21.857,0.0,-21.550263698152406,-22.039080331288044,132,"{'status': 'ok', 'success': True, 'cost': 0.09707568588782525, 'nfev': 5}"
895,21.959,0.0,-21.771553698393657,-22.039093683728982,129,"{'status': 'ok', 'success': True, 'cost': 0.09552297367618431, 'nfev': 5}"
896,22.062000000000005,0.0,-21.849319885181362,-22.03180767558003,125,"{'status': 'ok', 'success': True, 'cost': 0.09473340406410016, 'nfev': 5}"
897,22.164,0.0,-22.00321342165738,-22.260963465497543,127,"{'status': 'ok', 'success': True, 'cost': 0.09622615984384716, 'nfev': 5}"
898,22.267,0.0,-22.06713028931366,-22.17209663057917,130,"{'status': 'ok', 'success': True, 'cost': 0.0962043704428622, 'nfev': 5}"
899,22.37,0.0,-22.22972684297447,-22.317584230762012,132,"{'status': 'ok', 'success': True, 'cost': 0.09842373241030662, 'nfev': 5}"
900,22.472,0.0,-22.44037669449624,-22.523661044426888,135,"{'status': 'ok', 'success': True, 'cost': 0.10427499194701786, 'nfev': 5}"
901,22.575,0.0,-22.683133338527508,-22.651142964758012,136,"{'status': 'ok', 'success': True, 'cost': 0.10765124231802652, 'nfev': 5}"
902,22.678,0.0,-22.977024943104663,-22.75349322836501,136,"{'status': 'ok', 'success': True, 'cost': 0.10872044619630868, 'nfev': 5}"
903,22.78,0.0,-23.129813641123835,-22.927121238507223,141,"{'status': 'ok', 'success': True, 'cost': 0.11587100438130835, 'nfev': 5}"
904,22.883,0.0,-23.19580507455761,-23.021878190104633,149,"{'status': 'ok', 'success': True, 'cost': 0.12228323676578073, 'nfev': 5}"
905,22.985,0.0,-23.20339833526928,-23.226975387519158,141,"{'status': 'ok', 'success': True, 'cost': 0.11160291943312334, 'nfev': 5}"
906,23.088,0.0,-23.214342022958018,-23.35959185868087,146,"{'status': 'ok', 'success': True, 'cost': 0.11095147469624066, 'nfev': 5}"
907,23.191,0.0,-23.231824587920006,-23.31191315381393,145,"{'status': 'ok', 'success': True, 'cost': 0.10933901609845997, 'nfev': 5}"
908,23.293,0.0,-23.352563907763948,-23.526731029346323,143,"{'status': 'ok', 'success': True, 'cost': 0.10956981926605666, 'nfev': 5}"
909,23.396,0.0,-23.471297858226855,-23.48002824989676,143,"{'status': 'ok', 'success': True, 'cost': 0.11111798420711756, 'nfev': 5}"
910,23.499000000000002,0.0,-23.52089231039174,-23.69205902962876,135,"{'status': 'ok', 'success': True, 'cost': 0.10156932376473385, 'nfev': 5}"
911,23.601,0.0,-23.64678517002369,-23.70624326413707,134,"{'status': 'ok', 'success': True, 'cost': 0.09839259068628944, 'nfev': 6}"
912,23.704,0.0,-23.749537634137337,-23.732482458329795,135,"{'status': 'ok', 'success': True, 'cost': 0.09987361500231202, 'nfev': 6}"
913,23.807,0.0,-23.850745297954596,-23.774104723275155,133,"{'status': 'ok', 'success': True, 'cost': 0.09958945852420806, 'nfev': 6}"
914,23.909,0.0,-23.813574361304887,-23.909340857024386,131,"{'status': 'ok', 'success': True, 'cost': 0.09862433436451548, 'nfev': 6}"
915,24.012,0.0,-23.919618310459263,-23.805905260794525,130,"{'status': 'ok', 'success': True, 'cost': 0.09858562436502588, 'nfev': 6}"
916,24.114,0.0,-24.072655886203997,-23.918486534252448,130,"{'status': 'ok', 'success': True, 'cost': 0.09894063225897806, 'nfev': 6}"
917,24.217,0.0,-24.11257017075972,-23.893612092116623,132,"{'status': 'ok', 'success': True, 'cost': 0.10207539871754326, 'nfev': 6}"
918,24.32,0.0,-24.13975026271469,-23.976483864784853,135,"{'status': 'ok', 'success': True, 'cost': 0.10460428394687665, 'nfev': 6}"
919,24.422000000000004,0.0,-24.25220166008448,-24.176501911016828,132,"{'status': 'ok', 'success': True, 'cost': 0.09901878647074544, 'nfev': 6}"
920,24.525,0.0,-24.353055314844646,-24.319777544234825,133,"{'status': 'ok', 'success': True, 'cost': 0.09664896609592775, 'nfev': 6}"
921,24.628,0.0,-24.432058499046907,-24.339483029962516,135,"{'status': 'ok', 'success': True, 'cost': 0.09967413807474962, 'nfev': 6}"
922,24.73,0.0,-24.397134326031043,-24.49125141515237,133,"{'status': 'ok', 'success': True, 'cost': 0.09910757294414976, 'nfev': 6}"
923,24.833,0.0,-24.45831788102827,-24.71413988168652,127,"{'status': 'ok', 'success': True, 'cost': 0.09714115858846122, 'nfev': 6}"
924,24.936,0.0,-24.555728920593328,-24.877706908568182,125,"{'status': 'ok', 'success': True, 'cost': 0.09616295153780971, 'nfev': 6}"
925,25.038,0.0,-24.47814390525728,-24.99290126705089,118,"{'status': 'ok', 'success': True, 'cost': 0.09050780087167903, 'nfev': 6}"
926,25.141,0.0,-24.296086183954625,-24.889209110374225,114,"{'status': 'ok', 'success': True, 'cost': 0.08560285490392666, 'nfev': 6}"
927,25.243,0.0,-24.223025955983868,-25.047636019394155,114,"{'status': 'ok', 'success': True, 'cost': 0.08519178178112835, 'nfev': 6}"
928,25.346,0.0,-24.375748232115804,-25.130312909239333,112,"{'status': 'ok', 'success': True, 'cost': 0.08384241642118151, 'nfev': 6}"
929,25.449000000000005,0.0,-24.46127832731726,-25.222209452527483,115,"{'status': 'ok', 'success': True, 'cost': 0.08501587450348848, 'nfev': 6}"
930,25.551,0.0,-24.882711490617872,-25.490633781611777,121,"{'status': 'ok', 'success': True, 'cost': 0.09650915627731499, 'nfev': 6}"
931,25.654,0.0,-25.029169096393876,-25.64022422918737,124,"{'status': 'ok', 'success': True, 'cost': 0.0952130833141955, 'nfev': 6}"
932,25.757,0.0,-25.254342496343643,-25.707409471939112,123,"{'status': 'ok', 'success': True, 'cost': 0.09250408860836165, 'nfev': 6}"
933,25.859,0.0,-25.281559285396895,-25.783020250353573,122,"{'status': 'ok', 'success': True, 'cost': 0.09379402298601718, 'nfev': 6}"
934,25.962,0.0,-25.35208365076805,-25.85761132828588,116,"{'status': 'ok', 'success': True, 'cost': 0.08813760417102712, 'nfev': 6}"
935,26.064,0.0,-25.46807923777006,-26.021947077361542,124,"{'status': 'ok', 'success': True, 'cost': 0.09541714531527441, 'nfev': 6}"
936,26.167,0.0,-25.514524634254403,-26.204891782937317,123,"{'status': 'ok', 'success': True, 'cost': 0.09732251329729318, 'nfev': 6}"
937,26.27,0.0,-25.64943330435967,-26.395444735949468,122,"{'status': 'ok', 'success': True, 'cost': 0.09359694942608476, 'nfev': 6}"
938,26.372,0.0,-25.879464231173795,-26.433799282889403,121,"{'status': 'ok', 'success': True, 'cost': 0.0952625158542839, 'nfev': 6}"
939,26.475,0.0,-25.91918636419137,-26.67501208300811,120,"{'status': 'ok', 'success': True, 'cost': 0.09257029919213212, 'nfev': 6}"
940,26.578,0.0,-26.06025273187501,-26.797619191422466,124,"{'status': 'ok', 'success': True, 'cost': 0.09658048362582264, 'nfev': 6}"
941,26.68,0.0,-26.115972015393126,-26.741774390332626,126,"{'status': 'ok', 'success': True, 'cost': 0.09837248466008283, 'nfev': 6}"
942,26.783,0.0,-26.15679181112955,-26.72645910348959,123,"{'status': 'ok', 'success': True, 'cost': 0.09529764089553105, 'nfev': 6}"
943,26.886000000000003,0.0,-26.303468635684194,-26.792938662203234,123,"{'status': 'ok', 'success': True, 'cost': 0.0948554565379675, 'nfev': 6}"
944,26.988,0.0,-26.35300431600329,-26.797961049018415,120,"{'status': 'ok', 'success': True, 'cost': 0.09562875926046704, 'nfev': 6}"
945,27.091,0.0,-26.51808588844998,-26.95122451780657,118,"{'status': 'ok', 'success': True, 'cost': 0.09332044948949278, 'nfev': 6}"
946,27.193,0.0,-26.61124917104487,-27.177318389347597,117,"{'status': 'ok', 'success': True, 'cost': 0.09315558882018372, 'nfev': 6}"
947,27.296000000000003,0.0,-26.638511055520542,-27.38331457145085,119,"{'status': 'ok', 'success': True, 'cost': 0.09551598845024176, 'nfev': 6}"
948,27.399,0.0,-26.67439565753309,-27.494258289426476,117,"{'status': 'ok', 'success': True, 'cost': 0.08976469018677813, 'nfev': 6}"
949,27.501,0.0,-26.748699636091132,-27.70127646424944,117,"{'status': 'ok', 'success': True, 'cost': 0.09137268517816939, 'nfev': 6}"
950,27.604,0.0,-26.95242520052366,-27.955174879333974,115,"{'status': 'ok', 'success': True, 'cost': 0.08990270851982977, 'nfev': 6}"
951,27.707,0.0,-27.004198813016433,-27.858317880234402,116,"{'status': 'ok', 'success': True, 'cost': 0.08899212341485235, 'nfev': 6}"
952,27.809000000000005,0.0,-27.094367620524405,-27.976914839574622,116,"{'status': 'ok', 'success': True, 'cost': 0.08932931686095609, 'nfev': 6}"
953,27.912,0.0,-27.24973586169069,-28.165618938244254,116,"{'status': 'ok', 'success': True, 'cost': 0.0903202377357558, 'nfev': 6}"
954,28.015,0.0,-27.5557845965481,-28.198463257967944,115,"{'status': 'ok', 'success': True, 'cost': 0.09008782860605581, 'nfev': 6}"
955,28.117,0.0,-27.613952157617614,-28.282639075622328,115,"{'status': 'ok', 'success': True, 'cost': 0.08572629639302551, 'nfev': 6}"
956,28.22,0.0,-27.83484668378463,-28.224356920412912,118,"{'status': 'ok', 'success': True, 'cost': 0.08656300788982556, 'nfev': 6}"
957,28.322,0.0,-28.046236309682122,-28.42348276535159,118,"{'status': 'ok', 'success': True, 'cost': 0.08507795860176695, 'nfev': 6}"
958,28.425,0.0,-28.14503159287886,-28.476491763715444,125,"{'status': 'ok', 'success': True, 'cost': 0.09224994595581032, 'nfev': 6}"
959,28.528,0.0,-28.312778311001914,-28.609855534951077,130,"{'status': 'ok', 'success': True, 'cost': 0.09569069806687874, 'nfev': 6}"
960,28.63,0.0,-28.4066563936812,-28.708643847864487,133,"{'status': 'ok', 'success': True, 'cost': 0.10085912721162844, 'nfev': 6}"
961,28.733,0.0,-28.41088923029836,-28.7620193972207,132,"{'status': 'ok', 'success': True, 'cost': 0.1010927214130268, 'nfev': 6}"
962,28.836,0.0,-28.59301802045763,-28.903385862375607,130,"{'status': 'ok', 'success': True, 'cost': 0.09999135293195283, 'nfev': 6}"
963,28.938,0.0,-28.807665539445818,-28.999744221837013,136,"{'status': 'ok', 'success': True, 'cost': 0.10484458438935876, 'nfev': 6}"
964,29.041000000000004,0.0,-29.031605068366364,-29.18155434429496,138,"{'status': 'ok', 'success': True, 'cost': 0.1080712076487266, 'nfev': 6}"
965,29.142999999999997,0.0,-29.186788785813036,-29.18271967060236,141,"{'status': 'ok', 'success': True, 'cost': 0.10873704159055275, 'nfev': 6}"
966,29.246,0.0,-29.307462217998697,-29.322076418794612,143,"{'status': 'ok', 'success': True, 'cost': 0.10917464127854776, 'nfev': 6}"
967,29.349000000000004,0.0,-29.364984112299197,-29.423917282523178,141,"{'status': 'ok', 'success': True, 'cost': 0.10826409483112504, 'nfev': 6}"
968,29.451000000000004,0.0,-29.54061920643169,-29.500826391599286,140,"{'status': 'ok', 'success': True, 'cost': 0.10801379555325402, 'nfev': 6}"
969,29.553999999999995,0.0,-29.613263553018967,-29.418556026646577,140,"{'status': 'ok', 'success': True, 'cost': 0.10580687365622324, 'nfev': 6}"
970,29.657,0.0,-29.76563235955687,-29.541528837009153,145,"{'status': 'ok', 'success': True, 'cost': 0.11165705776381907, 'nfev': 6}"
971,29.759000000000004,0.0,-29.877949722795535,-29.647959003528292,148,"{'status': 'ok', 'success': True, 'cost': 0.1121353315609763, 'nfev': 6}"
972,29.862000000000002,0.0,-29.958390938897843,-29.591498974600963,146,"{'status': 'ok', 'success': True, 'cost': 0.11175771333574375, 'nfev': 6}"
973,29.965,0.0,-30.02667647201281,-29.784821814180813,146,"{'status': 'ok', 'success': True, 'cost': 0.11422354729987688, 'nfev': 6}"
974,30.067,0.0,-30.316077544342857,-29.78240905161747,144,"{'status': 'ok', 'success': True, 'cost': 0.11352586277085765, 'nfev': 6}"
975,30.169999999999998,0.0,-30.521106969075618,-29.97751685408347,142,"{'status': 'ok', 'success': True, 'cost': 0.11274951409461467, 'nfev': 6}"
976,30.272000000000002,0.0,-30.652625793650888,-30.000370615298127,146,"{'status': 'ok', 'success': True, 'cost': 0.11421993167228761, 'nfev': 6}"
977,30.375,0.0,-30.630363358105114,-30.329846822099924,145,"{'status': 'ok', 'success': True, 'cost': 0.11317341940969694, 'nfev': 6}"
978,30.478000000000005,0.0,-30.673383084912402,-30.355349060108185,141,"{'status': 'ok', 'success': True, 'cost': 0.10953196261859427, 'nfev': 6}"
979,30.58,0.0,-30.74375358893316,-30.578539888885746,138,"{'status': 'ok', 'success': True, 'cost': 0.10621581073987281, 'nfev': 6}"
980,30.683,0.0,-30.76952906186866,-30.84629755892835,135,"{'status': 'ok', 'success': True, 'cost': 0.10369029967513854, 'nfev': 6}"
981,30.786000000000005,0.0,-30.79188257106562,-30.92647901204598,132,"{'status': 'ok', 'success': True, 'cost': 0.09967109447889252, 'nfev': 6}"
982,30.888000000000005,0.0,-30.79507105534795,-31.08338405727782,137,"{'status': 'ok', 'success': True, 'cost': 0.10850422807663337, 'nfev': 6}"
983,30.990999999999996,0.0,-30.96199355458657,-31.25451784163695,129,"{'status': 'ok', 'success': True, 'cost': 0.09896862553697611, 'nfev': 6}"
984,31.094,0.0,-31.25449551511248,-31.2275886997957,133,"{'status': 'ok', 'success': True, 'cost': 0.10304959837582947, 'nfev': 6}"
985,31.196000000000005,0.0,-31.35193826029653,-31.271227606751076,134,"{'status': 'ok', 'success': True, 'cost': 0.10492860780543553, 'nfev': 6}"
986,31.299000000000003,0.0,-31.37701696005079,-31.607853238781964,134,"{'status': 'ok', 'success': True, 'cost': 0.10199960974070087, 'nfev': 6}"
987,31.401000000000003,0.0,-31.353957230313938,-31.546708009695763,134,"{'status': 'ok', 'success': True, 'cost': 0.10210786390808849, 'nfev': 6}"
988,31.504,0.0,-31.57237110565618,-31.665618205392068,135,"{'status': 'ok', 'success': True, 'cost': 0.10229001072917743, 'nfev': 6}"
989,31.607,0.0,-31.668576500020293,-31.743529974815768,137,"{'status': 'ok', 'success': True, 'cost': 0.10554158089396105, 'nfev': 6}"
990,31.709000000000003,0.0,-31.728101153659512,-31.62744525286536,136,"{'status': 'ok', 'success': True, 'cost': 0.10666645548047227, 'nfev': 6}"
991,31.812,0.0,-31.93222522070485,-31.729576517554044,142,"{'status': 'ok', 'success': True, 'cost': 0.10888537483259206, 'nfev': 6}"
992,31.915,0.0,-32.03606607775535,-31.86058227587335,141,"{'status': 'ok', 'success': True, 'cost': 0.1075558839896616, 'nfev': 6}"
993,32.017,0.0,-32.20838797940351,-31.933769208856532,137,"{'status': 'ok', 'success': True, 'cost': 0.10284918596407124, 'nfev': 6}"
994,32.12,0.0,-32.22000382375876,-32.11108743355658,140,"{'status': 'ok', 'success': True, 'cost': 0.10523819653704716, 'nfev': 6}"
995,32.222,0.0,-32.251375872282686,-32.13223157263039,141,"{'status': 'ok', 'success': True, 'cost': 0.11014983978964, 'nfev': 6}"
996,32.325,0.0,-32.25747300839757,-32.17223522512778,142,"{'status': 'ok', 'success': True, 'cost': 0.11366578549084369, 'nfev': 6}"
997,32.428,0.0,-32.331733616901204,-32.32600439593508,141,"{'status': 'ok', 'success': True, 'cost': 0.11308361068368167, 'nfev': 6}"
998,32.53,0.0,-32.46765878710327,-32.38950555780545,138,"{'status': 'ok', 'success': True, 'cost': 0.11019637860067454, 'nfev': 6}"
999,32.633,0.0,-32.64942499634202,-32.46440576990929,133,"{'status': 'ok', 'success': True, 'cost': 0.10722581447484594, 'nfev': 6}"
1000,32.736,0.0,-32.69135444989077,-32.683788125538804,132,"{'status': 'ok', 'success': True, 'cost': 0.1015911951074035, 'nfev': 6}"
1001,32.838,0.0,-32.72716304384426,-32.68027610711499,129,"{'status': 'ok', 'success': True, 'cost': 0.10154255996184622, 'nfev': 6}"
1002,32.941,0.0,-32.80689770296205,-32.95211375629227,134,"{'status': 'ok', 'success': True, 'cost': 0.10362215569976829, 'nfev': 6}"
1003,33.044,0.0,-33.00260586795255,-32.87682475654384,127,"{'status': 'ok', 'success': True, 'cost': 0.0971781366478639, 'nfev': 6}"
1004,33.146,0.0,-32.94197115448071,-32.95655435673523,127,"{'status': 'ok', 'success': True, 'cost': 0.0948215173072341, 'nfev': 6}"
1005,33.249,0.0,-33.071745643171035,-33.14451589844186,127,"{'status': 'ok', 'success': True, 'cost': 0.09322737888679415, 'nfev': 6}"
1006,33.351,0.0,-33.31506984586247,-33.25614065510158,132,"{'status': 'ok', 'success': True, 'cost': 0.09478710505058761, 'nfev': 6}"
1007,33.454,0.0,-33.47048245430746,-33.46689052611137,135,"{'status': 'ok', 'success': True, 'cost': 0.09915193159393872, 'nfev': 6}"
1008,33.557,0.0,-33.51435667095163,-33.593031018454894,134,"{'status': 'ok', 'success': True, 'cost': 0.09707618840115412, 'nfev': 6}"
1009,33.659,0.0,-33.506911701602895,-33.71415432023272,138,"{'status': 'ok', 'success': True, 'cost': 0.10397832111622489, 'nfev': 6}"
1010,33.762,0.0,-33.52429433831152,-33.76806411607417,139,"{'status': 'ok', 'success': True, 'cost': 0.10679061931613044, 'nfev': 6}"
1011,33.865,0.0,-33.66049649700896,-33.9406530503438,134,"{'status': 'ok', 'success': True, 'cost': 0.10179648451792303, 'nfev': 6}"
1012,33.967,0.0,-33.88175874955098,-34.122484107833046,131,"{'status': 'ok', 'success': True, 'cost': 0.09920192356013097, 'nfev': 6}"
1013,34.07,0.0,-33.99271516877181,-34.208698326899636,131,"{'status': 'ok', 'success': True, 'cost': 0.09708878671862067, 'nfev': 6}"
1014,34.172,0.0,-34.21931669396163,-34.233378125908224,129,"{'status': 'ok', 'success': True, 'cost': 0.09740399529314418, 'nfev': 6}"
1015,34.275,0.0,-34.28275057689561,-34.40097745967519,128,"{'status': 'ok', 'success': True, 'cost': 0.09657794132415061, 'nfev': 6}"
1016,34.378,0.0,-34.49583668290911,-34.451456265374915,128,"{'status': 'ok', 'success': True, 'cost': 0.0975771072421336, 'nfev': 6}"
1017,34.48,0.0,-34.533836537441054,-34.63977718995779,129,"{'status': 'ok', 'success': True, 'cost': 0.10024135742394799, 'nfev': 6}"
1018,34.583,0.0,-34.60949497943619,-34.68912334842522,137,"{'status': 'ok', 'success': True, 'cost': 0.10755418905068881, 'nfev': 6}"
1019,34.686,0.0,-34.61809881498426,-34.746826896418256,135,"{'status': 'ok', 'success': True, 'cost': 0.10534912331106999, 'nfev': 6}"
1020,34.788,0.0,-34.853469355627276,-34.83750685727213,134,"{'status': 'ok', 'success': True, 'cost': 0.10665894346941938, 'nfev': 6}"
1021,34.891,0.0,-35.019069426695374,-34.95876293566853,137,"{'status': 'ok', 'success': True, 'cost': 0.10784989194206106, 'nfev': 6}"
1022,34.994,0.0,-35.036459615984505,-35.11663495498208,138,"{'status': 'ok', 'success': True, 'cost': 0.10822546958715878, 'nfev': 6}"
1023,35.096,0.0,-35.15026357350772,-35.06750333708586,140,"{'status': 'ok', 'success': True, 'cost': 0.11005813190778671, 'nfev': 6}"
1024,35.199,0.0,-35.333207733128276,-35.461440814327844,139,"{'status': 'ok', 'success': True, 'cost': 0.10878703560411668, 'nfev': 6}"
1025,35.301,0.0,-35.442885328112986,-35.44436788064895,141,"{'status': 'ok', 'success': True, 'cost': 0.1105275834406971, 'nfev': 6}"
1026,35.404,0.0,-35.471276397588895,-35.581637322657166,139,"{'status': 'ok', 'success': True, 'cost': 0.10949980686506156, 'nfev': 6}"
1027,35.507,0.0,-35.6059801650198,-35.63930999873411,135,"{'status': 'ok', 'success': True, 'cost': 0.10680760201867588, 'nfev': 6}"
1028,35.609,0.0,-35.77524774991257,-35.79697836789874,141,"{'status': 'ok', 'success': True, 'cost': 0.11124334460581159, 'nfev': 6}"
1029,35.712,0.0,-35.86907900394494,-35.851474573212634,148,"{'status': 'ok', 'success': True, 'cost': 0.11339130055012103, 'nfev': 6}"
1030,35.815,0.0,-36.078556917260514,-35.869262626402126,147,"{'status': 'ok', 'success': True, 'cost': 0.1164929933358624, 'nfev': 6}"
1031,35.917,0.0,-36.2611958227095,-35.92341329799064,148,"{'status': 'ok', 'success': True, 'cost': 0.1179265575055036, 'nfev': 6}"
1032,36.02,0.0,-36.26036790497995,-36.00607469671622,138,"{'status': 'ok', 'success': True, 'cost': 0.11260784217931746, 'nfev': 6}"
1033,36.123,0.0,-36.37828668819635,-35.99408042799334,136,"{'status': 'ok', 'success': True, 'cost': 0.1077634794868389, 'nfev': 6}"
1034,36.225,0.0,-36.42627782910738,-36.11921668389083,136,"{'status': 'ok', 'success': True, 'cost': 0.10966780870778181, 'nfev': 6}"
1035,36.328,0.0,-36.457414113154755,-36.175362362434946,138,"{'status': 'ok', 'success': True, 'cost': 0.10940398706978778, 'nfev': 6}"
1036,36.43,0.0,-36.47736910128629,-36.460004231965165,137,"{'status': 'ok', 'success': True, 'cost': 0.10867295753383233, 'nfev': 6}"
1037,36.533,0.0,-36.63231177493311,-36.43506404640875,131,"{'status': 'ok', 'success': True, 'cost': 0.10169905273776064, 'nfev': 6}"
1038,36.636,0.0,-36.765104897761304,-36.51258603339925,136,"{'status': 'ok', 'success': True, 'cost': 0.10440358483497865, 'nfev': 6}"
1039,36.738,0.0,-36.80351756638674,-36.543148777880226,133,"{'status': 'ok', 'success': True, 'cost': 0.1026978252406453, 'nfev': 6}"
1040,36.841,0.0,-36.84378646557561,-36.74859132504045,133,"{'status': 'ok', 'success': True, 'cost': 0.1034060970812201, 'nfev': 6}"
1041,36.944,0.0,-36.981782506407924,-36.95648941895712,131,"{'status': 'ok', 'success': True, 'cost': 0.1009749434643532, 'nfev': 6}"
1042,37.046,0.0,-37.07173064666027,-37.063414703579404,131,"{'status': 'ok', 'success': True, 'cost': 0.10169620824894034, 'nfev': 6}"
1043,37.149,0.0,-37.11486147387043,-37.07148908662077,131,"{'status': 'ok', 'success': True, 'cost': 0.09940116824751354, 'nfev': 6}"
1044,37.251,0.0,-37.27131369861327,-37.25010022145302,133,"{'status': 'ok', 'success': True, 'cost': 0.10250325965001422, 'nfev': 6}"
1045,37.354,0.0,-37.37078698931623,-37.36794373754368,125,"{'status': 'ok', 'success': True, 'cost': 0.09701624412766569, 'nfev': 6}"
1046,37.457,0.0,-37.42898525237651,-37.38835486804056,126,"{'status': 'ok', 'success': True, 'cost': 0.09859546315199501, 'nfev': 6}"
1047,37.559,0.0,-37.35568983712261,-37.44408069192163,121,"{'status': 'ok', 'success': True, 'cost': 0.09623884100073495, 'nfev': 6}"
1048,37.662,0.0,-37.56882233716727,-37.608394487231344,128,"{'status': 'ok', 'success': True, 'cost': 0.09943737282625184, 'nfev': 6}"
1049,37.765,0.0,-37.64626857837397,-37.78234832916262,129,"{'status': 'ok', 'success': True, 'cost': 0.10312215401069989, 'nfev': 6}"
1050,37.867,0.0,-37.81118350752271,-37.87839173712646,136,"{'status': 'ok', 'success': True, 'cost': 0.10793010672303524, 'nfev': 6}"
1051,37.97,0.0,-37.93535025765716,-37.922036344181,137,"{'status': 'ok', 'success': True, 'cost': 0.10917479615521386, 'nfev': 6}"
1052,38.073,0.0,-38.1685288501885,-38.09510733720641,135,"{'status': 'ok', 'success': True, 'cost': 0.10777469371108149, 'nfev': 6}"
1053,38.175,0.0,-38.32145503346318,-38.27038542673795,138,"{'status': 'ok', 'success': True, 'cost': 0.10773323812982166, 'nfev': 6}"
1054,38.278,0.0,-38.40212178422128,-38.38219470399141,136,"{'status': 'ok', 'success': True, 'cost': 0.10746154503227777, 'nfev': 6}"
1055,38.38,0.0,-38.54189382485295,-38.38350941307256,136,"{'status': 'ok', 'success': True, 'cost': 0.10514883279254231, 'nfev': 6}"
1056,38.483,0.0,-38.56541949508583,-38.606095607172534,133,"{'status': 'ok', 'success': True, 'cost': 0.10379395130752275, 'nfev': 6}"
1057,38.586,0.0,-38.646431015454766,-38.71864636702583,136,"{'status': 'ok', 'success': True, 'cost': 0.10512887636921486, 'nfev': 6}"
1058,38.688,0.0,-38.64189125810712,-38.748052486767165,139,"{'status': 'ok', 'success': True, 'cost': 0.11106349581988267, 'nfev': 6}"
1059,38.791,0.0,-38.666349370723196,-39.104859481365644,143,"{'status': 'ok', 'success': True, 'cost': 0.11468535619743281, 'nfev': 6}"
1060,38.894,0.0,-38.79658337571966,-39.201445722933734,142,"{'status': 'ok', 'success': True, 'cost': 0.11357105161441924, 'nfev': 6}"
1061,38.996,0.0,-38.96716463104687,-39.33707939897214,139,"{'status': 'ok', 'success': True, 'cost': 0.10811036876188732, 'nfev': 6}"
1062,39.099000000000004,0.0,-39.15594915069563,-39.34951687505435,140,"{'status': 'ok', 'success': True, 'cost': 0.1041750241771082, 'nfev': 6}"
1063,39.202,0.0,-39.391423821656325,-39.27028089898343,144,"{'status': 'ok', 'success': True, 'cost': 0.10958618621203606, 'nfev': 6}"
1064,39.304,0.0,-39.54833708146121,-39.34014715206809,140,"{'status': 'ok', 'success': True, 'cost': 0.10648055287428798, 'nfev': 6}"
1065,39.407,0.0,-39.59078680047362,-39.502962120474514,143,"{'status': 'ok', 'success': True, 'cost': 0.11101941966461193, 'nfev': 6}"
1066,39.509,0.0,-39.803195393966554,-39.66661519674968,140,"{'status': 'ok', 'success': True, 'cost': 0.10580492828307675, 'nfev': 6}"
1067,39.61200000000001,0.0,-39.85560531910436,-39.79426962795884,144,"{'status': 'ok', 'success': True, 'cost': 0.11008950023776189, 'nfev': 6}"
1068,39.715,0.0,-39.87163978365246,-39.83529820580259,146,"{'status': 'ok', 'success': True, 'cost': 0.11230604633966103, 'nfev': 6}"
1069,39.817,0.0,-39.97699033731034,-39.8533238843612,143,"{'status': 'ok', 'success': True, 'cost': 0.11034757137347223, 'nfev': 6}"
1070,39.92,0.0,-40.09834458716843,-39.947805616449074,142,"{'status': 'ok', 'success': True, 'cost': 0.10661022312992655, 'nfev': 6}"
1071,40.023,0.0,-40.1619587476667,-40.16340648070093,143,"{'status': 'ok', 'success': True, 'cost': 0.11280537344921852, 'nfev': 6}"
1072,40.125,0.0,-40.20871426499505,-40.26636595967779,141,"{'status': 'ok', 'success': True, 'cost': 0.11026996641929426, 'nfev': 6}"
1073,40.228,0.0,-40.261338044308296,-40.27475879993072,139,"{'status': 'ok', 'success': True, 'cost': 0.107363810176218, 'nfev': 6}"
1074,40.33,0.0,-40.313344596537135,-40.24531646522163,136,"{'status': 'ok', 'success': True, 'cost': 0.10301997042301785, 'nfev': 6}"
1075,40.433,0.0,-40.3222842333862,-40.39865021008854,138,"{'status': 'ok', 'success': True, 'cost': 0.10609908662959545, 'nfev': 6}"
1076,40.536,0.0,-40.446804310362346,-40.263901154865145,140,"{'status': 'ok', 'success': True, 'cost': 0.10704367066774884, 'nfev': 6}"
1077,40.638,0.0,-40.60772603092098,-40.50864218856403,142,"{'status': 'ok', 'success': True, 'cost': 0.11279430078323391, 'nfev': 6}"
1078,40.741,0.0,-40.636340521677404,-40.67581982754749,137,"{'status': 'ok', 'success': True, 'cost': 0.1084892840580683, 'nfev': 6}"
1079,40.844,0.0,-40.81903795962048,-40.66070856522861,137,"{'status': 'ok', 'success': True, 'cost': 0.10739099523535273, 'nfev': 6}"
1080,40.946,0.0,-40.973927877909965,-40.6193711710743,136,"{'status': 'ok', 'success': True, 'cost': 0.10098460136187876, 'nfev': 6}"
1081,41.049,0.0,-40.90752139813213,-40.78162819258357,133,"{'status': 'ok', 'success': True, 'cost': 0.09832122864157726, 'nfev': 6}"
1082,41.152,0.0,-41.03453242231345,-40.999769901793044,134,"{'status': 'ok', 'success': True, 'cost': 0.10079013457615733, 'nfev': 6}"
1083,41.254,0.0,-41.03143284659404,-41.12854286304103,131,"{'status': 'ok', 'success': True, 'cost': 0.09965234194992001, 'nfev': 6}"
1084,41.357,0.0,-41.198752013336694,-41.43268476314828,134,"{'status': 'ok', 'success': True, 'cost': 0.10647125515877537, 'nfev': 6}"
1085,41.459,0.0,-41.34106881750912,-41.509969422756456,134,"{'status': 'ok', 'success': True, 'cost': 0.10403667133904879, 'nfev': 6}"
1086,41.562,0.0,-41.37518556639573,-41.46564272663243,129,"{'status': 'ok', 'success': True, 'cost': 0.09891900998589903, 'nfev': 6}"
1087,41.665,0.0,-41.49266812048929,-41.441884746100456,124,"{'status': 'ok', 'success': True, 'cost': 0.09441558489325695, 'nfev': 6}"
1088,41.767,0.0,-41.562088617763465,-41.447150987357126,125,"{'status': 'ok', 'success': True, 'cost': 0.09278174013133811, 'nfev': 6}"
1089,41.87,0.0,-41.610684692507455,-41.499423516892776,119,"{'status': 'ok', 'success': True, 'cost': 0.08792793834468389, 'nfev': 6}"
1090,41.973,0.0,-41.80221385542385,-41.69384969599495,118,"{'status': 'ok', 'success': True, 'cost': 0.09113293554729635, 'nfev': 6}"
1091,42.075,0.0,-41.770607644676495,-41.854096330636324,120,"{'status': 'ok', 'success': True, 'cost': 0.09111006447894682, 'nfev': 6}"
1092,42.178,0.0,-41.823901745435215,-41.8404572824516,126,"{'status': 'ok', 'success': True, 'cost': 0.09484060667737299, 'nfev': 6}"
1093,42.281,0.0,-42.00431667964623,-42.013189433599834,128,"{'status': 'ok', 'success': True, 'cost': 0.09768519403154391, 'nfev': 6}"
1094,42.383,0.0,-42.153803952651224,-42.17995708438477,131,"{'status': 'ok', 'success': True, 'cost': 0.09950367872337948, 'nfev': 6}"
1095,42.486000000000004,0.0,-42.199304287209465,-42.49377416949747,130,"{'status': 'ok', 'success': True, 'cost': 0.09656731776034666, 'nfev': 6}"
1096,42.588,0.0,-42.32443102595053,-42.679019964575815,127,"{'status': 'ok', 'success': True, 'cost': 0.09265411570101438, 'nfev': 6}"
1097,42.691,0.0,-42.38199852904078,-42.80256582597468,127,"{'status': 'ok', 'success': True, 'cost': 0.09525445628553947, 'nfev': 6}"
1098,42.794,0.0,-42.389987042253715,-42.90770868586505,120,"{'status': 'ok', 'success': True, 'cost': 0.091021577788122, 'nfev': 6}"
1099,42.896,0.0,-42.54170440903353,-43.09630800839566,118,"{'status': 'ok', 'success': True, 'cost': 0.0886721299814754, 'nfev': 6}"
1100,42.99900000000001,0.0,-42.74407069541871,-42.99071782903154,121,"{'status': 'ok', 'success': True, 'cost': 0.0924933560552153, 'nfev': 6}"
1101,43.102,0.0,-42.83321768708353,-42.990810120909934,122,"{'status': 'ok', 'success': True, 'cost': 0.09099902029519008, 'nfev': 6}"
1102,43.204,0.0,-43.049844656396985,-43.024557872180104,124,"{'status': 'ok', 'success': True, 'cost': 0.09090627681303232, 'nfev': 6}"
1103,43.307,0.0,-43.26169997983922,-43.14744659497915,128,"{'status': 'ok', 'success': True, 'cost': 0.09337146085782225, 'nfev': 6}"
1104,43.409,0.0,-43.34157252844373,-43.372633158464176,128,"{'status': 'ok', 'success': True, 'cost': 0.09370402503795916, 'nfev': 6}"
1105,43.512,0.0,-43.43741777845244,-43.34739074265312,128,"{'status': 'ok', 'success': True, 'cost': 0.0939296620237248, 'nfev': 6}"
1106,43.615,0.0,-43.54408445657049,-43.494535610512386,128,"{'status': 'ok', 'success': True, 'cost': 0.09522650203119204, 'nfev': 6}"
1107,43.717,0.0,-43.66320997316806,-43.787721076660084,121,"{'status': 'ok', 'success': True, 'cost': 0.08762640255856886, 'nfev': 6}"
1108,43.82,0.0,-43.82241866712757,-43.853326594613556,121,"{'status': 'ok', 'success': True, 'cost': 0.08803987102731402, 'nfev': 6}"
1109,43.923,0.0,-43.93456124243583,-43.92184126108396,124,"{'status': 'ok', 'success': True, 'cost': 0.08927868348157099, 'nfev': 6}"
1110,44.025,0.0,-43.94532615531601,-43.97043404293755,121,"{'status': 'ok', 'success': True, 'cost': 0.0882796925536891, 'nfev': 6}"
1111,44.128,0.0,-44.02681362678402,-43.99291993675547,119,"{'status': 'ok', 'success': True, 'cost': 0.09066705416219496, 'nfev': 6}"
1112,44.231,0.0,-44.04166108134785,-44.15440737277086,122,"{'status': 'ok', 'success': True, 'cost': 0.09512046355470573, 'nfev': 6}"
1113,44.333,0.0,-44.17490406122732,-44.34818101676033,125,"{'status': 'ok', 'success': True, 'cost': 0.09623938482858778, 'nfev': 6}"
1114,44.436,0.0,-44.30885267434493,-44.32898264450244,128,"{'status': 'ok', 'success': True, 'cost': 0.09799383212745419, 'nfev': 6}"
1115,44.538,0.0,-44.48712932250477,-44.53873888209339,133,"{'status': 'ok', 'success': True, 'cost': 0.10152910851036533, 'nfev': 6}"
1116,44.641,0.0,-44.51999990563283,-44.749514642247775,135,"{'status': 'ok', 'success': True, 'cost': 0.10041126700393874, 'nfev': 6}"
1117,44.744,0.0,-44.65277840419987,-44.82966901209526,131,"{'status': 'ok', 'success': True, 'cost': 0.09449030654201546, 'nfev': 6}"
1118,44.846000000000004,0.0,-44.891661385259056,-44.99913441789095,129,"{'status': 'ok', 'success': True, 'cost': 0.09381787401257796, 'nfev': 6}"
1119,44.949,0.0,-44.90791429993246,-45.04009694727925,132,"{'status': 'ok', 'success': True, 'cost': 0.09834630433117846, 'nfev': 6}"
1120,45.052,0.0,-45.01748280761741,-45.11859480749742,137,"{'status': 'ok', 'success': True, 'cost': 0.10523400186482049, 'nfev': 6}"
1121,45.154,0.0,-45.03206823369796,-45.14413694343346,136,"{'status': 'ok', 'success': True, 'cost': 0.10426183797320264, 'nfev': 6}"
1122,45.257,0.0,-45.15101852580845,-45.09093193237358,138,"{'status': 'ok', 'success': True, 'cost': 0.10695893431644188, 'nfev': 6}"
1123,45.35900000000001,0.0,-45.196244942387075,-45.440209428173475,136,"{'status': 'ok', 'success': True, 'cost': 0.10448799157855387, 'nfev': 6}"
1124,45.462,0.0,-45.44844238622245,-45.64426484071656,135,"{'status': 'ok', 'success': True, 'cost': 0.1020583045486202, 'nfev': 6}"
1125,45.565,0.0,-45.417850625447244,-45.70573508561829,138,"{'status': 'ok', 'success': True, 'cost': 0.10633037860604738, 'nfev': 6}"
1126,45.667,0.0,-45.49098128407425,-45.777822850231935,138,"{'status': 'ok', 'success': True, 'cost': 0.10395220312435723, 'nfev': 6}"
1127,45.77,0.0,-45.507706715001525,-45.77593685798588,140,"{'status': 'ok', 'success': True, 'cost': 0.10290777312640956, 'nfev': 6}"
1128,45.873000000000005,0.0,-45.62951808478574,-45.82305049953158,139,"{'status': 'ok', 'success': True, 'cost': 0.10403591798320877, 'nfev': 6}"
1129,45.975,0.0,-45.715213002258594,-46.001098715514296,141,"{'status': 'ok', 'success': True, 'cost': 0.10584372369441877, 'nfev': 6}"
1130,46.078,0.0,-45.88038931236423,-46.047198122752924,137,"{'status': 'ok', 'success': True, 'cost': 0.10190835989901326, 'nfev': 6}"
1131,46.181,0.0,-45.89623980198848,-46.16665723618091,138,"{'status': 'ok', 'success': True, 'cost': 0.10065255705815468, 'nfev': 6}"
1132,46.283,0.0,-46.071629737683125,-46.43608643881321,139,"{'status': 'ok', 'success': True, 'cost': 0.10217348822906072, 'nfev': 6}"
1133,46.38600000000001,0.0,-46.16371321608062,-46.46043282914564,139,"{'status': 'ok', 'success': True, 'cost': 0.10224001903272556, 'nfev': 6}"
1134,46.488,0.0,-46.26812458181685,-46.455122812490686,133,"{'status': 'ok', 'success': True, 'cost': 0.09906039307484166, 'nfev': 6}"
1135,46.591,0.0,-46.28727770628398,-46.53399509510308,135,"{'status': 'ok', 'success': True, 'cost': 0.09947662655503131, 'nfev': 6}"
1136,46.694,0.0,-46.24384566701298,-46.62191585337869,131,"{'status': 'ok', 'success': True, 'cost': 0.09380722447454806, 'nfev': 6}"
1137,46.796,0.0,-46.3721816523311,-46.86535674358368,130,"{'status': 'ok', 'success': True, 'cost': 0.0932168642533321, 'nfev': 6}"
1138,46.899,0.0,-46.483591450473774,-46.98828614612387,135,"{'status': 'ok', 'success': True, 'cost': 0.09931368938365584, 'nfev': 6}"
1139,47.002,0.0,-46.62424015075978,-47.0289845873265,131,"{'status': 'ok', 'success': True, 'cost': 0.09789890043197605, 'nfev': 6}"
1140,47.104,0.0,-46.63074678785003,-47.2056849279041,127,"{'status': 'ok', 'success': True, 'cost': 0.09598714749915983, 'nfev': 6}"
1141,47.207,0.0,-46.77369026203257,-47.22647087895297,129,"{'status': 'ok', 'success': True, 'cost': 0.09785903784357572, 'nfev': 6}"
1142,47.31,0.0,-46.8771807670186,-47.42062272774097,126,"{'status': 'ok', 'success': True, 'cost': 0.0924537594859471, 'nfev': 6}"
1143,47.412,0.0,-46.90102787304063,-47.43422343486364,126,"{'status': 'ok', 'success': True, 'cost': 0.0914115555236661, 'nfev': 6}"
1144,47.515,0.0,-47.11092558783689,-47.48005966605874,129,"{'status': 'ok', 'success': True, 'cost': 0.09403891291970942, 'nfev': 6}"
1145,47.617,0.0,-47.361194079735085,-47.60381866464232,130,"{'status': 'ok', 'success': True, 'cost': 0.09880985653794175, 'nfev': 6}"
1146,47.72,0.0,-47.50904600596229,-47.8028731388867,127,"{'status': 'ok', 'success': True, 'cost': 0.09575825838911958, 'nfev': 6}"
1147,47.823,0.0,-47.51460212052768,-47.85393381882496,127,"{'status': 'ok', 'success': True, 'cost': 0.09596143909418298, 'nfev': 6}"
1148,47.925,0.0,-47.60593435971136,-47.99258701377732,132,"{'status': 'ok', 'success': True, 'cost': 0.10049668041944629, 'nfev': 6}"
1149,48.028,0.0,-47.951695454060776,-48.01536912776984,132,"{'status': 'ok', 'success': True, 'cost': 0.10208964425522543, 'nfev': 6}"
1150,48.131,0.0,-47.865138052811275,-48.254801224145424,126,"{'status': 'ok', 'success': True, 'cost': 0.09562674778102032, 'nfev': 6}"
1151,48.233000000000004,0.0,-48.0549524136946,-48.33838385669976,123,"{'status': 'ok', 'success': True, 'cost': 0.09635384140618083, 'nfev': 6}"
1152,48.336,0.0,-48.19567122624199,-48.55360941718809,125,"{'status': 'ok', 'success': True, 'cost': 0.09798762183765014, 'nfev': 6}"
1153,48.438,0.0,-48.136241225953526,-48.60968798866554,120,"{'status': 'ok', 'success': True, 'cost': 0.09476036055986382, 'nfev': 6}"
1154,48.541,0.0,-48.21263371080973,-48.67538212962464,123,"{'status': 'ok', 'success': True, 'cost': 0.09709658829359168, 'nfev': 6}"
1155,48.644,0.0,-48.40824888667244,-48.84520643424817,131,"{'status': 'ok', 'success': True, 'cost': 0.10292815944840313, 'nfev': 6}"
1156,48.74600000000001,0.0,-48.50346436670875,-48.793165737773414,130,"{'status': 'ok', 'success': True, 'cost': 0.10223242962104234, 'nfev': 6}"
1157,48.849,0.0,-48.56364013215892,-48.92175187238985,134,"{'status': 'ok', 'success': True, 'cost': 0.10216477327675233, 'nfev': 6}"
1158,48.952,0.0,-48.780457454198945,-48.88201203984757,131,"{'status': 'ok', 'success': True, 'cost': 0.10091882894946336, 'nfev': 6}"
1159,49.054,0.0,-49.10279102052761,-49.02318190619203,128,"{'status': 'ok', 'success': True, 'cost': 0.09661945255168744, 'nfev': 6}"
1160,49.157,0.0,-49.27213840225447,-49.10618756375769,133,"{'status': 'ok', 'success': True, 'cost': 0.09863027858050509, 'nfev': 6}"
1161,49.260000000000005,0.0,-49.41049807932867,-49.25244124608702,135,"{'status': 'ok', 'success': True, 'cost': 0.10149347414100658, 'nfev': 6}"
1162,49.362,0.0,-49.52075496920025,-49.53063240381969,132,"{'status': 'ok', 'success': True, 'cost': 0.09917373687852972, 'nfev': 6}"
1163,49.465,0.0,-49.65674343572807,-49.60268517839914,132,"{'status': 'ok', 'success': True, 'cost': 0.10256065244477902, 'nfev': 6}"
1164,49.567,0.0,-49.721920344510124,-49.84033563904756,134,"{'status': 'ok', 'success': True, 'cost': 0.10221161779342322, 'nfev': 6}"
1165,49.67,0.0,-49.72793438970004,-49.70948475841242,141,"{'status': 'ok', 'success': True, 'cost': 0.10498966462113687, 'nfev': 6}"
1166,49.77300000000001,0.0,-49.887985703966706,-49.717523129062,143,"{'status': 'ok', 'success': True, 'cost': 0.10597865332311437, 'nfev': 6}"
1167,49.875,0.0,-49.945714841606694,-49.741657647344574,144,"{'status': 'ok', 'success': True, 'cost': 0.10827436724041045, 'nfev': 6}"
1168,49.978,0.0,-50.05007538934232,-49.88021949376401,139,"{'status': 'ok', 'success': True, 'cost': 0.10732386801708675, 'nfev': 6}"
1169,50.081,0.0,-50.268713917751164,-49.89116657942657,136,"{'status': 'ok', 'success': True, 'cost': 0.10629649422953709, 'nfev': 6}"
1170,50.183,0.0,-50.294735772084664,-49.98925777689615,132,"{'status': 'ok', 'success': True, 'cost': 0.10705191767118616, 'nfev': 6}"
1171,50.286,0.0,-50.406703248359975,-50.21504783258916,131,"{'status': 'ok', 'success': True, 'cost': 0.1058304915512246, 'nfev': 6}"
1172,50.389,0.0,-50.47862563667548,-50.34117718991365,131,"{'status': 'ok', 'success': True, 'cost': 0.10477830631851026, 'nfev': 6}"
1173,50.491,0.0,-50.60878252793773,-50.46932198133228,135,"{'status': 'ok', 'success': True, 'cost': 0.10637389560490695, 'nfev': 6}"
1174,50.594,0.0,-50.75091557575057,-50.555983584512646,140,"{'status': 'ok', 'success': True, 'cost': 0.11243192850875, 'nfev': 6}"
1175,50.696,0.0,-50.80353529285985,-50.60831999405906,138,"{'status': 'ok', 'success': True, 'cost': 0.10994887285581517, 'nfev': 6}"
1176,50.799,0.0,-50.85048018537663,-50.53961106738912,136,"{'status': 'ok', 'success': True, 'cost': 0.10849955968955671, 'nfev': 6}"
1177,50.902,0.0,-50.97077634771696,-50.68827952629282,133,"{'status': 'ok', 'success': True, 'cost': 0.10254013195676565, 'nfev': 6}"
1178,51.004,0.0,-51.11042687418732,-50.82861309878441,131,"{'status': 'ok', 'success': True, 'cost': 0.09942626780640451, 'nfev': 6}"
1179,51.107000000000006,0.0,-51.20035497501607,-50.83239189676727,132,"{'status': 'ok', 'success': True, 'cost': 0.10034848131010507, 'nfev': 6}"
1180,51.21,0.0,-51.34347077239066,-51.18312368402156,136,"{'status': 'ok', 'success': True, 'cost': 0.10261215676586669, 'nfev': 6}"
1181,51.312,0.0,-51.50442824186015,-51.51036723068579,136,"{'status': 'ok', 'success': True, 'cost': 0.10481094453699202, 'nfev': 6}"
1182,51.415,0.0,-51.50015903073049,-51.67830803958102,132,"{'status': 'ok', 'success': True, 'cost': 0.10072325432849807, 'nfev': 6}"
1183,51.517,0.0,-51.56091838776484,-51.700832451186244,132,"{'status': 'ok', 'success': True, 'cost': 0.09984422142152877, 'nfev': 6}"
1184,51.620000000000005,0.0,-51.59297442834392,-51.87436376734553,130,"{'status': 'ok', 'success': True, 'cost': 0.0979837351520447, 'nfev': 6}"
1185,51.723,0.0,-51.652258724206185,-51.90422494764234,130,"{'status': 'ok', 'success': True, 'cost': 0.10030994898458234, 'nfev': 6}"
1186,51.825,0.0,-51.771053979132944,-51.897952650978986,132,"{'status': 'ok', 'success': True, 'cost': 0.1048358779133926, 'nfev': 6}"
1187,51.928,0.0,-51.881358902802106,-51.96787408049073,129,"{'status': 'ok', 'success': True, 'cost': 0.1012402218604315, 'nfev': 6}"
1188,52.031,0.0,-51.99626558203847,-52.00282414161338,127,"{'status': 'ok', 'success': True, 'cost': 0.09739525045494618, 'nfev': 6}"
1189,52.13300000000001,0.0,-52.188206966014825,-52.10862702321468,130,"{'status': 'ok', 'success': True, 'cost': 0.09923841576091602, 'nfev': 6}"
1190,52.236,0.0,-52.18429640315997,-52.15098006247232,132,"{'status': 'ok', 'success': True, 'cost': 0.10054034966304898, 'nfev': 6}"
1191,52.339,0.0,-52.23924282744307,-52.20823163481154,141,"{'status': 'ok', 'success': True, 'cost': 0.10737134280665706, 'nfev': 6}"
1192,52.441,0.0,-52.32746266450607,-52.48516025148708,134,"{'status': 'ok', 'success': True, 'cost': 0.09943466552515362, 'nfev': 6}"
1193,52.544,0.0,-52.49454269504155,-52.62377506613901,139,"{'status': 'ok', 'success': True, 'cost': 0.10443796701326666, 'nfev': 6}"
1194,52.646,0.0,-52.61369866134118,-52.6469996598002,134,"{'status': 'ok', 'success': True, 'cost': 0.09743766756330238, 'nfev': 6}"
1195,52.749,0.0,-52.7051882871063,-52.62813725343292,132,"{'status': 'ok', 'success': True, 'cost': 0.09822361575185841, 'nfev': 6}"
1196,52.852,0.0,-52.7902930597366,-52.78302577459609,126,"{'status': 'ok', 'success': True, 'cost': 0.09315597783070415, 'nfev': 6}"
1197,52.954,0.0,-52.85447105554868,-52.93767575419742,128,"{'status': 'ok', 'success': True, 'cost': 0.09802720231811211, 'nfev': 6}"
1198,53.057,0.0,-53.119254870251446,-53.13534462544596,133,"{'status': 'ok', 'success': True, 'cost': 0.10469049550770515, 'nfev': 6}"
1199,53.16,0.0,-53.192225547574935,-53.159281290095215,138,"{'status': 'ok', 'success': True, 'cost': 0.10809244777229213, 'nfev': 6}"
1200,53.262,0.0,-53.288892381788614,-53.2090623466206,137,"{'status': 'ok', 'success': True, 'cost': 0.10840253775308695, 'nfev': 6}"
1201,53.365,0.0,-53.36147154534118,-53.17763847276071,137,"{'status': 'ok', 'success': True, 'cost': 0.10667732537951388, 'nfev': 6}"
1202,53.467000000000006,0.0,-53.417202926452184,-53.25650524347267,137,"{'status': 'ok', 'success': True, 'cost': 0.10789074951835008, 'nfev': 6}"
1203,53.57,0.0,-53.4868803740428,-53.35095992941803,138,"{'status': 'ok', 'success': True, 'cost': 0.10732308158195603, 'nfev': 6}"
1204,53.673,0.0,-53.61328025291686,-53.504092478312494,141,"{'status': 'ok', 'success': True, 'cost': 0.11104902455888668, 'nfev': 6}"
1205,53.775,0.0,-53.55355706859612,-53.64106095998356,140,"{'status': 'ok', 'success': True, 'cost': 0.10797354150624977, 'nfev': 6}"
1206,53.878,0.0,-53.72629353572388,-53.863424434775794,141,"{'status': 'ok', 'success': True, 'cost': 0.10842943354654037, 'nfev': 6}"
1207,53.981,0.0,-53.91807722716658,-54.037851303865494,139,"{'status': 'ok', 'success': True, 'cost': 0.10703227939427, 'nfev': 6}"
1208,54.083,0.0,-54.18365174799686,-54.14329088093466,139,"{'status': 'ok', 'success': True, 'cost': 0.10582050862627863, 'nfev': 6}"
1209,54.186,0.0,-54.26975394511931,-54.30214738332298,138,"{'status': 'ok', 'success': True, 'cost': 0.10446755316437792, 'nfev': 6}"
1210,54.289,0.0,-54.34054139181453,-54.276269124579684,139,"{'status': 'ok', 'success': True, 'cost': 0.10582145323290174, 'nfev': 6}"
1211,54.391,0.0,-54.34481833987047,-54.37760372615593,136,"{'status': 'ok', 'success': True, 'cost': 0.10583047167680404, 'nfev': 6}"
1212,54.49400000000001,0.0,-54.510154762030574,-54.5061730256432,139,"{'status': 'ok', 'success': True, 'cost': 0.1036170467050657, 'nfev': 6}"
1213,54.596,0.0,-54.72454210048194,-54.510676632396326,133,"{'status': 'ok', 'success': True, 'cost': 0.10130003463283807, 'nfev': 6}"
1214,54.699,0.0,-54.67133142550443,-54.516548485628746,133,"{'status': 'ok', 'success': True, 'cost': 0.09707682407401742, 'nfev': 6}"
1215,54.802,0.0,-54.77114013361916,-54.66835911305995,131,"{'status': 'ok', 'success': True, 'cost': 0.09762229701438052, 'nfev': 6}"
1216,54.904,0.0,-54.897027282041705,-54.80890161868965,129,"{'status': 'ok', 'success': True, 'cost': 0.09627620674869342, 'nfev': 6}"
1217,55.007000000000005,0.0,-54.998372077362475,-55.07102921028,132,"{'status': 'ok', 'success': True, 'cost': 0.0984261230937975, 'nfev': 6}"
1218,55.11,0.0,-55.05586752065448,-55.052980555446986,129,"{'status': 'ok', 'success': True, 'cost': 0.0952385044146928, 'nfev': 6}"
1219,55.212,0.0,-55.176477682797966,-55.119816949063086,132,"{'status': 'ok', 'success': True, 'cost': 0.0979668942430365, 'nfev': 6}"
1220,55.315,0.0,-55.27411486725258,-55.405433648788076,123,"{'status': 'ok', 'success': True, 'cost': 0.08586786608977148, 'nfev': 6}"
1221,55.418,0.0,-55.540238349403914,-55.57555574921459,129,"{'status': 'ok', 'success': True, 'cost': 0.09375343957162074, 'nfev': 6}"
1222,55.52000000000001,0.0,-55.54625265931358,-55.5343162955523,129,"{'status': 'ok', 'success': True, 'cost': 0.09668523898139988, 'nfev': 6}"
1223,55.623,0.0,-55.75056162776287,-55.58055326489677,128,"{'status': 'ok', 'success': True, 'cost': 0.09620714902029479, 'nfev': 6}"
1224,55.725,0.0,-55.736553373040344,-55.90803970059861,129,"{'status': 'ok', 'success': True, 'cost': 0.09701187885986545, 'nfev': 6}"
1225,55.828,0.0,-55.74897908048272,-55.90883043767093,131,"{'status': 'ok', 'success': True, 'cost': 0.09575707345818003, 'nfev': 6}"
1226,55.931,0.0,-55.833015650873854,-55.976367910820706,135,"{'status': 'ok', 'success': True, 'cost': 0.10261701730253739, 'nfev': 7}"
1227,56.033,0.0,-55.86127694623243,-56.148415552383796,136,"{'status': 'ok', 'success': True, 'cost': 0.10598909935040451, 'nfev': 7}"
1228,56.136,0.0,-55.99799068975915,-56.12154728017731,137,"{'status': 'ok', 'success': True, 'cost': 0.10967329020755062, 'nfev': 7}"
1229,56.239,0.0,-56.15718052804041,-56.20660843206214,136,"{'status': 'ok', 'success': True, 'cost': 0.10437123185100672, 'nfev': 6}"
1230,56.341,0.0,-56.272789813895194,-56.34364534177643,136,"{'status': 'ok', 'success': True, 'cost': 0.10583664001526619, 'nfev': 7}"
1231,56.444,0.0,-56.40831869794385,-56.38036071620506,137,"{'status': 'ok', 'success': True, 'cost': 0.10780391476918491, 'nfev': 7}"
1232,56.546,0.0,-56.515331201782864,-56.61220434762818,137,"{'status': 'ok', 'success': True, 'cost': 0.1078829700008786, 'nfev': 7}"
1233,56.649,0.0,-56.67930719193407,-56.845756695876716,135,"{'status': 'ok', 'success': True, 'cost': 0.10180822051038436, 'nfev': 7}"
1234,56.752,0.0,-56.866390594521896,-56.82479779631737,138,"{'status': 'ok', 'success': True, 'cost': 0.1039080819041539, 'nfev': 7}"
1235,56.854000000000006,0.0,-56.965429553512394,-56.85641769166059,137,"{'status': 'ok', 'success': True, 'cost': 0.10230006168994786, 'nfev': 7}"
1236,56.957,0.0,-57.11275725397345,-56.765851365977454,137,"{'status': 'ok', 'success': True, 'cost': 0.10009857659299576, 'nfev': 7}"
1237,57.06,0.0,-57.21297623262517,-56.89554749164329,143,"{'status': 'ok', 'success': True, 'cost': 0.10868560252885302, 'nfev': 7}"
1238,57.162,0.0,-57.22071573815512,-57.009408399745816,143,"{'status': 'ok', 'success': True, 'cost': 0.10754772259362122, 'nfev': 7}"
1239,57.265,0.0,-57.253335174450015,-57.11721424407896,142,"{'status': 'ok', 'success': True, 'cost': 0.10769080540100681, 'nfev': 7}"
1240,57.368,0.0,-57.40869309739757,-57.2449391874262,143,"{'status': 'ok', 'success': True, 'cost': 0.11008403745961587, 'nfev': 7}"
1241,57.47,0.0,-57.476076825959765,-57.404387499076634,139,"{'status': 'ok', 'success': True, 'cost': 0.10509700429162597, 'nfev': 7}"
1242,57.573,0.0,-57.62062736220826,-57.38402101276595,136,"{'status': 'ok', 'success': True, 'cost': 0.10233475913154613, 'nfev': 7}"
1243,57.675,0.0,-57.661368694138496,-57.63408381500292,131,"{'status': 'ok', 'success': True, 'cost': 0.0977359002416738, 'nfev': 7}"
1244,57.778,0.0,-57.73934575405798,-57.65756276672994,132,"{'status': 'ok', 'success': True, 'cost': 0.09979737748435333, 'nfev': 7}"
1245,57.881,0.0,-57.9468421366451,-57.74884060246749,123,"{'status': 'ok', 'success': True, 'cost': 0.09035168695424635, 'nfev': 7}"
1246,57.983,0.0,-57.94314505440807,-57.89252180405736,125,"{'status': 'ok', 'success': True, 'cost': 0.0956424665045319, 'nfev': 7}"
1247,58.086,0.0,-58.05535372997834,-57.87022134742061,125,"{'status': 'ok', 'success': True, 'cost': 0.09933766595330473, 'nfev': 7}"
1248,58.18899999999999,0.0,-58.211151720151825,-57.99337396143434,130,"{'status': 'ok', 'success': True, 'cost': 0.10504873919497415, 'nfev': 7}"
1249,58.291,0.0,-58.3614846562375,-58.150182442035785,132,"{'status': 'ok', 'success': True, 'cost': 0.10842917744025665, 'nfev': 7}"
1250,58.394,0.0,-58.46038324916725,-58.413253596361706,131,"{'status': 'ok', 'success': True, 'cost': 0.10462551903048595, 'nfev': 7}"
1251,58.49699999999999,0.0,-58.335536301419914,-58.567428093310795,138,"{'status': 'ok', 'success': True, 'cost': 0.10671410181895, 'nfev': 7}"
1252,58.599,0.0,-58.44883781302138,-58.800169148523366,141,"{'status': 'ok', 'success': True, 'cost': 0.10711773343175279, 'nfev': 7}"
1253,58.702,0.0,-58.56151540268072,-58.87382170870858,138,"{'status': 'ok', 'success': True, 'cost': 0.10303648355892156, 'nfev': 7}"
1254,58.80400000000001,0.0,-58.644008922393894,-58.99658642693151,142,"{'status': 'ok', 'success': True, 'cost': 0.10617618278967525, 'nfev': 7}"
1255,58.907,0.0,-58.70407528081043,-58.91092123902871,136,"{'status': 'ok', 'success': True, 'cost': 0.10495134734538761, 'nfev': 7}"
1256,59.00999999999999,0.0,-58.84818748157456,-59.04859685849906,135,"{'status': 'ok', 'success': True, 'cost': 0.10649642344106573, 'nfev': 7}"
1257,59.11200000000001,0.0,-58.86779498501722,-59.22484115121622,134,"{'status': 'ok', 'success': True, 'cost': 0.10565912589135253, 'nfev': 7}"
1258,59.215,0.0,-58.984280010219784,-59.36443109449568,136,"{'status': 'ok', 'success': True, 'cost': 0.10671539761693802, 'nfev': 7}"
1259,59.318000000000005,0.0,-59.17067137451052,-59.408411296328715,139,"{'status': 'ok', 'success': True, 'cost': 0.10787967112980726, 'nfev': 7}"
1260,59.42000000000001,0.0,-59.29531930054874,-59.45445951468703,143,"{'status': 'ok', 'success': True, 'cost': 0.10962507367130905, 'nfev': 7}"
1261,59.523,0.0,-59.33984635294358,-59.47073336007903,137,"{'status': 'ok', 'success': True, 'cost': 0.10344788936761404, 'nfev': 7}"
1262,59.62500000000001,0.0,-59.50236568654661,-59.50490899672126,135,"{'status': 'ok', 'success': True, 'cost': 0.10154347039034814, 'nfev': 7}"
1263,59.728,0.0,-59.55509740730018,-59.750243497355875,138,"{'status': 'ok', 'success': True, 'cost': 0.10592112594525063, 'nfev': 7}"
1264,59.831,0.0,-59.57400937688991,-59.88118768572366,133,"{'status': 'ok', 'success': True, 'cost': 0.10152436387253341, 'nfev': 7}"
1265,59.93300000000001,0.0,-59.826432357342625,-60.17303528876834,137,"{'status': 'ok', 'success': True, 'cost': 0.10529018806658144, 'nfev': 7}"
1266,60.036,0.0,-59.94516368834768,-60.269765665110626,135,"{'status': 'ok', 'success': True, 'cost': 0.10021539574721483, 'nfev': 7}"
1267,60.139,0.0,-60.12732605999689,-60.31229803985938,139,"{'status': 'ok', 'success': True, 'cost': 0.10471403613536515, 'nfev': 7}"
1268,60.24100000000001,0.0,-60.222364234082605,-60.414882138903934,136,"{'status': 'ok', 'success': True, 'cost': 0.10493326675230161, 'nfev': 7}"
1269,60.344,0.0,-60.33482354731677,-60.39496890629945,136,"{'status': 'ok', 'success': True, 'cost': 0.103865560574618, 'nfev': 7}"
1270,60.447,0.0,-60.487867877221994,-60.50412421078402,144,"{'status': 'ok', 'success': True, 'cost': 0.10963866741355596, 'nfev': 7}"
1271,60.549,0.0,-60.60377439658542,-60.63093707350442,140,"{'status': 'ok', 'success': True, 'cost': 0.10522904767972444, 'nfev': 7}"
1272,60.652,0.0,-60.5654195657396,-60.84221773465114,141,"{'status': 'ok', 'success': True, 'cost': 0.10820972087374174, 'nfev': 7}"
1273,60.754000000000005,0.0,-60.726268429615004,-60.76857037923334,139,"{'status': 'ok', 'success': True, 'cost': 0.10576842631868054, 'nfev': 7}"
1274,60.857,0.0,-60.86372986309548,-60.67436222002903,133,"{'status': 'ok', 'success': True, 'cost': 0.10022206296493648, 'nfev': 7}"
1275,60.96,0.0,-60.87647008942368,-60.85071110189159,130,"{'status': 'ok', 'success': True, 'cost': 0.09793875305494551, 'nfev': 7}"
1276,61.062,0.0,-61.00426894763551,-61.04688082182611,130,"{'status': 'ok', 'success': True, 'cost': 0.10004428730738554, 'nfev': 7}"
1277,61.165,0.0,-61.033702846850815,-61.31330497138874,137,"{'status': 'ok', 'success': True, 'cost': 0.10629253598227985, 'nfev': 7}"
1278,61.268,0.0,-61.16139784596451,-61.40709782186836,133,"{'status': 'ok', 'success': True, 'cost': 0.10085845583428862, 'nfev': 7}"
1279,61.37,0.0,-61.210574072145945,-61.476987034366324,133,"{'status': 'ok', 'success': True, 'cost': 0.09972923954854718, 'nfev': 7}"
1280,61.473,0.0,-61.43573674083564,-61.45067980149695,138,"{'status': 'ok', 'success': True, 'cost': 0.10726627317637927, 'nfev': 7}"
1281,61.57599999999999,0.0,-61.51082644331852,-61.580436482995964,137,"{'status': 'ok', 'success': True, 'cost': 0.10666144074472148, 'nfev': 7}"
1282,61.678,0.0,-61.53983122405288,-61.66382900288718,138,"{'status': 'ok', 'success': True, 'cost': 0.10717194920675707, 'nfev': 7}"
1283,61.781,0.0,-61.71203455376353,-61.63208309558756,135,"{'status': 'ok', 'success': True, 'cost': 0.10225368515847807, 'nfev': 7}"
1284,61.882999999999996,0.0,-61.79626103847687,-61.728019836855026,139,"{'status': 'ok', 'success': True, 'cost': 0.10775508051812546, 'nfev': 7}"
1285,61.986,0.0,-62.008523475393474,-61.948258118725676,137,"{'status': 'ok', 'success': True, 'cost': 0.10366610783858057, 'nfev': 7}"
1286,62.089,0.0,-62.06867933281409,-62.03517593242537,136,"{'status': 'ok', 'success': True, 'cost': 0.10316655368057469, 'nfev': 7}"
1287,62.19100000000001,0.0,-62.110373434855326,-62.10230413226113,137,"{'status': 'ok', 'success': True, 'cost': 0.10350603060168478, 'nfev': 7}"
1288,62.294,0.0,-62.14963561210845,-62.331217063435176,138,"{'status': 'ok', 'success': True, 'cost': 0.11145485889878048, 'nfev': 7}"
1289,62.39699999999999,0.0,-62.32665339996597,-62.547830998001885,140,"{'status': 'ok', 'success': True, 'cost': 0.11434071552954723, 'nfev': 7}"
1290,62.49900000000001,0.0,-62.38152070405707,-62.60898792323097,136,"{'status': 'ok', 'success': True, 'cost': 0.10933168793086276, 'nfev': 7}"
1291,62.602,0.0,-62.44418865778296,-62.49797988374034,135,"{'status': 'ok', 'success': True, 'cost': 0.10815749352291312, 'nfev': 7}"
1292,62.70400000000001,0.0,-62.526052487894,-62.52006922084952,134,"{'status': 'ok', 'success': True, 'cost': 0.1058976702708328, 'nfev': 7}"
1293,62.80700000000001,0.0,-62.57307186979767,-62.66841459225,138,"{'status': 'ok', 'success': True, 'cost': 0.11008681664861877, 'nfev': 7}"
1294,62.90999999999999,0.0,-62.69657274258531,-62.68130396991696,140,"{'status': 'ok', 'success': True, 'cost': 0.11111495338374273, 'nfev': 7}"
1295,63.01200000000001,0.0,-62.81090466171132,-62.798858636743674,138,"{'status': 'ok', 'success': True, 'cost': 0.11116849391863559, 'nfev': 7}"
1296,63.115,0.0,-63.00237217635772,-63.03502782678812,133,"{'status': 'ok', 'success': True, 'cost': 0.10587022858794284, 'nfev': 7}"
1297,63.218,0.0,-63.13284540741933,-63.150966538926525,132,"{'status': 'ok', 'success': True, 'cost': 0.10306694903342893, 'nfev': 7}"
1298,63.32000000000001,0.0,-63.236195046152815,-63.35933840178526,139,"{'status': 'ok', 'success': True, 'cost': 0.1128072518030491, 'nfev': 7}"
1299,63.423,0.0,-63.50463031545715,-63.46145162237691,136,"{'status': 'ok', 'success': True, 'cost': 0.10669581364434157, 'nfev': 7}"
1300,63.526,0.0,-63.63683698712198,-63.70144696188696,135,"{'status': 'ok', 'success': True, 'cost': 0.10687550286589441, 'nfev': 7}"
1301,63.62800000000001,0.0,-63.78037067019788,-63.75742897131103,135,"{'status': 'ok', 'success': True, 'cost': 0.1114836051817791, 'nfev': 7}"
1302,63.731,0.0,-63.97247633455078,-63.87241558710611,137,"{'status': 'ok', 'success': True, 'cost': 0.1115388840150009, 'nfev': 7}"
1303,63.833000000000006,0.0,-64.0959568356531,-63.89566048285032,136,"{'status': 'ok', 'success': True, 'cost': 0.10920684080184809, 'nfev': 7}"
1304,63.936,0.0,-64.18092611761993,-63.98518949933021,135,"{'status': 'ok', 'success': True, 'cost': 0.10812055218227307, 'nfev': 7}"
1305,64.039,0.0,-64.20879948947601,-64.17936471579287,132,"{'status': 'ok', 'success': True, 'cost': 0.10246833473563788, 'nfev': 7}"
1306,64.141,0.0,-64.33988507683793,-64.25404942035581,129,"{'status': 'ok', 'success': True, 'cost': 0.09822582675815052, 'nfev': 7}"
1307,64.244,0.0,-64.50032601361366,-64.32909051025773,134,"{'status': 'ok', 'success': True, 'cost': 0.1012550736766869, 'nfev': 7}"
1308,64.347,0.0,-64.56719045352285,-64.50327399367521,136,"{'status': 'ok', 'success': True, 'cost': 0.10475484480672537, 'nfev': 7}"
1309,64.449,0.0,-64.70019019813336,-64.59745474737146,134,"{'status': 'ok', 'success': True, 'cost': 0.10330374405065859, 'nfev': 7}"
1310,64.552,0.0,-64.71841273017917,-64.65485715685892,132,"{'status': 'ok', 'success': True, 'cost': 0.09697781091846142, 'nfev': 7}"
1311,64.654,0.0,-64.84733835766791,-64.69308483845028,132,"{'status': 'ok', 'success': True, 'cost': 0.09872160679957927, 'nfev': 7}"
1312,64.757,0.0,-64.88355853452863,-64.84920151312296,140,"{'status': 'ok', 'success': True, 'cost': 0.1062667186063542, 'nfev': 7}"
1313,64.86,0.0,-64.99182070939557,-64.86906051268946,132,"{'status': 'ok', 'success': True, 'cost': 0.09989933377420726, 'nfev': 7}"
1314,64.962,0.0,-65.00240777067077,-64.84049222809367,129,"{'status': 'ok', 'success': True, 'cost': 0.10054948607667297, 'nfev': 7}"
1315,65.065,0.0,-65.0534097754229,-65.03487043311688,129,"{'status': 'ok', 'success': True, 'cost': 0.10215402430507375, 'nfev': 7}"
1316,65.168,0.0,-65.19699518417444,-65.18237433453584,129,"{'status': 'ok', 'success': True, 'cost': 0.10677207671317093, 'nfev': 7}"
1317,65.27,0.0,-65.31776619372233,-65.16060726885267,131,"{'status': 'ok', 'success': True, 'cost': 0.11030935880169619, 'nfev': 7}"
1318,65.373,0.0,-65.4623542641813,-65.27346200325077,130,"{'status': 'ok', 'success': True, 'cost': 0.11152594597863341, 'nfev': 7}"
1319,65.476,0.0,-65.61693056953447,-65.54582109830787,131,"{'status': 'ok', 'success': True, 'cost': 0.1059807107774673, 'nfev': 7}"
1320,65.578,0.0,-65.64692958080923,-65.71293094289268,135,"{'status': 'ok', 'success': True, 'cost': 0.10813137641636786, 'nfev': 8}"
1321,65.681,0.0,-65.71694228671367,-65.90412571930577,136,"{'status': 'ok', 'success': True, 'cost': 0.10587926742654896, 'nfev': 8}"
1322,65.783,0.0,-65.7884856613006,-65.94038130611642,138,"{'status': 'ok', 'success': True, 'cost': 0.10549039019252096, 'nfev': 7}"
1323,65.886,0.0,-65.99483462917549,-65.90987269578561,140,"{'status': 'ok', 'success': True, 'cost': 0.1089129166222768, 'nfev': 8}"
1324,65.989,0.0,-66.20801388453984,-66.03366519573004,141,"{'status': 'ok', 'success': True, 'cost': 0.10749590300420928, 'nfev': 8}"
1325,66.091,0.0,-66.15954135450103,-66.1052543346157,143,"{'status': 'ok', 'success': True, 'cost': 0.1112483618226884, 'nfev': 8}"
1326,66.194,0.0,-66.1931797469231,-66.17566025759776,140,"{'status': 'ok', 'success': True, 'cost': 0.11122760381738966, 'nfev': 8}"
1327,66.297,0.0,-66.40162358969619,-66.34600097575701,140,"{'status': 'ok', 'success': True, 'cost': 0.10912540233523829, 'nfev': 8}"
1328,66.399,0.0,-66.40823440893719,-66.55722216781052,132,"{'status': 'ok', 'success': True, 'cost': 0.09974555873510438, 'nfev': 8}"
1329,66.502,0.0,-66.45396154005527,-66.7205625801285,134,"{'status': 'ok', 'success': True, 'cost': 0.09743038722964348, 'nfev': 8}"
1330,66.605,0.0,-66.73251948564979,-66.70097518981939,137,"{'status': 'ok', 'success': True, 'cost': 0.10216490660290233, 'nfev': 8}"
1331,66.707,0.0,-66.73245359921415,-66.76020187447003,134,"{'status': 'ok', 'success': True, 'cost': 0.10327273472750689, 'nfev': 8}"
1332,66.81,0.0,-66.76634155245817,-66.73703871382202,131,"{'status': 'ok', 'success': True, 'cost': 0.10198260311074206, 'nfev': 8}"
1333,66.912,0.0,-66.84658834518923,-66.92011211908975,137,"{'status': 'ok', 'success': True, 'cost': 0.11142791073164635, 'nfev': 8}"
1334,67.015,0.0,-66.93203143506287,-66.92116825036778,140,"{'status': 'ok', 'success': True, 'cost': 0.11611221636802233, 'nfev': 8}"
1335,67.118,0.0,-66.99834177458635,-67.07152398398222,135,"{'status': 'ok', 'success': True, 'cost': 0.10809915890201664, 'nfev': 8}"
1336,67.22,0.0,-67.041926996729,-67.20085726441906,133,"{'status': 'ok', 'success': True, 'cost': 0.1035645359755511, 'nfev': 8}"
1337,67.323,0.0,-66.98185148882305,-67.31448462002177,136,"{'status': 'ok', 'success': True, 'cost': 0.10448502547506605, 'nfev': 8}"
1338,67.426,0.0,-67.13732553520666,-67.49057253135764,132,"{'status': 'ok', 'success': True, 'cost': 0.09627433714584496, 'nfev': 8}"
1339,67.528,0.0,-67.29801494812564,-67.55744193870488,133,"{'status': 'ok', 'success': True, 'cost': 0.09686381634055406, 'nfev': 8}"
1340,67.631,0.0,-67.343430615628,-67.69343336021353,135,"{'status': 'ok', 'success': True, 'cost': 0.09910536298082642, 'nfev': 8}"
1341,67.733,0.0,-67.66690517234515,-67.73110356833374,135,"{'status': 'ok', 'success': True, 'cost': 0.10113506461866807, 'nfev': 8}"
1342,67.836,0.0,-67.78789867751918,-67.74403967571493,131,"{'status': 'ok', 'success': True, 'cost': 0.10066887454564624, 'nfev': 8}"
1343,67.93900000000001,0.0,-67.99727950434946,-67.7866470732599,134,"{'status': 'ok', 'success': True, 'cost': 0.10087836141077658, 'nfev': 8}"
1344,68.041,0.0,-68.16071781303714,-67.88663095727048,133,"{'status': 'ok', 'success': True, 'cost': 0.09929621367803011, 'nfev': 8}"
1345,68.144,0.0,-68.2700073214212,-68.13341919537959,136,"{'status': 'ok', 'success': True, 'cost': 0.10454018253180672, 'nfev': 8}"
1346,68.247,0.0,-68.38164890670055,-68.2690522910396,132,"{'status': 'ok', 'success': True, 'cost': 0.10123980587639855, 'nfev': 8}"
1347,68.349,0.0,-68.39320539403424,-68.37817292841925,135,"{'status': 'ok', 'success': True, 'cost': 0.10502541401782828, 'nfev': 8}"
1348,68.452,0.0,-68.48072304043123,-68.36657831439054,132,"{'status': 'ok', 'success': True, 'cost': 0.1024665899275273, 'nfev': 8}"
1349,68.555,0.0,-68.56264757998738,-68.58686568655871,131,"{'status': 'ok', 'success': True, 'cost': 0.09919207697075877, 'nfev': 8}"
1350,68.657,0.0,-68.6150008533101,-68.65347037897901,129,"{'status': 'ok', 'success': True, 'cost': 0.09814169993589023, 'nfev': 8}"
1351,68.76,0.0,-68.73752872946145,-68.66411170861873,134,"{'status': 'ok', 'success': True, 'cost': 0.10166783739678709, 'nfev': 8}"
1352,68.862,0.0,-68.75607984487505,-68.6916903311305,138,"{'status': 'ok', 'success': True, 'cost': 0.10440780498945125, 'nfev': 8}"
1353,68.965,0.0,-68.94678265744855,-68.90386427109085,139,"{'status': 'ok', 'success': True, 'cost': 0.10439723094511161, 'nfev': 8}"
1354,69.068,0.0,-69.14601219678187,-69.0400190845113,136,"{'status': 'ok', 'success': True, 'cost': 0.10047036785103425, 'nfev': 8}"
1355,69.17,0.0,-69.28891656333967,-69.0778669750121,140,"{'status': 'ok', 'success': True, 'cost': 0.10500964328744984, 'nfev': 8}"
1356,69.273,0.0,-69.34781691819808,-69.25149037180532,140,"{'status': 'ok', 'success': True, 'cost': 0.10763025276143819, 'nfev': 8}"
1357,69.376,0.0,-69.4421734917164,-69.32709137556591,143,"{'status': 'ok', 'success': True, 'cost': 0.10934493532721579, 'nfev': 8}"
1358,69.478,0.0,-69.55814492974072,-69.54129869875965,143,"{'status': 'ok', 'success': True, 'cost': 0.11121411398357786, 'nfev': 8}"
1359,69.581,0.0,-69.60495255479336,-69.62798021226848,143,"{'status': 'ok', 'success': True, 'cost': 0.11343019260642517, 'nfev': 8}"
1360,69.684,0.0,-69.75413692302594,-69.67541150276742,146,"{'status': 'ok', 'success': True, 'cost': 0.11462699164624959, 'nfev': 8}"
1361,69.786,0.0,-69.98593677314302,-69.67283524889085,143,"{'status': 'ok', 'success': True, 'cost': 0.10956019345226502, 'nfev': 8}"
1362,69.889,0.0,-69.91323716415822,-69.72700889085952,137,"{'status': 'ok', 'success': True, 'cost': 0.10786632944190075, 'nfev': 8}"
1363,69.991,0.0,-69.97307939130182,-70.03265330514745,137,"{'status': 'ok', 'success': True, 'cost': 0.1096057398871183, 'nfev': 8}"
1364,70.094,0.0,-70.12630910810637,-70.03813134323205,139,"{'status': 'ok', 'success': True, 'cost': 0.11384557716578275, 'nfev': 8}"
1365,70.197,0.0,-70.2502512469291,-70.17966940080844,135,"{'status': 'ok', 'success': True, 'cost': 0.10953270529078998, 'nfev': 8}"
1366,70.299,0.0,-70.35938756023859,-70.24119255957807,132,"{'status': 'ok', 'success': True, 'cost': 0.10835876446040196, 'nfev': 8}"
1367,70.402,0.0,-70.40194764254426,-70.3249774312312,127,"{'status': 'ok', 'success': True, 'cost': 0.10015666437076719, 'nfev': 8}"
1368,70.505,0.0,-70.47279403631718,-70.65138281519374,131,"{'status': 'ok', 'success': True, 'cost': 0.10015421518258599, 'nfev': 8}"
1369,70.607,0.0,-70.6619116009948,-70.69204529211194,134,"{'status': 'ok', 'success': True, 'cost': 0.10386986680240592, 'nfev': 8}"
1370,70.71,0.0,-70.83648679066306,-70.83636919808005,135,"{'status': 'ok', 'success': True, 'cost': 0.1038598411351414, 'nfev': 8}"
1371,70.81200000000001,0.0,-70.8995853154894,-70.88209476046774,135,"{'status': 'ok', 'success': True, 'cost': 0.10415613247765597, 'nfev': 8}"
1372,70.915,0.0,-70.92670056243672,-71.02674694307747,137,"{'status': 'ok', 'success': True, 'cost': 0.10688893113941764, 'nfev': 8}"
1373,71.018,0.0,-70.9947858867759,-71.08470277993925,138,"{'status': 'ok', 'success': True, 'cost': 0.1066102101618332, 'nfev': 8}"
1374,71.12,0.0,-70.99929169190858,-71.18381374190002,136,"{'status': 'ok', 'success': True, 'cost': 0.103225312616756, 'nfev': 8}"
1375,71.223,0.0,-71.0903571647375,-71.22997827682697,136,"{'status': 'ok', 'success': True, 'cost': 0.10575443684829638, 'nfev': 8}"
1376,71.32600000000001,0.0,-71.20277578146317,-71.41839279804299,135,"{'status': 'ok', 'success': True, 'cost': 0.1044401685917411, 'nfev': 8}"
1377,71.428,0.0,-71.2591488150327,-71.47439509111192,136,"{'status': 'ok', 'success': True, 'cost': 0.1045947116408482, 'nfev': 8}"
1378,71.531,0.0,-71.46343121192741,-71.51526786337475,134,"{'status': 'ok', 'success': True, 'cost': 0.1034798236503866, 'nfev': 8}"
1379,71.634,0.0,-71.61489948722088,-71.58620362539142,132,"{'status': 'ok', 'success': True, 'cost': 0.10293584063445277, 'nfev': 8}"
1380,71.736,0.0,-71.66302799636661,-71.78318267015459,129,"{'status': 'ok', 'success': True, 'cost': 0.09963501101783519, 'nfev': 8}"
1381,71.839,0.0,-71.64662097381512,-71.81650545661262,131,"{'status': 'ok', 'success': True, 'cost': 0.10028934255118044, 'nfev': 8}"
1382,71.941,0.0,-71.75312692134308,-71.66231090397615,140,"{'status': 'ok', 'success': True, 'cost': 0.10447658345873631, 'nfev': 8}"
1383,72.044,0.0,-71.8648335407064,-71.74196521161659,140,"{'status': 'ok', 'success': True, 'cost': 0.10435348985128481, 'nfev': 8}"
1384,72.147,0.0,-71.94812640838317,-71.8877022960147,141,"{'status': 'ok', 'success': True, 'cost': 0.10758475713666499, 'nfev': 8}"
1385,72.249,0.0,-72.06249508640275,-72.03166711240706,142,"{'status': 'ok', 'success': True, 'cost': 0.10967605875904085, 'nfev': 8}"
1386,72.352,0.0,-72.17659709873563,-72.14355388463541,135,"{'status': 'ok', 'success': True, 'cost': 0.10136890749721733, 'nfev': 8}"
1387,72.455,0.0,-72.16076642601895,-72.37046390217884,137,"{'status': 'ok', 'success': True, 'cost': 0.10592845198057838, 'nfev': 8}"
1388,72.557,0.0,-72.31151351731222,-72.55269305094518,138,"{'status': 'ok', 'success': True, 'cost': 0.10411929413712377, 'nfev': 8}"
1389,72.66,0.0,-72.4589865267116,-72.75257016663042,129,"{'status': 'ok', 'success': True, 'cost': 0.09722990125906916, 'nfev': 8}"
