alpha_center_deg,z0x,z0y,z0z,x0x,x0y,x0z,y0x,y0y,y0z,n_rows,cond
-69.39601046292596,-0.034651890334386995,-0.39632211131659006,-0.917457372621646,-0.0018858086411587922,-0.9179811254057786,0.39661958741911524,0.9993976637065061,-0.01547376748890174,-0.031062393624395074,100,0.29752058057511527
-69.34827497272988,-0.012520575826092098,-0.3967250014980297,-0.9178521168289429,-0.0020982542905204887,-0.9179116236349995,0.39677934488162525,0.9999194130078262,-0.0068937930160171785,-0.010660352148823335,100,0.27081722193622365
-69.29593604759842,-0.052388303009765234,-0.3972630002568178,-0.9162082592591646,-0.00488688957574654,-0.9173551645880968,0.39803972203012633,0.9986148326647424,-0.02533003415902348,-0.04611729991522944,100,0.30102119900262414
-69.24103195095978,0.02684608479499716,-0.40166028903389944,-0.9153951605423661,-0.004989473637116232,-0.9157676408330572,0.4016773993590892,0.9996271269248371,0.006216125502358131,0.026588849161529888,100,0.2197907138813012
-69.18407525348292,-0.035371345095414605,-0.41532503247738606,-0.9089851403316774,0.00047324594787880557,-0.9095611636831377,0.41556980828453993,0.9993741261331583,-0.014269089565723736,-0.03236895269469571,100,0.2321492377370513
-69.12455324909695,-0.038663694625321085,-0.4147667633902153,-0.9091059623084237,-0.0008739555519505678,-0.9097718437704309,0.4151077311785992,0.9992518976312295,-0.016844116757970044,-0.034812653030625806,100,0.24281802765301333
-69.06246057012972,-0.0807294672057805,-0.41085038382923517,-0.908121531091539,0.002508932692404913,-0.9111761758420164,0.4120093225094111,0.996732892194,-0.030982877291966977,-0.07458956316600282,100,0.2584247574655294
-69.00190881992845,-0.07053921345646637,-0.4124034881542317,-0.9082662507894728,0.0007660031852645827,-0.910556511893559,0.41338390375939305,0.9975087130466898,-0.02846404058557812,-0.06454584254217559,100,0.25663811203081044
-68.9326335122476,0.056556434455475285,-0.4094970024834292,-0.9105567388574806,-0.0043491434733259685,-0.9121089038124789,0.40992491085203225,0.9983899311755562,0.01922374945437452,0.053366588650423215,100,0.20247545154670454
-68.85925078220055,-0.10774923148866572,-0.40419556560885983,-0.9083039402401246,-0.004577122852836658,-0.9134115918132387,0.40701144196151995,0.9941675678978831,-0.04801258880064209,-0.09656934429035172,100,0.21494051524132476
-68.78278940393258,-0.0641508559474928,-0.4063402990179866,-0.9114670751459855,-0.010880242148768857,-0.9130093046702836,0.4077936119120426,0.9978808987108574,-0.036077291742295646,-0.05414924753450508,100,0.23830079933754328
-68.70427729029623,0.08185607090937898,-0.4038097516584322,-0.9111735664080878,-0.01621314568632364,-0.9146601628634904,0.4038984035342147,0.9965122766741175,0.018288546582180227,0.08141751348253433,100,0.26571341512104146
-68.62371271762625,0.09328330994979267,-0.40182839094058087,-0.9109512436562753,-0.01640085554561345,-0.915436767823565,0.4021275121825369,0.9955045133108051,0.022571405601959128,0.09198530114626476,100,0.276462045155017
-68.53853051751994,0.11535381945110058,-0.4018596509632962,-0.9084064713913593,-0.01647093352385415,-0.915159415113013,0.4027554509610773,0.993187899990176,0.03149707697018471,0.112186137536857,100,0.16505277004837032
-68.45078109678663,0.08636390156285907,-0.3999759597915685,-0.9124475371744144,-0.016273830789505086,-0.9163137203063646,0.400130389260481,0.9961307338589024,0.019707804726123594,0.08564556903075393,100,0.17618275659366675
-68.36097663468357,-0.2212178112746228,-0.40687430823925735,-0.886293392319773,-0.002303101842135891,-0.9085891760520387,0.4176845758260439,0.9752217059196181,-0.0944404916119312,-0.20005903590522134,100,0.2635282665846461
-68.26603978944544,-0.2563775356033726,-0.4007944424390654,-0.8795648777366568,-0.0017525579047524553,-0.9097851224675089,0.41507584786105123,0.9665751330231561,-0.10795761134231675,-0.23254605215855503,100,0.2681452447459919
-68.16751063805302,-0.34513723938971497,-0.38676974967773564,-0.8551546332217749,-0.0004064186245653356,-0.9110806225719115,0.4122280121460453,0.9385521406988256,-0.14262278888102062,-0.3142906605062448,100,0.2444857824259301
-68.06846758666843,-0.39278987980202595,-0.3769263441638276,-0.8388340964698573,0.00033974234605652076,-0.9122041857182667,0.40973577843924325,0.9196281829632279,-0.16065507969985302,-0.3584326303036396,100,0.24479209442363914
-67.97506811742547,-0.634454609831808,-0.31544896476997425,-0.7056623120790283,0.0019738791656869208,-0.9135931820614825,0.40662464447179575,0.7729576003017291,-0.2565919880205276,-0.5802560640092148,100,0.2723617273926068
-67.87653694147481,-0.26853401496091656,-0.4065991560162723,-0.8732505992759612,0.0022189891857773703,-0.906806626328522,0.4215410045697543,0.9632676465531081,-0.11126036479150722,-0.24441066329130792,100,0.31453110905609855
-67.77184867853869,-0.5618770515682519,-0.33953479292442773,-0.7543277161252488,0.0015871709207565254,-0.9123228131457745,0.4094686379959382,0.8272192332202125,-0.22887378401107092,-0.5131521520787157,100,0.1873774112058131
-67.66921409244847,-0.6183298025425419,-0.3217981455144263,-0.7170175791646796,0.001808166507245051,-0.912910507439568,0.4081557741111994,0.7859166532283072,-0.25107839204102467,-0.5650616384329324,100,0.1891279071395802
-67.56863207647228,-0.8131979650076199,-0.23229982103645572,-0.5336158382712195,-0.002856967270304156,-0.9152814657553892,0.4028047618669406,0.581980160697495,-0.32908453563043183,-0.7436413523758755,100,0.201623950271671
-67.46702510258054,-0.7427808158467492,-0.26800319185042226,-0.6135559866613832,-0.003681218329373126,-0.9147430919848625,0.40401921278274,0.6695245389391261,-0.3023563540327195,-0.6784670418925238,100,0.20851689703745774
-67.36798266671133,-0.9966825361558437,0.0286965456139307,0.07616055666671062,0.004166721291040634,-0.9165586985910901,0.39987846962632306,-0.08128075144607382,-0.39886922707428174,-0.913398477739878,100,0.20364669706478766
-67.26894078896714,0.9926746475444918,-0.04511492434670842,-0.11207893523588579,0.003349829476237569,-0.9170317029375293,0.39880024379377615,0.12077177967099449,0.3962543367695626,0.9101629951972422,100,0.20354221977549916
-67.1704107203397,0.9122555090565375,-0.14880096208814314,-0.38163878193606166,0.014007651927462141,-0.9198087735888181,0.39211682661741704,0.4093820610181605,0.3630565984948868,0.8370162689015345,100,0.17119091978565648
-67.06931522654016,0.771579098998523,-0.23569343551300695,-0.5908589497034835,0.012671868797388741,-0.9229496738335237,0.3847120004779864,0.6360071679861866,0.3043230257911296,0.7091420014662242,100,0.17940779506103643
-66.96719326671158,0.9849335215182947,-0.06479316248215801,-0.16033653446776108,0.007282637749617668,-0.9107946720482148,0.41279538339956373,0.1727799796764044,0.4077436835367847,0.8966003385895389,100,0.25507843073540565
-66.86609744874595,0.882969108726909,-0.186086821914781,-0.43097244429738685,0.007761413526968825,-0.9121613619193587,0.4097577458468409,0.4693669284196225,0.365148387003253,0.8039660079722597,100,0.2531712461589898
-66.76448885459352,0.8679240227145758,-0.19735998694497187,-0.4558036050186845,0.007782927268415619,-0.9121528864190155,0.4097762045807362,0.49663600034440014,0.3592020981989656,0.7901433640874153,100,0.23607786366024067
-66.66339589455501,0.16083006096257788,-0.3840418789561818,-0.9092004876255725,0.002065750940456648,-0.9210594692413856,0.3894164695975621,0.9869799512471494,0.06450805630758395,0.1473407157156232,100,0.18150058791228763
-66.56332922434252,0.2273710070325681,-0.37660429463757483,-0.8980376553472189,0.0027745469019702655,-0.9219372273390791,0.3873293827426728,0.9738042549971142,0.0905591194020008,0.20857688952194475,100,0.20267580948152675
-66.46069747158735,0.38281181125154706,-0.3503443827779541,-0.8548180687270504,0.0033951549531654334,-0.9247618994206056,0.3805310792863544,0.9238201069954876,0.14857403149920936,0.3528203042271208,100,0.22205186020890472
-66.35857974926068,0.4316142548777669,-0.33785066656235413,-0.8364006588290586,0.0043605586400072005,-0.926421282118615,0.37646326987642353,0.9020477373812636,0.16613408783592495,0.3983834137414207,100,0.2253601787067304
-66.25594934158624,0.10670634814794651,-0.3561704520632003,-0.9283083347369153,0.00549053016193473,-0.9334135628298804,0.3587603305882215,0.9942754192594074,0.043378909648867585,0.09764558799149743,100,0.24449529064153222
-66.15793644052846,-0.1901851578188133,-0.3811624231994011,-0.9047346643553532,0.004959923478748643,-0.9219159434745815,0.3873582222264776,0.9817357103133807,-0.0691823699227837,-0.1772252656574369,100,0.19161744693718757
-66.06094793447367,0.15322177369717926,-0.40282715704672145,-0.9023598891854328,0.006925155192419048,-0.9126822999088586,0.4086111374627928,0.9881675618490273,0.06885710550649422,0.1370531602357867,100,0.25463081847601515
-65.95882886714763,0.3599584260281992,-0.3926088822984807,-0.8463381103741218,0.004654742840215859,-0.9063785468613594,0.4224408398327298,0.9329567325982449,0.15600062605588577,0.32443110173005735,100,0.1771135827998393
-65.8551700761959,0.11857558296637534,-0.408415384209424,-0.9050617134014965,0.010658888238266565,-0.9109161957375308,0.41245372157926835,0.9928878180467864,0.058553892134793416,0.10365916500801364,100,0.16786069130042397
-65.75202462544891,0.07481449833748686,-0.4092696644067028,-0.909341043082811,0.010733698423238998,-0.9115133259963428,0.4111304467553381,0.9971396986163319,0.04051911064559195,0.06380143506082873,100,0.16830440205479016
-65.64682789849675,0.6545819360714061,-0.3260270351741866,-0.6820768734567529,0.00696781819150552,-0.8995885850388599,0.43668275346918883,0.7559589529059497,0.29059722986173137,0.5865827405558643,100,0.1950411977298805
-65.53957951880699,0.5578187533700955,-0.35794286526175845,-0.74880915031591,0.006865885195581956,-0.9001991197840297,0.435424395688321,0.8299343937981566,0.24802913124925668,0.49969035616331975,100,0.1979962361579358
-65.4364350698308,-0.5179713079207092,-0.3915128498168014,-0.7605415258874669,0.007061683781824257,-0.8910352333332585,0.4538792191551748,0.8553688425428386,-0.22972570902507272,-0.46429542515498934,100,0.190791690191623
-65.33585605569505,0.9078932304372556,-0.17830391857412012,-0.3793910841695122,0.010376416820673279,-0.895196814787694,0.4455502135202392,0.4190730390995918,0.4084487427022889,0.8108929722748566,100,0.20427203067317923
-65.23578937922446,0.6999676602201311,-0.30899366671942735,-0.6438696984431233,0.010769863025439141,-0.8968884021044818,0.4421257787337023,0.7140933305222563,0.31640813532169626,0.62446505683335,100,0.1843484061490267
-65.13726138793905,0.8237491365347728,-0.24490467622285964,-0.5113306754169873,0.010175097512767824,-0.8953588700817815,0.4452291108592084,0.566863147019474,0.3719599351140548,0.7350591671567169,100,0.19677666373811245
-65.03411369921356,-0.9053264554125176,-0.2000401935248513,-0.37465708335055836,0.008022731207674076,-0.8900320048975153,0.45582745204965286,0.4246406067655054,-0.40966687836905885,-0.8073743889009449,100,0.16924925333009805
-64.9186495590957,0.43049377838330677,-0.4145761666793203,-0.8017491557805002,0.0007329601347625669,-0.8881117817237992,0.4596269421311373,0.9025932470070366,0.19845418913406543,0.3820227287380103,100,0.1698831292159017
-64.80318540753893,-0.5685708437697594,-0.3738685446929368,-0.7327683855790514,0.0013708331916540693,-0.8911877278650955,0.45363262065134713,0.8226331603037313,-0.25691777866047716,-0.5072158697998926,100,0.17186865592760422
-64.69080079016217,-0.2645260910068601,-0.4329706463768954,-0.8617205849651056,0.0019784271083953388,-0.8937919174979599,0.4484775290262562,0.9643764996114366,-0.11692915629257394,-0.23728788297319287,100,0.14466939700766437
-64.57995564373299,-0.11818293494464102,-0.4351877133913888,-0.8925494092771813,0.002872155541505432,-0.8989947373959585,0.4379500118243146,0.9929876860316126,-0.049194677024514875,-0.10749576336785335,100,0.1403853489087416
-64.47424085461074,-0.028870209645851307,-0.42672846080431814,-0.9039188745316595,0.014092804469049161,-0.904379698742208,0.4264959007600779,0.9994838187070373,0.00042572588661801697,-0.032123432261632966,100,0.15474443249248218
-64.36904152936135,0.03450200226532116,-0.42322699940715997,-0.9053665107637324,0.010409907839574253,-0.905704528014443,0.42378171474581905,0.9993504118468435,0.024046099620249298,0.02684286561821786,100,0.1678462254608561
-64.26538164116585,0.8062950849063882,-0.2586252645609115,-0.5319785790674272,0.014230192586047546,-0.8906102482421023,0.454544703351722,0.5913423185218223,0.37406731781450714,0.7144143784025461,100,0.20789641320292376
-64.1612064034474,0.641912896425988,-0.32954904747690733,-0.6923476429576849,0.020655006551375726,-0.8951722740427114,0.4452414743592106,0.7664993177468336,0.30010668951601865,0.5678157894963599,100,0.1732337453338557
-64.05600568005804,0.6076066332884498,-0.34109979077343383,-0.7172622337180419,0.021087943463647316,-0.8958352773961386,0.44388563213181115,0.7939581083560702,0.28483343993798055,0.5371223637764001,100,0.15165349848949697
-63.950291095701225,0.5068420537366375,-0.3702994898431997,-0.7784532229915254,0.0208242716682486,-0.897514197249544,0.44049360431792167,0.8617873764876778,0.23947140446694842,0.44718672181663977,100,0.15983119153570774
-63.84765499580137,0.4597543464579653,-0.385416595783267,-0.8000499913179471,0.018324525988932222,-0.8966012191587827,0.44245956374596057,0.8878570564343621,0.21808324442245122,0.40515373112176467,100,0.15442888752019102
-63.74604618245359,0.5053179307047257,-0.37707107824004765,-0.776190176994776,0.01692338307294361,-0.8949755000144507,0.4457941828683395,0.8627672849695105,0.23840355770997193,0.4458658493959453,100,0.16648699879286294
-63.64084519171286,0.448446716252996,-0.38934083122148644,-0.8045553180643745,0.01720868204800008,-0.8962139536738599,0.4432881799714938,0.8936438910125643,0.21263646532058086,0.3952041620123625,100,0.1548283703169329
-63.53461913726353,0.4137905335759266,-0.39581280146896725,-0.8198229202188957,0.01809365694152329,-0.8967824970296325,0.44210154105112504,0.91019229501322,0.197771027237523,0.36391840690460076,100,0.1528799260424698
-63.43096001024931,0.6890792219633853,-0.32099747544517976,-0.6497156659771695,0.01578127965845294,-0.889688396606412,0.4562954176367034,0.7245141662318807,0.32467703599382125,0.6080000371937404,100,0.15548387591696122
-63.325761272446215,0.6489659120319133,-0.34135846696510935,-0.6799394399884574,0.012276671078525092,-0.8888810848923696,0.4579734711397526,0.7607184290970059,0.30555656424268557,0.5726627783262931,100,0.15152172453590482
-63.219538410403366,-0.9532575083287083,-0.14962342591534292,-0.26251276775101545,0.005848987139179557,-0.877764414080094,0.47905680532070005,0.3021024861936565,-0.45512906278547544,-0.8376106637594977,100,0.200904027181623
-63.122551466238946,-0.9771543812128215,-0.10639403760807778,-0.18398267320060024,0.005609846590033302,-0.8782858041753043,0.4781031016479347,0.21245668946358037,-0.46614842587483873,-0.8588176757360003,100,0.212740050128226
-63.02658980705089,-0.9983424738797716,0.02146294169076919,0.053400814428212595,0.006491454216609686,-0.8799462562272024,0.4750288908833698,-0.05718536412204977,-0.47458816703085793,-0.8783483966197692,100,0.213702207347393
-62.92601073309492,0.8440097272042113,-0.24750065998909557,-0.4758056364626577,0.006702172648658939,-0.8822179520686061,0.4707935491589305,0.5362859883182296,0.40054326651790917,0.7429417409061783,100,0.20919646694817007
-62.818760342041514,0.6943646650185897,-0.3265749161893898,-0.6412538780307804,0.011348374541426369,-0.8860164954059309,0.46351481558183194,0.7195338257294714,0.32912549883666753,0.6115124525687319,100,0.21566306726124146
-62.71151012453217,0.379698041244419,-0.41687459989601255,-0.8258601367281817,0.00820635319614782,-0.8911622499320332,0.4536105158208932,0.9250740798673215,0.17901232431767405,0.3349515405249129,100,0.2178373543005409
-62.603233848046465,0.1771160009154443,-0.45154313646873,-0.8744934065661686,-0.0024862774931664468,-0.8887437049317297,0.45839769345891057,0.9841868423444542,0.07901533301963805,0.1585333923936796,100,0.1933698715166155
-62.49341836196718,0.20900428825625492,-0.4527908639694883,-0.8667742733816347,-0.0038169482896202034,-0.8867205136785034,0.4622901270062835,0.977907274948014,0.09331218638257113,0.1870566691573803,100,0.18045804675182422
-62.38206328580483,0.43175043752476244,-0.4194488084884545,-0.7985325646176191,-0.002492290972419292,-0.8858492390154137,0.4639665011846452,0.901989660796001,0.1983275643813244,0.3835111850046704,100,0.18186427297539018
-62.27532446706966,0.4092275690586525,-0.4307717010536149,-0.8043435449443981,-0.004681203970557323,-0.8825173448224741,0.4702565495736092,0.9124203434008538,0.18867664841963191,0.3631669578711736,100,0.19813718292843066
-62.16910100716992,0.4608054075201342,-0.41565013732456035,-0.7841513500226072,-0.004578531165966792,-0.8846512219810618,0.4662309004128493,0.887489387797153,0.2112514586683087,0.40955513396604676,100,0.18805039267184345
-62.06184922493501,-0.14268993965808496,-0.4583854084841634,-0.8772242577637593,0.010787420676501633,-0.8869609044700517,0.46171851327060315,0.9897086503994599,-0.056419599701473484,-0.13150519417120085,100,0.20339710198462713
-61.95203144375093,0.7426908820649144,-0.2850392337234694,-0.6059396743372863,0.013206771290283166,-0.8984703511906427,0.43883551499787415,0.6695041709278036,0.3339216424098634,0.6635212896664084,100,0.21389423104463157
-61.842211282163824,-0.0868573237271563,-0.45314165423093417,-0.8871969603846761,0.012079943980415779,-0.8909761997001898,0.45388928883730834,0.9961475193305387,-0.028706319315788792,-0.08286173400885347,100,0.21565659639382112
-61.729825809388174,-0.04286881080176535,-0.4742054073595269,-0.8793699430225186,0.01005621969510994,-0.8803393000846171,0.47423790355893125,0.9990300983983846,-0.011486877622382907,-0.04250781265370249,100,0.1668737107133223
-61.617441764978246,-0.0502916306786895,-0.47978604395261476,-0.8759429798291541,0.01569258311316985,-0.8773241633201835,0.47964159045038657,0.9986112830921322,-0.01037614971170342,-0.05165114517845431,100,0.1915913397011103
-61.509675134219215,0.5956815924688454,-0.4041824477806472,-0.6941181378553831,0.012121446442723977,-0.8595467460778401,0.510913360407744,0.8031291994006422,0.31275539997423146,0.5071168986111999,100,0.23571735359635732
-61.40806651644315,0.5814254587359624,-0.4096986080236021,-0.7029164150289838,0.012064869271304953,-0.8595218757058634,0.5109565383792839,0.8135102180447041,0.3055637343772935,0.4948049407294361,100,0.23822831592769753
-61.305946255861926,0.3911929988199838,-0.46154583668021015,-0.796205675888707,0.012462646065825839,-0.8624146197318738,0.5060491143414495,0.9202242770799226,0.20788570012363114,0.33161847891340684,100,0.22519560772461533
-61.203312644353986,0.5491051104111794,-0.42048656307512494,-0.7222704673414215,0.012276141970002291,-0.8600636680576861,0.5100390016709415,0.8356631343182843,0.2889317171243533,0.46710340266467115,100,0.21098052919204685
-61.10273049456675,-0.9946508960956161,-0.06106997177522779,-0.08330698316204381,0.008744060065908395,-0.85339178437756,0.521196703529913,0.10292296298568143,-0.5176803269434305,-0.8493609025532026,100,0.2634062898921707
-61.002147963015766,0.8766325053708027,-0.23923781470203098,-0.4174694222861194,0.011223822035380554,-0.8572267985265226,0.5148167069034247,0.4810296002807184,0.455990662080448,0.7487877134069488,100,0.23969792367741377
-60.90105123837849,-0.8742756989551739,-0.25837724169436577,-0.41095401590792763,0.007819856234571489,-0.8539642800345429,0.5202728690538797,0.48536671915667295,-0.4516483249160746,-0.748620690694287,100,0.15419947899512965
-60.79841581901565,-0.31022998878990315,-0.5141346692893625,-0.7996392285838249,-0.004915396719299969,-0.8402610344503003,0.5421597853581575,0.9506488273439928,-0.17212476817480196,-0.2581469954314058,100,0.18521685637947577
-60.70091294167052,-0.10907180361732456,-0.5521521999337106,-0.8265780602968044,-0.006442973268102094,-0.8311289656549598,0.5560423819681225,0.9940129927476453,-0.06597416583542842,-0.0870952334584912,100,0.23816503904015518
-60.60289786043869,-0.043909038663334975,-0.5614327437622993,-0.8263566243185796,-0.007595244973919692,-0.826942883147798,0.5622346309726871,0.9990066609274675,-0.030963563146766526,-0.03204604780325181,100,0.2586535699715482
-60.50283093724932,-0.04315129566118491,-0.5602220731331896,-0.8272177430744049,-0.0077107314954028075,-0.8277775643795008,0.5610034300516774,0.9990387931920196,-0.03058647878217864,-0.03139995243850743,100,0.26926689800403886
-60.401736910679276,-0.13117301012310784,-0.5500910982337305,-0.8247383979537095,-0.006423122105247224,-0.8314376173446753,0.5555809859657102,0.9913386832549531,-0.07817462573122898,-0.10552887270372095,100,0.2641433493016225
-60.303209981272424,-0.46105108909570175,-0.47290027541988755,-0.750864317138231,-0.00837300734720811,-0.8438087585581666,0.5365786724502654,0.8873340892762044,-0.2536771737628755,-0.3850793496411474,100,0.2168663707936499
-60.20724911923885,-0.9916621127890045,0.08349113176966702,0.09816050618587902,-0.020177773113886,-0.8529358054098327,0.5216256984869942,-0.1272757303299118,-0.51529578182409,-0.8475087879799756,100,0.22918602038748273
-60.11077695454135,0.8039945492062932,-0.33052028683322066,-0.49431680614587115,-0.02037223382629794,-0.8461145655195058,0.5326115977939878,0.5942875877346724,0.41814648391134834,0.6870049352494353,100,0.28325747770025816
-60.01430376695589,-0.09650649723903508,-0.5188521128092783,-0.8493991882642695,-0.017168412380381498,-0.8523877653534582,0.5226283029956138,0.995184275200824,-0.06501986241977006,-0.07335309048652888,100,0.24752257227886673
-59.913724129118236,0.6718471708347764,-0.39196682625431734,-0.6284770370963642,-0.020523117378550917,-0.8580278040505491,0.5131930330092748,0.7404054164404614,0.33188897931734673,0.5845079338326529,100,0.21171659847565213
-59.810578860596344,0.6419860336881725,-0.40340400914935876,-0.6520116087552066,-0.02046062438829796,-0.8591059320226277,0.511388658862487,0.7664432760478558,0.3149638121526918,0.5597879077251262,100,0.2145094238364629
-59.70999903220799,0.5810788737454365,-0.42397701294591555,-0.6946875808449392,-0.019871951239481572,-0.860721725739208,0.5086877395755234,0.8136046017818916,0.2817829010674329,0.5085724615286897,100,0.21476355646333414
-59.6109590867131,0.605046318390107,-0.42043997535447003,-0.6761280793803123,-0.02062928734448985,-0.8571973851124277,0.5145746548947732,0.7959229768678849,0.2973934600497279,0.5273174990585987,100,0.23175891407992136
-59.51243173534336,0.6095484703264323,-0.4170040908650234,-0.674209352148531,-0.020929136487329913,-0.8586389457076615,0.5121534263869865,0.7924724812689721,0.2980717180744778,0.5321095914522948,100,0.21418735745173487
-59.41185268816421,0.6071947938306294,-0.4119181089957714,-0.679439440882208,-0.01970882779201449,-0.8626667445708605,0.5053886127709829,0.7943085322795195,0.2934783796003747,0.5319251791888537,100,0.21402364744965127
-59.31076227080497,0.5227949687294691,-0.4449371041645292,-0.727128870289742,-0.019154021877414686,-0.8588944846500385,0.5117942825820393,0.8522432423416879,0.25363603366916876,0.45754805027177126,100,0.1780152420682321
-59.20761774756548,0.401290108802787,-0.5021007852329857,-0.7660685674568999,-0.020021389278375875,-0.8409726827329776,0.5407070286839837,0.9157321620148609,0.20164262536804514,0.3475267746322161,100,0.24897381771146146
-59.106524650803024,0.9387928097666086,-0.1966144798129697,-0.28286181548309314,-0.017173243221154075,-0.8468123130206988,0.5316145090512497,0.344053978392611,0.4942182239096506,0.7983578189682915,100,0.2573178668239507
-59.00594445132823,-0.9783902082112697,-0.09454950082598701,-0.1838830943014207,-0.017649123921348903,-0.8478909328216396,0.5298768483937176,0.20601239987223433,-0.5216716955446277,-0.8278994704470322,100,0.24626494787524722
-58.90279979768021,-0.9649756455626485,-0.12397317262316049,-0.2311983043638033,-0.01778825923958327,-0.8483453003085538,0.5291444313962069,0.26173570888240516,-0.5147241046562108,-0.8164272868919112,100,0.19751446499019107
-58.800167487222694,-0.8901103433625295,-0.22740203995214525,-0.39495808494654583,-0.017745829518780704,-0.8486695987850528,0.528625574137979,0.45539945341834825,-0.4775439501486962,-0.7513741501426897,100,0.18431940910808137
-58.697022958339296,0.8544630806984603,-0.2886503063777637,-0.4319419455798658,-0.019284610271789935,-0.8484878356632511,0.5288634006415618,0.5191540691644069,0.4435644185003065,0.7305680386593184,100,0.13126887797534587
-58.59233831401911,0.5756217458682353,-0.44855948582847727,-0.6837060723416875,-0.018675918429202465,-0.8431102340249931,0.5374163594022305,0.8175027925055857,0.2965797042206592,0.49368984523682063,100,0.1595189023934513
-58.487653752022545,-0.34402431527532523,-0.49941167193720487,-0.7951322232385185,0.004744363302548543,-0.8477353276326003,0.5303982516001551,0.9389487534025471,-0.17869749918936634,-0.2940109560327121,100,0.16905780063008743
-58.38502152870388,-0.7493850807227165,-0.33929129916335643,-0.5685977621326427,-0.0026641314728993175,-0.857182632739195,0.5150056665064935,0.6621290683799517,-0.38745238216114275,-0.6414559598007903,100,0.14961983207879134
-58.28136454690781,-0.6255467611587358,-0.41404180305404936,-0.6612568600230679,-0.004981577575992103,-0.8454253847437792,0.5340703162652719,0.7801707720035851,-0.33738005891662437,-0.5267905298662316,100,0.1954519751823113
-58.18027361153149,-0.6899494316108273,-0.38964858553597426,-0.6100358691173091,-0.004932321845779464,-0.840206537093473,0.5422440845473595,0.7238407656529894,-0.3771298911717405,-0.5777781504727272,100,0.19838667423634151
-58.08226116108553,-0.5531494354854445,-0.44418946099119866,-0.7047846655301765,-0.0036858383210824066,-0.8446835377134791,0.5352533378800286,0.8330738962529105,-0.29867280401836016,-0.46559901151291694,100,0.27209647365697537
-57.979630424083716,-0.5584585298992614,-0.4432963813679957,-0.7011507602854014,-0.004500606855941586,-0.8436044952147459,0.5369461799765431,0.8295202317729713,-0.30301777822351356,-0.46912302348083645,100,0.26622487564122976
-57.87802477090067,-0.8181284225429835,-0.31630409281020694,-0.4802266184821928,-0.00945084274259181,-0.8276161169517945,0.5612149717649099,0.5749578817607289,-0.46368446580961253,-0.6741069279929335,100,0.24535955863951242
-57.77487968596886,-0.9909468461397896,-0.06740723325451269,-0.1161060421794482,-0.010885751892763335,-0.8216292623949234,0.5699182885134528,0.1338127368053329,-0.566022632128209,-0.8134571478494248,100,0.2740609645899573
-57.67686604445581,-0.9551586830861477,-0.1600650523744361,-0.2491005201389693,-0.010022712316512583,-0.8233272030773751,0.5674785122897672,0.2959247123221656,-0.5445286913296268,-0.7848038410685104,100,0.27437931152401046
-57.57885256195998,0.8588674943512014,-0.306174300648794,-0.41061408252653864,-0.012468147287416326,-0.8139307555092139,0.5808280903498207,0.5120460647735793,0.4937347697483156,0.7028760948356897,100,0.30416593441724404
-57.48186691241946,-0.9572479203193743,0.17577057712577188,0.22974142695888736,-0.011591317789892502,-0.8168842864948878,0.5766850993650104,-0.28903643437484905,-0.5493676061569441,-0.7839981970063848,100,0.3024694658338556
-57.387446568412585,-0.5076717276466212,-0.47021100496965695,-0.7219217601331327,-0.005577109956834886,-0.8361219576550596,0.5485152393248526,0.8615325372804119,-0.282491916225042,-0.42185306028838937,100,0.15794790758333382
-57.294566160326305,-0.5033397217231793,-0.4717176318762472,-0.7239693365831854,-0.005957335306472494,-0.8359272029596191,0.5488080005868665,0.864068072950088,-0.2805497943844783,-0.41794518561546834,100,0.16829195830758564
-57.20219780342749,-0.4770826343261374,-0.4853576313530449,-0.7326801005294159,-0.000266636676825055,-0.8335925112197896,0.5523798096809545,0.8788584009550775,-0.2637261741383412,-0.3975630970613818,100,0.194712185780714
-57.10674920169097,0.06477079343775101,-0.6128762108222322,-0.7875198375441899,-0.007004730861261559,-0.7894367688236352,0.6137919205845412,0.9978755824565533,0.034239425192040304,0.0554254787937208,100,0.3430751295179579
-57.00616810916647,0.1802271132871593,-0.6109642947627956,-0.7708701694586303,-0.016525483522754916,-0.7854734299917295,0.6186747119216746,0.9834861951397775,0.09876295510983636,0.15166008923726715,100,0.4451407108843877
-56.90455912806934,-0.2309167842408222,-0.5791840544604017,-0.781807693627204,-0.007533472823429116,-0.8024357467905509,0.5966909745085054,0.972944338358108,-0.14367568803211483,-0.18093261487471574,100,0.37229144883022053
-56.798331922929805,-0.6566253144328004,-0.4353403682253426,-0.6158911918833141,-0.008685329048608914,-0.8121781616765615,0.5833448369146663,0.7541669321213598,-0.38838820462148993,-0.5295156664401462,100,0.30418777412228026
-56.68953961054692,-0.8887582522434828,-0.259792130556202,-0.37764641924713027,-0.008702040455813907,-0.8141673995727134,0.5805650006372334,0.4582936215582924,-0.5192682296983658,-0.721337273447664,100,0.30695865692050406
-56.58433754509552,0.9428793495392973,-0.19936791932389605,-0.26689129801627476,-0.008780734857177425,-0.8157468245143547,0.5783424737904995,0.33301866450353723,0.5429636737749656,0.7709014321254524,100,0.3207596734615146
-56.476571849717374,-0.9902265890447037,-0.07531572858729386,-0.11738331813446401,-0.008483269258817724,-0.8075662676702755,0.5897158277202532,0.13920968533681158,-0.5849480868833286,-0.7990346670576689,100,0.3324597722955763
-56.3682923164602,0.8753591285028439,-0.2866249649000061,-0.3893488482618279,-0.013810324286343961,-0.8198113681133542,0.5724671131647796,0.4832759781841507,0.49573727942145,0.7215877484422609,100,0.2944726967107519
-56.264119086047,0.7731111871580674,-0.36281002375331506,-0.5202576082626404,-0.011727135961539816,-0.8282818338401339,0.560188966343112,0.6341620980263513,0.42698722509525244,0.6446086743383717,100,0.27529011074525583
-56.15943183011918,-0.9864153448262254,-0.08172287992612037,-0.14249960837819795,-0.00919189147007661,-0.8386513047079007,0.5445911294199882,0.16401303796516056,-0.538502887650862,-0.8265073280795046,100,0.30834440932507895
-56.05474440357249,-0.847733294286534,-0.27976137029971415,-0.4506460223347444,-0.007575588699315128,-0.8431253762450304,0.537663659165779,0.5303686191828845,-0.4592092939169484,-0.7126260956254257,100,0.29979575959932575
-55.94954294745457,-0.8780062295153261,-0.25309798944401696,-0.406259115185957,-0.007681453497776714,-0.8412017370615968,0.5406668408888359,0.4785875637795469,-0.4778295148941184,-0.7366362049829005,100,0.2658580961553713
-55.84280240567449,-0.4044091162900374,-0.4755329004142411,-0.7812309052291329,0.0029476554588830917,-0.8548713101333577,0.518831720732428,0.914573440456701,-0.2075174781421939,-0.34711945822252227,100,0.2827508898011599
-55.734009610368346,-0.39083220678194047,-0.4762560646741709,-0.7876740106179907,0.0025560960952177303,-0.8562959886136915,0.5164790859820492,0.9204583926037672,-0.1998432904682387,-0.3358854071556498,100,0.26540301888882456
-55.62419141372921,-0.963970772935318,0.15978880154940212,0.21266849279075525,-0.008689975619235192,-0.8179707380343445,0.5751941898552929,-0.26586619425986224,-0.5526223037653796,-0.7898884453711307,100,0.29494010091588896
-55.51591117234758,-0.9811157115752925,0.11454766914310514,0.1558550351897204,-0.007607846778327752,-0.8280085903464779,0.5606637985279914,-0.19327203928014203,-0.5488903404199424,-0.8132436984238949,100,0.32112184477198336
-55.4004497045601,-0.9799137469513444,0.1188372640289666,0.1601460371469937,-0.009110804929012895,-0.8288912806971905,0.5593355325899803,-0.1992135581965296,-0.5466415182386727,-0.813324663814148,100,0.2966680266867365
-55.29114560002994,-0.34756468711881955,-0.5468327712945973,-0.7616906908360292,0.03215392132262351,-0.8188079630267668,0.5731663327756921,0.9371045371843931,-0.17472103457290822,-0.3021715513846349,100,0.15211371569432397
-55.18132976975684,0.262891208812329,-0.5496387028830294,-0.7929599665949432,0.025247220774503493,-0.8176684237945572,0.5751355723414159,0.9644950959814964,0.17121812118577098,0.2010809906611233,100,0.2013795905987873
-55.071513834109076,0.1379378157329973,-0.5666188391330967,-0.8123522943466531,0.026653666215330506,-0.8177719531560281,0.5749248774480513,0.990082189046996,0.10095604870851896,0.0976992075764779,100,0.19415371055301464
-54.964776926572725,0.6699618797406414,-0.4281900250721417,-0.6064687808313838,0.0216135150448524,-0.8053119604091469,0.5924571734643634,0.7420808147781429,0.41003164371874457,0.5302736232243805,100,0.2526508369786562
-54.864197032128274,0.009193863344935082,-0.5796515925186878,-0.8148125576887875,0.02360222109114432,-0.8144941921632012,0.5796914231657901,0.9996791525466356,0.02456098986122876,-0.0061927167444682015,100,0.17447097171968445
-54.76515684452408,0.46779137338774374,-0.5096859133315221,-0.722074442654925,0.011968002191124039,-0.8132474232758379,0.5817949771687304,0.883757884212391,0.2808004599117002,0.3743302069107112,100,0.18306201010665027
-54.66560291112084,0.4697566940992924,-0.5075945920363366,-0.7222716791376834,0.012362269176800252,-0.8143011851489886,0.5803109116376781,0.8827093647683275,0.28153385231694183,0.37624841175728335,100,0.1836342166841465
-54.562457633343065,0.44979284434784406,-0.5114251567984861,-0.7322094687772893,0.012834660510500025,-0.8160355039099745,0.5778592630113099,0.8930406870143468,0.269314621496936,0.3604829621284558,100,0.18416299235353054
-54.456234318176485,0.6138671852950371,-0.4527169436992069,-0.6466950190821,0.010641367146768249,-0.8143937427874481,0.5802151264952506,0.78933759578725,0.3630567456972823,0.49511206739535507,100,0.2032670772618978
-54.35462941544411,0.5959748825378856,-0.4586437426157486,-0.6591356891743706,0.011417377666431416,-0.8159154482392031,0.5780584960121617,0.8029219033450112,0.35203394535760224,0.4810286046014158,100,0.20092797570966553
-54.247380837823584,0.7273885969375407,-0.40165178246448924,-0.5564006422429206,0.004925418352267841,-0.8077360996416608,0.589523649728942,0.6862081093220125,0.4315532863723502,0.5855597251535776,100,0.1648116279896497
-54.13756446499413,0.7078641863179288,-0.4149792137996412,-0.5715947391663855,0.004612655007104338,-0.8064917482094234,0.5912273534638713,0.7063335027748875,0.4211452388242561,0.5689724691700102,100,0.14729250667698834
-54.02928675628533,0.504532546166869,-0.5216996955398233,-0.6879508249373874,-0.02075761205319471,-0.803898590002364,0.594404053261803,0.8631431117724484,0.28561597410835915,0.41642224236213404,100,0.13253273608494
-53.92100807206602,0.5562690602300036,-0.5069452693786134,-0.6584612566320617,-0.014557282046020916,-0.7981930110553442,0.6022258734410503,0.8308747307327751,0.3254142144360758,0.4513898214101537,100,0.17975831033899506
-53.81272795028238,0.525920902141982,-0.5221809869002179,-0.6713674266823484,-0.014305256737804778,-0.7946676416787424,0.6068761808626301,0.8504131727106709,0.30956478512366464,0.42540225609593324,100,0.2335225682885538
-53.70906652780995,0.1014279893574018,-0.6123479066248246,-0.7840551028002495,-0.017637517073962043,-0.7891024972466483,0.6140082791221705,0.9946865239694265,0.048448839937593635,0.09083737635093249,100,0.28494912209939005
-53.607457020348775,0.27983923591466164,-0.5902425361551606,-0.7571682445505901,-0.017273665020728333,-0.7916462981206427,0.6107354248515754,0.9598914639371735,0.15782866401578136,0.23172934703128048,100,0.28884512226857534
-53.50482116735453,0.22778958019930307,-0.6007770315177972,-0.7662759721884075,-0.017721897303715192,-0.7893926117186494,0.6136328209279278,0.9735490955820266,0.12619929859025933,0.19046232049081185,100,0.23894557754128232
-53.40270051465309,0.2892264379815005,-0.5850985160530204,-0.7576330207198514,-0.016745087099772456,-0.7944307218004716,0.6071239003017447,0.957114240637216,0.16290965217609163,0.2395678935026782,100,0.22344032171711686
-53.302632538805874,0.48246461552604764,-0.5309165356052807,-0.6966746205985904,-0.01843170086692344,-0.8013449563243542,0.5979185006141483,0.8757215123362307,0.2756336213062653,0.39640628102634673,100,0.2216139302546039
-53.202050982443524,0.28394770440013345,-0.5835167733658787,-0.7608428723242192,-0.01747056142546137,-0.7965204598606184,0.6043591122064003,0.9586805936543066,0.1583140304082453,0.2363645217170368,100,0.19310068635772965
-53.094797780792554,0.20687925851538866,-0.5998659944521874,-0.7728918172008366,-0.01812442382169943,-0.7921961470167599,0.609997352381903,0.9781985880470563,0.11218758109384695,0.17476117701325175,100,0.21892246377389085
-52.986004534186215,0.21514568148743465,-0.6034608975372677,-0.7678198231882416,-0.019323627841127386,-0.7887084863469506,0.6144636042690892,0.9763907686701903,0.11736212637736874,0.18134827859072059,100,0.2541289737950397
-52.87823887770264,0.03759275470258509,-0.6144112168178081,-0.7880898688870017,-0.019831266326724755,-0.7889507152126265,0.614136377233399,0.9990963445382781,0.007458258103977707,0.041843383184258315,100,0.21924988253365404
-52.77201073737555,0.2597723141824058,-0.5905441326289546,-0.7640523360358459,-0.01720349662110414,-0.7939193758850299,0.6077796181991729,0.9655166412280657,0.14473994615115882,0.21639769753820062,100,0.21688049925013894
-52.66373151139477,0.34999528035878313,-0.5646764707049537,-0.7474247702336163,-0.007684036244571508,-0.7995939341164743,0.6004918784722502,0.9367199471098974,0.20442608433450188,0.28419309761163136,100,0.2627607039140837
-52.558017129514816,0.7022436717781685,-0.4514671417427483,-0.5504827384888188,-0.01060354965865884,-0.77976550049442,0.6259818918893129,0.7118577036052588,0.43375475117319473,0.5523725424498647,100,0.2070647128121731
-52.45897484520112,0.12130994388312867,-0.6606703128402389,-0.7408094459755848,-0.012436741694176905,-0.74727432834939,0.664399281792207,0.9925367625287763,0.07138498386599898,0.09886839286317226,100,0.271674102924336
-52.358907816305326,0.12129015855301,-0.6597577669739456,-0.7416255027678987,-0.012443701636138435,-0.7480935054252412,0.6634766472379909,0.9925390932994913,0.0712446212575205,0.09894620868985325,100,0.26884714696548756
-52.260894083322064,-0.21788794311204981,-0.6292229877823505,-0.7460584936133706,-0.00012479188965287827,-0.7644067523622727,0.6447342874161008,0.9759737848289699,-0.14057292978811697,-0.16647649304751927,100,0.2188437940744807
-52.1633946631332,-0.9829506450039174,0.1223729323881262,0.137232994957896,-0.007111870001932058,-0.7711054580977764,0.6366677263666614,-0.1837320080755077,-0.6248369690651709,-0.7588289077901501,100,0.2517528712317945
-52.06281700091577,-0.06588324120654983,-0.6171834126853154,-0.7840561418892318,-0.0013460122640730765,-0.7857076541034803,0.6185965329147834,0.9978264311888639,-0.04181049377026485,-0.05093423045047511,100,0.24705578518302976
-51.955567678804265,-0.05721022739417504,-0.6152362077671895,-0.786264204026709,-0.0012869817251313367,-0.787507994569193,0.6163030927779345,0.9983613241505032,-0.0362707477432663,-0.04426171368799881,100,0.24692133835683336
-51.84985707602648,-0.04718799664454155,-0.6130264556564388,-0.7886519242593523,-0.0008105354525937206,-0.7895076827347627,0.6137401420267911,0.9988856971670756,-0.029600398106949123,-0.036758406208040335,100,0.2437373395205489
-51.74568584628064,-0.07458210320073551,-0.6205101307002171,-0.7806437648380689,-0.0027125939169951045,-0.7826948920540939,0.6223996688516729,0.9972111871195573,-0.04853744586223897,-0.05669183920789573,100,0.2705616183587583
-51.64254044987463,-0.46371080692241223,-0.5617577395604597,-0.6851281118063162,-0.004647501205516491,-0.7717410600174507,0.6359199139952186,0.885974428680597,-0.298067070182307,-0.35525389990403444,100,0.20535061558630757
-51.53477740334286,-0.39204407752841036,-0.5834345811533235,-0.711270364059507,-0.005133362704230093,-0.7717655333545214,0.6358864758063015,0.9199321115507626,-0.25294673557976055,-0.2995711252729444,100,0.18370997402393474
-51.42804050137326,-0.28656807750233393,-0.6096006068988759,-0.7390979887843957,-0.006883583370414224,-0.7701228042530559,0.6378585130335659,0.9580351524013088,-0.1878775304232293,-0.216496374855261,100,0.19474978883718425
-51.32438410031548,-0.28153298757865347,-0.6105722039938092,-0.7402302078510307,-0.00691792228769117,-0.7701219157420099,0.6378592142824921,0.9595266120625625,-0.18469926530443742,-0.2125908326803906,100,0.18314286041841255
-51.22072742390442,-0.2236830320369557,-0.618357286291812,-0.753392439349228,-0.005746813456511097,-0.7721280273604209,0.6354410149648836,0.974644999635175,-0.1464669787164716,-0.169158354306899,100,0.1795941411548867
-51.11809628195443,-0.10855290055784739,-0.6265220993832993,-0.7718071823744718,-0.005417799072437849,-0.7760107615274563,0.6306963972045411,0.9940759101968465,-0.07264541952470646,-0.08084384817900875,100,0.20126222706390148
-51.01956961955846,-0.22778456010647652,-0.6120099252652501,-0.7573361509619898,-0.0073566468584009,-0.7766789649442606,0.6298536855176072,0.9736837648457017,-0.14904239930279914,-0.17241313547976914,100,0.18205008440465847
-50.9210422153547,-0.603330827058054,-0.5095408219721965,-0.6134819181241962,-0.01651957244469887,-0.7611148105440383,0.6484067773371568,0.7973198961820087,-0.4013382562308397,-0.45078663160956756,100,0.15714157839101878
-50.81225236249952,-0.0312816128259248,-0.6408266582718554,-0.7670480133258516,-0.010832486924466821,-0.767161149341579,0.6413629457397262,0.999451908761017,-0.028371904924315263,-0.017056291652215106,100,0.14125512876416957
-50.70243634882562,-0.018277001650789274,-0.6402968558523418,-0.7679100778061598,-0.01067951425326021,-0.7678695346278611,0.640517232996667,0.9997759244880683,-0.019907641145992104,-0.007196293353591427,100,0.16132558750655288
-50.593646362892116,-0.7714511111721429,-0.4103740271083182,-0.48626776671517835,-0.011488371967122268,-0.7551172449309547,0.6554891026687093,0.6361848790884698,-0.5112642215946526,-0.577821508198166,100,0.19686547122661857
-50.48434155633029,-0.2994685085134397,-0.6081012108708113,-0.7352084940655875,0.008178665096862436,-0.772180841871846,0.6353501844521026,0.9540711303912142,-0.18425434807227892,-0.2362173011667228,100,0.2313375331298681
-50.37247335415031,-0.09899174991697485,-0.6333808356459828,-0.7674824756857785,0.012849446252408164,-0.7720200838887967,0.6354682382333061,0.9950052890208081,-0.05304438809838247,-0.08456221208014013,100,0.2045653858878094
-50.26573557468043,0.0920120315615272,-0.6440861143019114,-0.7593990146236599,0.011122914216922603,-0.7619217949598472,0.6475735164014101,0.9956957702166077,0.06803128492561022,0.06294185764756975,100,0.2070886662282827
-50.160539061647434,0.1738994956886209,-0.638032194703687,-0.7501159136565759,0.0075478264851164545,-0.760836014681185,0.6489002920937871,0.9847344798038676,0.11850517830731282,0.1274932429572568,100,0.2556214052974599
-50.05534369636404,0.23995805882185048,-0.6284822437335296,-0.7398852609142297,0.008571486151148819,-0.7607515384084128,0.6489866149886253,0.9707454144272895,0.16207148460139958,0.17716143555381425,100,0.23290100556252077
-49.955790352649025,0.23967124304893675,-0.6286276242477707,-0.7398547190415027,0.00851801461401036,-0.7606749068594709,0.6490771367883564,0.9708167379492451,0.1618672175177502,0.1769572411930305,100,0.23783147269827104
-49.85931671232681,-0.4502439461918533,-0.609942445087922,-0.6521124156138686,-0.0002651705682059635,-0.730234909014908,0.6831960972814167,0.8929055485336382,-0.30777782788264085,-0.3286221082971842,100,0.31676903335000556
-49.7643818463936,-0.9943166716378158,0.0713106659798103,0.0790515364848268,0.0011226133922975085,-0.7354622508506654,0.677564769828571,-0.10645701593726647,-0.673802691068527,-0.7312023230724475,100,0.2622677613394197
-49.668421172412636,-0.8896060132737883,0.30784127515153886,0.3373942656006341,0.0016726165319004278,-0.736518337504199,0.6764155090430646,-0.4567256764197234,-0.6023076355427727,-0.6546962415241291,100,0.24189357443737783
-49.57143336113811,-0.9822401120979631,0.12636607492770793,0.13869382572106725,0.0011099213611467235,-0.7352685333613703,0.6777750009576863,-0.18762497237935294,-0.6658917321577018,-0.7220699902250908,100,0.25914621225681994
-49.47444578038478,0.004391750918696339,-0.6830275217888025,-0.7303794335842946,-0.002441021500862054,-0.7303916236346873,0.6830242437412581,0.9999873768892789,0.0012168004487758313,0.004874982950472741,100,0.2894808656579485
-49.373354074261506,0.36611750535457327,-0.6204330950630561,-0.693556592372548,0.002162597215545292,-0.7447347881989299,0.6673570396868369,0.9305661155695641,0.2458309781064456,0.2713186959223432,100,0.30886931265815454
-49.26867049358942,0.37096702747582244,-0.621185041378448,-0.6902989271999546,0.0013283886095006583,-0.7429833963091105,0.6693085298968493,0.9286450882384802,0.24920838103208978,0.2747971668593223,100,0.33891991428001483
-49.16501285808122,0.313810997083704,-0.6313054366390475,-0.7092080821446644,0.0018653093017542977,-0.7465280282411811,0.6653513535505456,0.9494836379477745,0.21011746410119259,0.23309112499008572,100,0.3380108093493877
-49.06546026157318,-0.9835222579631402,0.12358777207789709,0.1319470753139608,0.0010816006914497606,-0.7258124047078852,0.687891839835378,-0.1807838439436183,-0.6766996495972042,-0.7137189825162216,100,0.4462409822214766
-48.96847199157273,0.6744913486630317,-0.49854682131028577,-0.5445296020788352,0.003431135451926387,-0.7354376652543886,0.6775836980290216,0.738274778038797,0.4588926971379953,0.4943357610219809,100,0.4170712558284094
-48.8719954954338,-0.6537971694801054,-0.5271933663429224,-0.5427857916930212,0.0029360458859559457,0.7155621187557855,-0.6985429362868734,-0.7566641532505409,0.45829903849533504,0.4662846239153651,100,0.2815745140611082
-48.77141346564894,-0.9176013390107215,-0.2660198591808239,-0.29536624242987863,-0.009766259786825104,-0.727744301374767,0.6857790110424267,0.397381935693493,-0.6321563622538074,-0.6651811263456936,100,0.27428764709497977
-48.66621343921644,-0.2558095091960858,-0.6739189876660188,-0.6931051096825548,0.014197773067548894,0.7142640506602228,-0.6997322982215223,-0.9666229452298244,0.18883872483592817,0.1731473873830053,100,0.2986390291425697
-48.56152600609826,-0.8392096254187946,-0.36896326112214173,-0.3994913222418737,-0.0076704431266594875,-0.7265139225649777,0.6871089321363026,0.5437539598997759,-0.5796927050268649,-0.6068673651070301,100,0.27171803871137357
-48.45837682586134,0.6837059764688536,-0.48819427554087597,-0.5424135756688716,0.0002467029325541881,-0.7431244494364752,0.6691531900748878,0.729757546640276,0.4576378502471743,0.5079581883804123,100,0.208287158049169
-48.35420154186731,0.6766283278971429,-0.4953944156371374,-0.5447554303012091,-5.435256955493851e-05,-0.7398640174178021,0.6727564438756336,0.7363247265527043,0.4551764588441822,0.5006398789361032,100,0.2159832399301138
-48.2428441089987,0.6357566615012263,-0.5158285664988241,-0.5742250058475192,-3.333819879541843e-05,-0.7439395624223482,0.6682469052314495,0.7718895427749877,0.4248232779010743,0.4729817293596094,100,0.20561055733254585
-48.13046093983396,0.6380703848594367,-0.512368063309289,-0.574756602107378,-0.0018109356419475642,-0.74745498091463,0.6643099969276474,0.7699759116215462,0.42283568818939427,0.47785675292494334,100,0.2110905924114003
-48.0191024797786,-0.7165948353217543,0.4840766271229554,0.502157008378307,-0.006382776412575534,-0.7244700358579329,0.6892767421792734,-0.697460466374586,-0.4907269976445851,-0.5222412389186403,100,0.26686986206298635
-47.91236120803947,-0.12827903161679605,-0.7002147358593965,-0.7023131877822121,0.00904231850904171,0.7073087246340634,-0.7068469456201363,-0.9916968924643448,0.09702418122246836,0.08440131358380354,100,0.28647598074959113
-47.802541938689636,-0.3279299996691289,-0.668241955603538,-0.6677683760767383,0.006617071762086979,0.7052139797647144,-0.7089636500595137,-0.9446788500216889,0.2369091207943928,0.22683901517624191,100,0.2829373924776781
-47.692722431414495,-0.7331760858268069,-0.4762434862194232,-0.48543276465979557,0.005822195720802531,0.7094087852987052,-0.704773209889539,-0.6800139183933452,0.5195491479875465,0.5173487736689276,100,0.264865274320136
-47.582903271728966,0.22819173765057724,-0.6611340396627227,-0.7147239414398118,-0.0009789331318584282,-0.7342474987310377,0.6788811768617085,0.9736157211949351,0.15421540845993426,0.16819641861705076,100,0.3202166577198432
-47.47411050939699,0.21558893304155602,-0.6621278916891229,-0.7177102946156763,0.0012458361606072774,-0.734807158793565,0.6782749348737499,0.9764834150369706,0.1471227189561349,0.1575913884851889,100,0.29670522644400177
-47.36890980704621,0.13489142959828487,-0.6605362890999688,-0.7385770867031914,0.005889068267883768,-0.7448420516170611,0.66721483572971,0.9908428841627048,0.09435109392545515,0.09658286586762051,100,0.2915338652759227
-47.26422402551353,-0.04703066946275119,-0.6643505751830125,-0.7459399636591981,-0.00966742722309347,-0.7464285998403989,0.6653952856694942,0.9988466633977268,-0.03850530605386717,-0.028682475920435914,100,0.1874589277611871
-47.15594688899657,-0.24535594963867738,-0.651540559858372,-0.7178407600828625,-0.009355714381202503,-0.7388489257997513,0.6738061556953685,0.9693879144002777,-0.1720382623255442,-0.17518535244331096,100,0.1584668541135032
-47.04972306023267,-0.24512894030390645,-0.665564071375399,-0.7049370677724975,-0.012383092084045585,-0.7249124208321125,0.6887297301218849,0.9694113995904536,-0.17755688952425702,-0.16945527234804136,100,0.19976821180039525
-46.94657927542876,-0.20838371611466117,-0.6701385747130931,-0.7123836870252914,-0.012122164409679642,-0.7265479587313572,0.6870088185702733,0.9779720241337525,-0.15179708279411094,-0.14327723359602124,100,0.20314728721970746
-46.84343390585298,-0.240782813381093,-0.6664150121747429,-0.7056306883408793,-0.011894467283273785,-0.7249396767573056,0.688709653417941,0.9705061351832521,-0.17422254908923387,-0.16662636334180922,100,0.17167800168443192
-46.73977561418631,-0.24048542477236512,-0.6665912080023056,-0.7055656751047927,-0.01188515179010112,-0.7248214380347833,0.6888342515671786,0.9705799831229683,-0.17404035273239282,-0.16638645372085714,100,0.16940063749882062
-46.6361180388858,-0.9971669196156524,0.06327028453589066,0.04068175904478888,0.015785670301579367,0.7048076402512,-0.7092228160857946,0.07354554396671946,0.706571342001841,0.7038096274024368,100,0.1323493318923109
-46.535025156839474,-0.9541117679056912,0.22597009197318446,0.19648982639695892,0.019745577881471466,0.7022149013432397,-0.7116911861795332,0.29879900685578464,0.6751531306786149,0.6744534110202588,100,0.13243405016591886
-46.43803731965461,-0.920464869834115,0.29334644210055194,0.25824850107641123,0.02195571305083491,0.6985461818713251,-0.7152280604516458,0.39020811122488863,0.6526722735798887,0.6494278506765504,100,0.15106867672992924
-46.340023971932595,-0.8534501059236362,0.3856941881570973,0.350518059336137,0.021098305938599488,0.6975710655597414,-0.7162049078164492,0.5207473266234358,0.6038498171860986,0.6034795937717032,100,0.13660842874821863
-46.23893265389486,-0.8045949804697724,0.4396920953754529,0.3991212580998289,0.022578828693539943,0.6942867330141892,-0.7193442352971989,0.5933945684767215,0.5697690704354069,0.5685473528893595,100,0.1499439206355251
-46.133737496129115,-0.72605451092475,0.5053312897353578,0.4663530151936641,0.020824143028634307,0.6940435431142514,-0.7196317914937745,0.6873217603371401,0.5127805065286863,0.5144365363105917,100,0.16880196481683488
-46.03213148039189,-0.5140050083752357,0.6230218305744535,0.5896122878577336,0.01623785884672671,0.6943082187650975,-0.7194945651603709,0.8576334784191016,0.3602497688866635,0.3669944423446462,100,0.17767061833418382
-45.930524098237,-0.4836293947727197,0.6380828146506003,0.5991268064102462,0.016904726159746388,0.6911846368611179,-0.7224804689405996,0.8751096152741307,0.33928471733152427,0.3450638228502531,100,0.19800336414934555
-45.829944425203905,-0.6485768462078393,-0.5345313404599538,-0.5418711291711138,0.012612200336403784,0.7042669208013597,-0.7098232432568308,-0.7610446813202018,0.46720910771415464,0.45002960202988457,100,0.14728290568446323
-45.72782314282326,-0.09217189419738184,-0.7016481163371392,-0.7065368092043124,0.011717576105846348,0.708743890566712,-0.7053685533071092,-0.9956741637354413,0.07329405449901653,0.05710465169165159,100,0.14792959974923112
-45.626213200087086,0.030353462244314032,-0.7039488505347546,-0.7096017778730411,0.011355480554483415,0.7101259378528963,-0.70398310025875,-0.999474722237216,-0.01331045526427493,-0.02954845832692434,100,0.1490912291311972
-45.522553040451115,-0.16384484369796906,-0.695889203212765,-0.6992088987173226,0.01183543307451447,0.7073496752482944,-0.7067647129349847,-0.9864151203816408,0.12407519404794637,0.10765944688896409,100,0.12198953832467242
-45.421969766488,-0.04314687687812817,0.7039199240360621,0.708967620953685,0.011211471370176689,0.7099249352451423,-0.7041881064224929,0.9990058307764672,0.022434947342149,0.03852302184896254,100,0.11634880417477884
-45.31933482474105,-0.019618989278388572,-0.7047094280170036,-0.7092247297744503,0.011421095460706156,0.7091570115101606,-0.7049580779056692,-0.9997422937128209,0.021930688313992266,0.0058643901560700915,100,0.11409289877221908
-45.21926590573631,0.02186606966426902,-0.7044001608735831,-0.7094661995886115,0.011274996989596796,0.7097644835537549,-0.7043488143871304,-0.9996973289152682,-0.00740211097875201,-0.023461869335931473,100,0.11273071210779508
-45.11714643380881,-0.17592123076852711,0.6921154831473546,0.7000199129686171,0.010732248751074662,0.7124164179626521,-0.701674900686927,0.9843457418009344,0.11592672429154341,0.13275712859730282,100,0.11952812560811572
-45.01759132672962,-0.0743546786176367,-0.7050660522517359,-0.7052327585484246,0.011460091566824107,0.7065395272232815,-0.7075807817997759,-0.9971660082799394,0.06069397361562736,0.04445439795787998,100,0.13926968245340055
-44.91444214989736,0.05174861110339508,0.7064989497878725,0.7058196052799205,0.011306650604023277,0.7063067870679975,-0.7078155707483419,0.99859613503207,-0.044608928369953255,-0.028562258466309418,100,0.14749124892428117
-44.80872754190907,-0.7470327318505349,0.4746758673229749,0.4654298212675123,0.014639265922388262,0.711694692387264,-0.7023363558303467,0.6646260523310688,0.5178546956521485,0.5386081365462652,100,0.13149555199997864
-44.701474714245165,-0.8806077689331837,0.34150766204381633,0.32848511999767505,0.015155402898994308,0.7131763284719337,-0.7008208317895963,0.47360349561367215,0.6121699447642452,0.6332043016829966,100,0.13356392821791113
-44.59576136861616,-0.0875586522023904,0.7193384939872591,0.6891194479135259,0.017484031543886336,0.6927794748173326,-0.7209375201172382,0.9960059191919862,0.051075731418773467,0.07323577400809045,100,0.1681559258171622
-44.49056057694948,-0.23936560780769453,0.6981605196249248,0.6747414279825332,0.016626942447868345,0.6977893823220556,-0.716109993439164,0.9707871293871217,0.16019321694647157,0.17863505440045205,100,0.1536523488757282
-44.38895251729819,-0.443291617768595,0.6415207187558019,0.6260540783535725,0.016423203020027092,0.7041222869805639,-0.709888782401739,0.8962269913468713,0.3044059335563284,0.32266733270821735,100,0.128977520934295
-44.28837178674549,-0.5377902327051657,0.602554061860208,0.5896696262676995,0.015261072378652735,0.7062671656704415,-0.7077808914951681,0.8429405467034893,0.37163865949549163,0.3890192045280243,100,0.13787581535274868
-44.186251949582676,-0.8107695121546314,0.42199103153034145,0.4056801294967495,0.01719450646094686,0.709906872206901,-0.7040856352326607,0.5851129353450542,0.5638756973849584,0.5828267759725195,100,0.13808906348386119
-44.08361835361363,-0.6354636036747594,0.5518604047613698,0.5400334267999581,0.016359728366305615,0.7088727184687056,-0.7051466714794647,0.7719574908584468,0.4392602448064297,0.45949109854286224,100,0.17262844372208527
-43.97893589684449,-0.08698678281854474,0.7040909000005314,0.7047618776234431,0.011548077085701533,0.7081086064872046,-0.7060090957872794,0.9961425307306692,0.05327481539330596,0.06972698555299194,100,0.1514134548744485
-43.87425330112173,-0.6264818163514185,0.5511772341525895,0.5511117766233353,0.0101219510405077,0.7127582808883309,-0.7013367088155623,0.779370309858004,0.4337963687918708,0.45210909140917105,100,0.14434997579517855
-43.77418655558941,-0.41696788657192574,0.639942999982698,0.6454539010191868,0.006187329369933103,0.7121138464436624,-0.7020367416727418,0.9089001587209729,0.28873314059241023,0.3008881436690949,100,0.22779347136680395
-43.67052884348403,-0.1164312943302729,0.7078664813890088,0.6966841452383723,0.007476174361969394,0.7020596813664689,-0.7120788654471649,0.9931706099746845,0.07769973182422399,0.08703385063845497,100,0.2407537663188581
-43.567896468484015,-0.02096422426978319,0.7352657567478215,0.6774546244988071,0.013209185848317848,0.6777480997817029,-0.73517551010049,0.9996929622188959,0.006463760232591802,0.023920725191029044,100,0.1955192497786988
-43.466290750337066,0.3120460093332486,0.6978226244140342,0.6447254244367162,0.008137357640090603,0.6766225131320849,-0.736285106554152,0.9500321423351061,-0.23500119059002966,-0.20545892278369707,100,0.19641237273030068
-43.36519773644816,0.29674970973412246,0.700376731585036,0.6491625710305367,0.007855151105729985,0.6779699722555984,-0.7350476265663671,0.9549229845248361,-0.22322443991195412,-0.19568582741776214,100,0.1992613282800398
-43.26256592544529,-0.8486798208556823,-0.39000171430094055,-0.3572691205725657,0.01101601130298688,0.6623052902693269,-0.7491530884780728,-0.5287922173853729,0.6397267895934875,0.5577888718046196,100,0.22889320880545216
-43.15890963727914,-0.9931342152901061,-0.07826848496960133,-0.08693948861517678,0.01456686585050837,0.6546684437781987,-0.7557757836424273,-0.11606996527697619,0.7518532256907561,0.6490335046659816,100,0.2616410817827976
-43.056791428974364,0.44151227074299093,0.6685741923443426,0.598394070921895,0.010963495266519352,0.6628466046271244,-0.7486749498319238,0.8971882280519005,-0.33710966771275297,-0.28532499957011903,100,0.28220234836630564
-42.94800044915554,0.27761477857052336,0.7127211576694926,0.6441727921369371,0.007424590659922653,0.6689179097499222,-0.7432992031943312,0.9606637862294862,-0.2111335630023169,-0.1804098345467198,100,0.28415551539867745
-42.840748143599996,-0.9378555494056745,0.27075631178515924,0.21706678252896736,0.012086597078574124,0.6506121106714097,-0.7593140296469925,0.34681534369177003,0.7095032777064466,0.6134527009507484,100,0.3144366464341365
-42.73452034742725,0.6757307788734686,0.5502632324650638,0.49050819512028004,0.010718452937682754,0.6580082231443548,-0.7529344546778503,0.737070572774194,-0.5140384745050784,-0.43873843856996797,100,0.31467966815958764
-42.6277794254187,0.40022475171939415,0.6862795159272305,0.6073224630538835,0.009552089655783969,0.6595540384709843,-0.7515964528387714,0.9163672329881494,-0.3066087023476368,-0.2574144478275084,100,0.21032121464555384
-42.51539546572923,0.16742982435331147,0.7399506631121877,0.6514908058267996,0.007549466776030051,0.659837276156975,-0.7513705973387179,0.985855090501853,-0.13072025533014273,-0.10489020630166293,100,0.17308540995954075
-42.40711497555995,0.12395653873738491,0.743741884542375,0.656873492905296,0.007036389967024763,0.6613034442785585,-0.7500854909952249,0.9922626999542405,-0.09760001927598329,-0.07673962807343111,100,0.17190895781212656
-42.29986165405175,0.11157158598744525,0.7392366374911391,0.6641392737905507,0.006404071083329772,0.6677632177037638,-0.7443462050386739,0.9937357642118985,-0.08730108173848666,-0.06976927728939368,100,0.1565594088440067
-42.19619952416374,0.15331710958242897,0.7397180711105371,0.6552183141379642,0.009301822147711707,0.6619479136561133,-0.7494921185116301,0.9881332602508741,-0.12100468949104924,-0.09460721487895594,100,0.171556669988372
-42.09099830624561,0.1107800114706508,0.7411909390014454,0.6620904628528627,0.007191194660021495,0.665575660830046,-0.7462957365749916,0.9938189351073586,-0.08743587165919403,-0.06840243101873499,100,0.15845642746260205
-41.981692953777184,-0.039490502683720466,0.7384744717263078,0.6731240263178382,0.0016424722201105503,0.6736965731176305,-0.7390062446654747,0.9992185959452483,0.0280781405743321,0.027817540133786345,100,0.14395358779845613
-41.87084852534582,-0.13095705327420307,0.7415180844976018,0.6580282520992127,0.0024966588934485917,0.6639889595311306,-0.7477382084092912,0.9913848984587709,0.09627872030606878,0.08880535526711483,100,0.14492354075093802
-41.75949044468873,0.04105942491838717,0.7548832486721758,0.6545726884766223,0.007122493244877553,0.6548873709374472,-0.7556929280313633,0.9991313195548162,-0.035690506591816,-0.02151264799766729,100,0.13946458497889058
-41.644026542160006,-0.9941099377349122,0.08885693055510253,0.06204738180628353,0.008893797176129169,0.6374740445972732,-0.7704204974146156,0.10801079607372088,0.7653308358854486,0.6345095583002683,100,0.16945796752109105
-41.52394421063826,-0.8849978584087931,0.36552363020321826,0.2883942897751459,0.009852620389972366,0.6339739182138315,-0.7732916635371503,0.46549083394122914,0.6815200266959608,0.5646669254782292,100,0.1705885466670724
-41.40950712129827,-0.9912927075935427,-0.09739724495706259,-0.0886145842772896,0.006282924506181905,0.6372182517692836,-0.7706577868754378,-0.1315267757208111,0.7645042029229611,0.6310578665872216,100,0.17696788570520558
-41.30071381618131,0.5635534823336148,0.6320478683530175,0.5319050334975809,0.004721922533019369,0.6414155929779045,-0.7671790798323397,0.8260660845218428,-0.43485805637611197,-0.3584875099742556,100,0.17870944597894212
-41.19294891285114,0.4658866872929141,0.6752223915892213,0.5718603994855448,0.008162306004830894,0.6429765924832531,-0.765842332519761,0.8848067423815882,-0.36146344685895565,-0.2940428628974438,100,0.16914383385492446
-41.09288233692603,0.3054259560923815,0.7254999550662425,0.6167372216300346,0.006962658208032325,0.645967501901865,-0.7633331565426346,0.952190373158505,-0.23743588963243112,-0.19224383365591535,100,0.1395560146482171
-40.99127737508548,0.30015507055842955,0.7282235351517461,0.6161147754024063,0.028483666453498136,0.6387663708920619,-0.7688733342773378,0.9534650567081261,-0.2483304376601434,-0.1709864888466092,100,0.17113298277795475
-40.889160174953815,-0.15296260438432774,0.7588834335764287,0.633007405883386,0.026281126276902378,0.6434426301739518,-0.7650430602759852,0.9878824545772545,0.10038683139773527,0.11836697183058087,100,0.18314564346218695
-40.78498999625819,-0.6069024462253617,0.6182950711537419,0.4993802416522515,0.022403557154461823,0.6413872289824866,-0.766890150624582,0.7944605096494719,0.4542396146145298,0.4031114872120922,100,0.27437430843569466
-40.678766288445324,-0.535912766093419,0.6559465069934485,0.5315370985182449,0.022763696155528146,0.640576858237609,-0.7675565795612549,0.8439664218885957,0.39924362067981506,0.3582250829730278,100,0.28630769234417863
-40.56997701118744,-0.6434688315256295,0.5928831114449489,0.4841874420288051,0.02053096051232972,0.6456740725313925,-0.763337062981464,0.7651969305449952,0.48124277472402904,0.42764360074767305,100,0.2699980026063043
-40.4627259338065,-0.6934643790236455,0.5522707228940311,0.46271395446804287,0.016930707212173986,0.6545339645652349,-0.7558429998245743,0.7202919589851363,0.5163161220266321,0.46324632319828996,100,0.26935513430566643
-40.3549630954855,-0.5897267163925757,0.6282879476045891,0.507421575090815,0.019895559251514153,0.6394175012180258,-0.7686022546533191,0.8073577687090774,0.4431698478359162,0.3895817234858314,100,0.2046149989820726
-40.24873893306721,-0.7611977904828751,0.5035179176132588,0.4087146075275468,0.019898874811232065,0.6480641757545945,-0.7613257245652252,0.6482144387046898,0.5713864985681109,0.5033244586833014,100,0.18663157519421789
-40.144568012438434,-0.8402919632917203,0.4205640205579582,0.34210425463514993,0.018920424834282162,0.6533979916004944,-0.7567780930342333,0.5418038703732527,0.6294417917365875,0.5570023311118166,100,0.1846652684231877
-40.04193609955965,0.048394201594453144,0.7865407023533217,0.6156392813925852,0.024667862257231995,0.6152323035003728,-0.787959839903839,0.9985236591206509,-0.05331919233417299,-0.010371398417658575,100,0.2394675777650917
-39.93930487034167,-0.6573953318338922,0.5994081187879141,0.4566632072043255,0.023822841022015928,0.6222481239971819,-0.7824575032726235,0.7531692040495593,0.5035048950239926,0.4233426162793344,100,0.2587635039415383
-39.84385763724196,-0.5362626657084801,0.663731329097685,0.5214240847347342,0.02356505007866647,0.6292961618383942,-0.7768082318759603,0.8437221354107197,0.4042858685010968,0.35310889927653927,100,0.23877481205806372
-39.74841018817133,-0.960437369996759,-0.21209238699212724,-0.18049065818953264,0.018917466732576823,0.5969093279736389,-0.8020856460693464,-0.27785281673240386,0.7737674544448355,0.5692817744103781,100,0.2716442852216392
-39.649370459413156,0.6192405639859561,0.6208481862355878,0.48071681223183355,0.01882001985917192,0.6003096753781058,-0.7995461840944109,0.7849757517062902,-0.504158529924283,-0.3600517267528798,100,0.2688663612727667
-39.55135605521639,0.5043608346282529,0.6825200700366718,0.5289484875583148,0.01951080517089504,0.6034042611387264,-0.797196729873631,0.8632725392219281,-0.4123950189281683,-0.2910169606544612,100,0.27542725540281593
-39.45282928687856,-0.832357631653056,0.4580767641295133,0.31200392817006317,0.021828240075858873,0.5895984417160205,-0.8074015144036029,0.5538089029296174,0.6652363156733664,0.5007557721536707,100,0.31873875786896727
-39.35276205664569,-0.6061069813789202,0.64034811428867,0.4717929838930182,0.002750238392496329,0.5948481499228812,-0.8038333874144008,0.7953783774484429,0.48591148479972146,0.3623027264970721,100,0.2543216804542923
-39.24756413953632,-0.9251883391266826,0.30086055959805114,0.23132112057129084,-0.003041785969157552,0.6036302333764142,-0.797258608540575,0.379496093105223,0.7383179972290282,0.5575564996353183,100,0.23970705612445659
-39.14134122808775,0.5483631657549193,0.6601192685596725,0.5133618506662585,-0.009001397524699667,0.6185166671008787,-0.7857201202470401,0.8361918519609273,-0.4262389984441402,-0.345113753593639,100,0.24504016036273382
-39.03922261209515,0.5292092501232029,0.6652071865907618,0.5267228573852103,-0.008035159809940462,0.6246769364957132,-0.7808419566193657,0.8484533020684556,-0.4089964839926305,-0.33592985918313367,100,0.21960610982716175
-38.93607939705796,0.6696455327062248,0.5774442324899453,0.46704712705539086,-0.009795240338676292,0.6356787982560839,-0.7718915200430748,0.742616262812298,-0.5123188692716668,-0.43133567252766963,100,0.21057124946222125
-38.83088213756341,0.6766434928568614,0.5720911168050383,0.46353569188060445,-0.009676485939227208,0.6363928104719815,-0.7713044511731024,0.7362472065782896,-0.5174127412929999,-0.4361468857544768,100,0.192819256531553
-38.7261973177137,0.8220679904739661,0.44316587554034054,0.35750276333849323,-0.014110115503603249,0.6435333912596393,-0.7652879712724768,0.5692144795053709,-0.6240743393942998,-0.5352813234468378,100,0.2142876265516462
-38.61997382730016,0.5415198971270329,0.6566796894883437,0.5249075979913229,-0.010627907278654702,0.6296761985350142,-0.7767849976572473,0.8406207519460867,-0.41506586273986196,-0.34796132110567995,100,0.2096518930596265
-38.51682880269564,0.5601382970745494,0.6496236086731028,0.5140372118873882,-0.005679129115171682,0.6235155434623096,-0.7817903264644516,0.8283796446333753,-0.4349914184388426,-0.35294423106440864,100,0.20509944111392417
-38.41317117898564,0.6344347262665903,0.6117594339175592,0.47248595018254685,-0.0026988196253036893,0.6130046885742964,-0.7900746598635854,0.7729717294181377,-0.49997564620569035,-0.3905624901619915,100,0.1562942990928454
-38.31207859565231,0.6234630331895539,0.6186994263333709,0.4780218259670149,-0.00248838769671536,0.6129632870070164,-0.7901074716190353,0.7818488691382448,-0.4914132971708353,-0.3836995141916863,100,0.15327134043928453
-38.20688149108943,0.6109177153679789,0.6270720658002996,0.48328063207883043,-0.001911018077393023,0.6116048351764907,-0.7911610920657345,0.7916917917090445,-0.48241076882847717,-0.3748385746676035,100,0.1497204029232542
-38.10014593932257,0.7516833414880316,0.5272287448826803,0.39623478481680663,0.0010489980672461208,0.5998323435466917,-0.8001250272540779,0.659523353439772,-0.601856303617996,-0.4503309183953955,100,0.1361441634670833
-37.99751269213715,0.7809879630292927,0.49968242064048024,0.37466689219388777,0.008556166168985496,0.5912861310220621,-0.8064164577198618,0.6244874647451659,-0.633007258855561,-0.4575119852116709,100,0.17105456684509798
-37.8902616907778,0.2771031655364488,0.7921272900886944,0.5438273549081738,-0.012739236982605331,0.5689705839855028,-0.8222591966042685,0.960755716866041,-0.2209226807187013,-0.16775464718833355,100,0.2632238037350884
-37.77993274633336,0.24158368248362655,0.8057097777553851,0.540804103522725,-0.012598916382819,0.5598690344980113,-0.8284853236577239,0.9702981972896936,-0.19333498969310395,-0.1454062931813419,100,0.2506432832393022
-37.67011433846326,0.8727131894018706,0.40647858231643563,0.27045674545486076,-0.018659068246681954,0.5813131912477952,-0.8134659260555847,0.4878765501806583,-0.7048759719264978,-0.5149042007834999,100,0.19706948915718164
-37.56542681335113,0.7480817454581735,0.5487047095771552,0.373224923873128,-0.016720139937579287,0.5778253881750968,-0.8159891284206957,0.663395914241805,-0.6041861985084966,-0.44143504448461185,100,0.22115188848051284
-37.462791758184984,-0.9958780532485942,0.062141745293406235,0.06607046654655513,-0.01702620196118848,0.587406335931624,-0.8091130359561396,0.08908990686136595,0.8069028442131517,0.5839270403878892,100,0.23332297817884962
-37.36169555062956,-0.780488321273866,0.49481506086793875,0.3820942761850283,-0.01838975626577782,0.5927483616270282,-0.8051777422736914,0.6248998297484069,0.6354584450038665,0.45353364533811624,100,0.21513178403783412
-37.262651193591125,-0.7891086831936809,0.48605232489618233,0.37558038230364355,-0.018560352716588013,0.5922953596152287,-0.8055071199469952,0.6139731259716267,0.6426035670934943,0.45836410869891003,100,0.22398536598042504
-37.16155594577147,-0.914399651543464,0.3210434203635754,0.24658548111851197,-0.011643299835427223,0.588025054501262,-0.8087589065028776,0.4046451665671218,0.7423999309806303,0.5339519001312962,100,0.19212465344179763
-37.06251457810583,-0.9998409651827525,0.006628664701287732,-0.016556121124820525,0.017360076544437584,0.5743126613504758,-0.8184519501808919,-0.004083146432972325,0.8186092033545749,0.5743363997679367,100,0.30082321282241037
-36.959881801798645,-0.9959113177379051,0.0821692936045509,0.03753470913806117,0.016546930069208612,0.5743992648082883,-0.8184080178572194,0.08880791804132367,0.8144407233041745,0.573410378278017,100,0.30004208678350114
-36.855194429711666,-0.8779909443463424,0.39763601289862294,0.26649109345699373,0.016903476207162402,0.5821320188772109,-0.8129185599370067,0.4783786932315567,0.7092305082580902,0.5178280718713879,100,0.3092864287289096
-36.748453248469346,-0.09746873826795856,0.8263493515877177,0.5546589891014216,0.022895959271088777,0.5590268871944972,-0.8288333453974254,0.9949751856752553,0.0680858907864887,0.07340770645035503,100,0.37852649264143323
-36.642225493438374,-0.030307390791241246,0.8271815141876429,0.5611169260053251,0.022358198628485922,0.5617953770930493,-0.8269740414492875,0.9992905348383503,0.012517861762983192,0.03552084063429085,100,0.38650806866402465
-36.53445859382895,-0.9694690511664613,0.20435128962003318,0.135537113961566,0.0037992550362700855,0.5651818248547633,-0.8249576174052877,0.24518426640298638,0.7992559385356288,0.5487026701447337,100,0.44857604701705195
-36.42412581784487,-0.9689601899222351,0.20607444292700058,0.13656307816607186,0.003872242818090829,0.564985652427525,-0.8250916423565335,0.24718648037751584,0.7989521490823907,0.5482465753611286,100,0.44452830254601555
-36.31482035058042,-0.8024533724385308,0.4840157963780974,0.3489946903872676,-7.566258891431032e-05,0.5847775571610745,-0.8111936901356538,0.5967148224547479,0.6509715181920039,0.46922010098204053,100,0.2844390858805899
-36.20910821468485,-0.7250986108963349,0.56435534059495,0.3946328091000082,0.006496652429952733,0.5786373560264845,-0.8155590743274727,0.688614404426316,0.5887969597005726,0.4232355635623648,100,0.23861274451867265
-36.10442280462281,-0.7587005628505692,0.5340085784521157,0.37310627717820577,0.007838095628707742,0.5801828642847626,-0.814448530140023,0.6513923703783648,0.6149981155498604,0.4443706759935628,100,0.24300206966399898
-35.99871134618505,-0.7377033091484415,0.5552815028889597,0.3840003648706824,0.008907533291827861,0.5767399683765587,-0.8168792228522286,0.6750662808362553,0.5991940098385367,0.4304091716628745,100,0.2108441851806078
-35.89094881210119,-0.7082679960586648,0.5879000883881252,0.39080677045347867,0.012178935079350552,0.5636883000050837,-0.8258977987485567,0.705838592951233,0.5801973685829791,0.4064023796559395,100,0.21746362895881724
-35.78010681661313,-0.6284023473838266,0.6440422670523894,0.4362568601781696,0.013713179427020357,0.5699065256470065,-0.8215950953693434,0.7777675992946086,0.5103098179292425,0.36696246567261426,100,0.19730105446201204
-35.671829893445086,-0.6147392127625597,0.6519294634218001,0.44394107155638607,0.012403758308407866,0.570776402307359,-0.8210118423926017,0.7886328975333803,0.4992016359064057,0.358965011716286,100,0.18680978339802876
-35.56201355865813,-0.5744767551393827,0.6791500268980026,0.45687164364728117,0.01295828958632891,0.5656435687416378,-0.8245480191427428,0.8184183163489944,0.4677633954315649,0.3337497046572638,100,0.2100566267252685
-35.45425020022954,-0.5817769117820277,0.6778300818801418,0.4495353212103883,0.014561761921593669,0.5612889006597814,-0.8274918278060956,0.8132180396468746,0.47486961378308296,0.33641532351900993,100,0.19877288498584667
-35.35110498684604,-0.16901223737196513,0.8496779439203044,0.499481986896311,0.02404690986018765,0.5101764105690383,-0.8597335495518762,0.9853205619211947,0.13329449243782082,0.10665818553231259,100,0.2748452565307755
-35.24590681454124,-0.3244854910698533,0.7932255550812045,0.5152692353044873,0.003453373709017271,0.5457348585604573,-0.8379507971008939,0.9458843694105438,0.27012345865939263,0.179822347851165,100,0.2645148480386026
-35.14430156117007,-0.7263778030325445,0.5799691219946687,0.368796834035146,0.0049868064889480035,0.5410245066953704,-0.8409920421241054,0.6872775414799001,0.6090388334808909,0.39588038634110184,100,0.23199191743449288
-35.04372298490319,-0.8623918421188634,0.4290560406032308,0.2686842471540007,0.005127928114056489,0.5381197892045174,-0.8428527729204802,0.5062153840018007,0.7254915619691,0.4662702848258134,100,0.24006416233139977
-34.94519729546668,-0.9964205547726457,0.07536842020420512,0.03828419076453603,0.00781607016884485,0.5330822219459747,-0.8460273362559029,0.08417236526134164,0.8426997958235571,0.5317631681916737,100,0.25701052206264324
-34.846157936288044,-0.1236744554344798,0.8329000612001828,0.5394275828373227,0.010742367926699657,0.5446927804079869,-0.8385668586956821,0.9922646978524996,0.09791457002994208,0.07631190189963348,100,0.2910268637521441
-34.74916965987964,-0.6458922109355331,0.6388541202670519,0.4179577309616608,0.025652519101324295,0.5653270163293322,-0.8244678968109863,0.7629975099019427,0.5217957240395767,0.3815285340016509,100,0.1995556680001824
-34.65269466389034,-0.4847303981737403,0.7337029845910837,0.47614742621215883,0.027760384978650327,0.5570086909889952,-0.8300425767324008,0.8742229704784497,0.38912883286241085,0.29036692188156266,100,0.15509995537941879
-34.5541651481132,0.9058368265070145,0.34115525572153327,0.25114285822470905,0.02940105927826725,0.5407815203017888,-0.8406491093276682,0.42260527854845464,-0.7688747874613014,-0.4798294902872498,100,0.18692651376238534
-34.45409460889751,0.6100173840368888,0.6520597297963904,0.4502187245669036,0.032743833149968836,0.5469507369585799,-0.8365241973374788,0.7917112052784386,-0.5250361893415774,-0.31229852276025455,100,0.16942061922717275
-34.356078369169566,-0.605815057362527,0.6450199932425864,0.4657653106341991,0.0001337101194854584,0.5855049698273874,-0.8106688056346032,0.7956054916819278,0.49105309145220133,0.35479397258239037,100,0.22222960000501896
-34.25908773660136,-0.5356853789047857,0.686497230677404,0.4916937330288963,0.001554533198379115,0.5830881216319979,-0.812407426011237,0.8444162233485164,0.43443042559646283,0.31341896410699993,100,0.23514754040441574
-34.1626098777966,-0.3595067422558674,0.7594407719777807,0.5422219251656701,0.0015809341467482585,0.5815657445357671,-0.8134978705748297,0.9331411484442196,0.29160075212583236,0.21027743207451424,100,0.24213317294637068
-34.06356757586461,-0.305749219781334,0.7689023826320611,0.5615216296687464,3.356889404421138e-05,0.589772915673428,-0.8075691343849101,0.9521120803121,0.24689478309758364,0.18034842001792603,100,0.2395093434289089
-33.95734239936585,-0.21026981324927868,0.7983325094741369,0.564315346196469,0.0011197986613515482,0.5774163190672492,-0.8164491046757213,0.9776427525876064,0.17104268119845376,0.12230719325277896,100,0.24752419921819896
-33.852142583075334,-0.047993996837804115,0.8347377352387081,0.5485521758557569,0.010637287055623262,0.5495810392953465,-0.8353726889066598,0.9987909813327457,0.03425776723020974,0.03525593556795295,100,0.18330736447736828
-33.74796711889737,-0.03389816380927142,0.833176604256454,0.5519670829044463,0.008828964110528156,0.5525125792045044,-0.8334577969000718,0.9993862936237894,0.023379391362276836,0.026085248253269296,100,0.1876721815060929
-33.63866148680242,0.7784665892459077,0.5252008474899018,0.34373512945832585,0.010527219619722805,0.5366213688230672,-0.8437574794747221,0.6275977589785684,-0.6604555823962325,-0.41221290203817257,100,0.20284446258852204
-33.52935492114586,-0.6857412442027402,0.6282041090557969,0.36758474310652545,0.012977785362268512,0.5155042306391153,-0.85678875184042,0.7277297046887456,0.5827649488074813,0.36165521060126454,100,0.2352802481732739
-33.417482713293545,-0.6511882125648927,0.6551926692100685,0.38298365243170085,0.012906005595920839,0.5141329628616403,-0.8576133928050969,0.7588065279345574,0.5535249431710345,0.3432532453617954,100,0.23318140669797693
-33.307663542616176,0.6303631284831798,0.6525795588307473,0.42045480808900904,0.013362167886470322,0.5324123133144572,-0.8463796908601495,0.776185402283676,-0.5391447375495894,-0.32689321383949294,100,0.18824426055354002
-33.19835823888735,0.19528381884448404,0.8257879282506385,0.5290921731163984,0.0055596707270559875,0.5385380987150918,-0.8425828186556742,0.9807310131523941,-0.1674843687866191,-0.10057666753887956,100,0.1593476518620831
-33.092131959224204,0.29747240114679846,0.8044170782577106,0.5142210952141953,0.005372332604365149,0.5371845632189947,-0.8434476172718767,0.9547153023799013,-0.2536649547070826,-0.15547598578271643,100,0.1510772707919078
-32.98641983540864,0.2444868351411079,0.8164448629922213,0.5231099054083163,0.005024435645413938,0.5384078378367919,-0.8426694222542764,0.9696395941220273,-0.20864991217233658,-0.12753145361575088,100,0.1522590924319081
-32.8807092182063,-0.7272135964324753,0.5946618157295996,0.3428377314079073,0.014511710041765189,0.512671724970605,-0.8584620624624761,0.6862578199448139,0.6193101220946094,0.38145140874789213,100,0.20667296829016346
-32.77397361740515,-0.830579684177149,0.48265189813630094,0.2778210457427824,0.011651780511022032,0.5138225794679084,-0.8578173423520115,0.5567778948944636,0.7092485474460775,0.4323943497578558,100,0.2313628406686818
-32.661592310284156,0.49093590881961807,0.7318530397221555,0.47262359407978827,0.012836030197478532,0.5363646109650668,-0.8438887606983885,0.8711011248759958,-0.4203619064017736,-0.25392656002482594,100,0.21136131609155284
-32.54767055122352,0.8509225335876411,0.44072020646970794,0.2858260685138563,0.0170763124509955,0.5206327218028625,-0.8536099627705965,0.5250135630494375,-0.7312368074689903,-0.43549223875597726,100,0.15030412459371106
-32.431697506651574,0.746263969256835,0.5617539727029142,0.3571030136270585,0.014399344535462794,0.5227234874154325,-0.8523806746877813,0.6654943629107481,-0.6412430349381909,-0.3820008155453017,100,0.1576601616568001
-32.31726302775546,0.5701407214718041,0.6938677178862874,0.439871740163978,0.013119108156410571,0.5276610324684706,-0.84935370948474,0.8214422966470567,-0.4900218616445425,-0.29173811610693884,100,0.1535220526865798
-32.206934280679455,0.5270923493546736,0.7175154456640338,0.4553517766357276,0.013099256742569206,0.5289053569160441,-0.8485797151112583,0.8497070464133877,-0.45324464548304927,-0.26938304812363784,100,0.15664642375947269
-32.10122354157065,0.07014555367181743,0.8437382589385105,0.5321516247306638,0.00067762619363744,0.5334252486934542,-0.8458469393921506,0.9975365367357809,-0.05969300176517883,-0.03684567026729847,100,0.142688084421607
-31.995000029002096,0.21858339225373363,0.8378510233440509,0.5002269118232013,0.0011681398693204616,0.5123979869923385,-0.85874730763796,0.9758175731560157,-0.18829223459167363,-0.1110229629958507,100,0.13492541751464773
-31.886417845090374,0.34108383031924266,0.8326330609443059,0.4363301576985824,-0.01386798247604451,0.46857126144320543,-0.8833168468967222,0.9399305824138282,-0.29523407454431644,-0.17136902132871873,100,0.13346996281004442
-31.78019355797552,0.3677676606597712,0.8253674439913168,0.4283871265246888,-0.016079817098261062,0.4662475418808222,-0.8845081509925036,0.9297786764896934,-0.31840510688324614,-0.1847425253041183,100,0.1286670558682172
-31.67294195772617,0.5641648146573423,0.7385432054979366,0.3691503697891673,-0.02992030016435099,0.4650894941108714,-0.8847578980183047,0.8251198928281404,-0.4881041856822436,-0.28448456263697713,100,0.12360204338069357
-31.565176186570337,0.5868624471500966,0.7232994648688305,0.3639098133404256,-0.029570017097531823,0.4682911608785758,-0.8830792731866418,0.8091465146769475,-0.5074852438874055,-0.29621047419476754,100,0.12885120533892067
-31.456383691054032,0.5853454367562416,0.7252500337638907,0.36246807886229104,-0.032208324527588095,0.4675055877676998,-0.8834031634746975,0.8101440263926967,-0.5054215210410543,-0.2970113509089793,100,0.13711754915417249
-31.345538815454187,0.3513048966276945,0.837623427377823,0.41829638238124156,-0.023487128955507912,0.454517014096669,-0.8904283456124225,0.9359664654136025,-0.3029872568351305,-0.17934742210773613,100,0.12148142680104143
-31.233152581794055,0.33598211319362187,0.8415822858026997,0.422912846620969,-0.020763325987174647,0.4555237307879848,-0.8899814688986203,0.9416394766086958,-0.290236777325167,-0.1705218730251427,100,0.12214542407104866
-31.12179382933705,0.2792204283273367,0.8638803653329639,0.41922150087618765,-0.014608203733506964,0.44035692897555984,-0.8977039464583488,0.9601159059136449,-0.2445332073469748,-0.1355763907036268,100,0.13695310801898988
-31.010434990518192,0.2424195902464213,0.8716325490135153,0.42601577642730454,-0.011892905153245538,0.44175077180226785,-0.8970589804573146,0.9700986037881785,-0.21239810524649846,-0.11745528432524552,100,0.15528778865590565
-30.898563256111473,0.5127173035528164,0.7666314194644732,0.38651938286121684,-0.016204132062029253,0.458756835476928,-0.8884140881409475,0.8584045623956372,-0.4492420645855436,-0.24763516443605685,100,0.14313647361898393
-30.791824568546975,0.6148864224643451,0.7036708481021547,0.35603655009028623,-0.01985652872001889,0.465141714740009,-0.8850135046856151,0.7883656548431001,-0.5371131377465257,-0.29998178532019565,100,0.14415270840490527
-30.68816446299777,0.2511949199316157,0.8622511403752299,0.4398000490247413,-0.008968336661311999,0.45642248839585364,-0.889717978363968,0.9678949742291664,-0.21954836143354053,-0.1223839689410705,100,0.14745113308269436
-30.582963739822176,0.16197858697963718,0.8779695733122234,0.45048015017093995,-0.006293346994165616,0.45741850096697545,-0.8892292779462091,0.9867742047417389,-0.14120107404364046,-0.07961736962014784,100,0.1609081056843032
-30.47776370830145,0.13047164979445272,0.8841713818766898,0.44857342327670147,-0.004414330758800718,0.4529544377811558,-0.8915227372189164,0.9914422132852048,-0.11433829089426745,-0.06300073770609578,100,0.16741466097949048
-30.37256187408017,0.13091841260992035,0.8839463946432532,0.4488865565339337,-0.004107432016600293,0.4532633340223166,-0.8913671965207172,0.9913846368801201,-0.11485260740691827,-0.0629712659067979,100,0.16065609066267925
-30.268900397376864,0.13153423523615923,0.8831302167393495,0.4503107429794987,-0.004269719419447385,0.4547579979429717,-0.8906048129237677,0.9913024333960438,-0.11522232244148511,-0.06358696371326845,100,0.16435481551067432
-30.16554567570802,0.21475886072155612,0.8633106487684037,0.456698319971354,-0.0009325522050044888,0.4677900372946312,-0.8838391320564352,0.976666658634339,-0.18938639003625787,-0.10126713771540206,100,0.26070794125707236
-30.062911400467218,-0.08787513202208173,0.8848827125126631,0.45745004783946985,0.006545324483662775,0.45972957306408047,-0.8880348407454078,0.99610999387593,0.07504201987253466,0.04619064141084041,100,0.307036848762954
-29.96284427492609,-0.04203432435432405,0.8820168730513149,0.46933927092121325,0.0030213360724095713,0.4698645216971578,-0.8827333701512812,0.9991115989239706,0.03568706912989187,0.02241530710263149,100,0.29190654357411766
-29.865856692311,-0.997708246850579,-0.060239670198971834,-0.030812924247198645,-0.0020369483008429545,0.4819233494223637,-0.8762110111857474,-0.06763212999724456,0.8741401875076156,0.48094160516240053,100,0.3019532414137684
-29.7693832881388,-0.4184946936718509,0.7885847616773753,0.45055106815847273,-0.005923540349347195,0.49370133855397097,-0.8696113499602838,0.9081999245971304,0.3665965929468719,0.20194017678885057,100,0.24981773592768292
-29.666752518099557,0.7671600802288312,0.5555144384026666,0.3207321624493919,0.009687248430691272,0.48991629625786753,-0.8717156531110449,0.6413825446027787,-0.6718524625147574,-0.37046281877095494,100,0.14776159626655752
-29.560014342239555,0.6903283610297022,0.6220479537691272,0.36946325550680525,0.018166912613541003,0.4955991999993594,-0.8683613281613174,0.7232680811733208,-0.606166459127884,-0.3308254926456336,100,0.1374451764417688
-29.453790932151843,0.6775767830507086,0.6321998175581617,0.3757833069071591,0.01806604429367864,0.49649375958360353,-0.8678522712640199,0.7352301143956441,-0.5948254679937351,-0.32499129451694864,100,0.13025851563113844
-29.34756673422693,0.7527608832320882,0.56664940548161,0.3350514944646334,0.010765095229183202,0.4983051083012931,-0.8669349063023954,0.6582060204832169,-0.6562015470175109,-0.3690045586323732,100,0.14494801388039838
-29.24390856115027,0.7373178532687519,0.5836913917604483,0.34009813647814996,0.0060561559563039324,0.49771046785700035,-0.8673220930891816,0.6755188422436433,-0.6415517511240358,-0.3634358876108562,100,0.14011230426819984
-29.141276818384128,-0.8889719457666351,0.4153394650017524,0.1929300610375201,0.01771692887282125,0.45215500906218514,-0.8917633981114558,0.45761882617654454,0.7893345150137763,0.4093116579536528,100,0.17479490668109343
-29.036078332592705,-0.9920946608873759,0.11839318847796224,0.04160813334895469,0.01720188887907826,0.4567305669381418,-0.8894387467630109,0.12430719551882155,0.8816916933636073,0.4551565433956324,100,0.15985974794282953
-28.925237480611717,0.05993079817457762,0.8778750949879831,0.47512484362533375,0.005125988133481012,0.47570346676999475,-0.8795907775486644,0.9981893726522104,-0.05515006167583427,-0.02400931113835252,100,0.15064721933106737
-28.81696141627663,0.23476165972595028,0.8478879580645063,0.4753661469771684,0.0060737958284566304,0.487744111724466,-0.8729655150590692,0.9720339871254252,-0.20782611011928553,-0.10935371884730416,100,0.15564997578871234
-28.709709011645444,0.32934832628034194,0.820504721261971,0.4672276558201071,0.005077205531908103,0.4932891528283949,-0.8698505812413022,0.9441948432184557,-0.2888560438845958,-0.15829808574653167,100,0.16375328945299458
-28.600406685683332,0.3480161201467679,0.8186578045512369,0.4568196352668515,0.00742906971331822,0.48485666433688973,-0.8745620755391235,0.9374591132637119,-0.3077554452734403,-0.16265606924846493,100,0.12503382898181606
-28.489052541961037,0.3306007031694065,0.8225995200571417,0.4626372279288107,0.002925683624383002,0.48930523573314755,-0.8721076921226295,0.9437661868488529,-0.2896729464169708,-0.15935798905259427,100,0.13935545438607924
-28.380776396941627,0.6092407073046398,0.6899951633772582,0.3908099731057705,-0.0011013571303946368,0.4935695762748935,-0.8697056170844786,0.7929845821801416,-0.5294296439488565,-0.3014626088468908,100,0.13385850592262882
-28.273525999882803,0.5000846648464008,0.754586406253443,0.42487019603989273,-0.0012662532683848093,0.49126219335394067,-0.8710108231151528,0.8659755912195929,-0.43504116228075407,-0.24662818681831034,100,0.11995656196285158
-28.166275707688413,0.4143284517761612,0.7937454740896792,0.44530894490333284,-0.0008851941780636254,0.4896331905535727,-0.8719280676406719,0.9101269968966069,-0.3608704214402714,-0.20357158065281242,100,0.11535556471105048
-28.057485679910634,0.41862798295283127,0.790454379102858,0.44713810668065324,-0.0011786410809321302,0.492829755634645,-0.8701249581331973,0.908157047373441,-0.3637316407988332,-0.20724398854428153,100,0.11753478905080746
-27.946643570346442,0.17302407961619112,0.8729951881740291,0.45600665488341435,0.007394608371590145,0.46182518352184304,-0.886940144334468,0.984889835281084,-0.15683399277582474,-0.07345141979561585,100,0.2244450202971441
-27.843498653110142,0.048465018301244646,0.8809770320628229,0.47067038464177846,0.006952068843708189,0.4709151865737952,-0.8821510957840272,0.9988006861931226,-0.04602560191836016,-0.016698300159006564,100,0.22615434479153632
-27.74240825160169,-0.36202180814533913,0.8216822634086647,0.44020275831347655,0.010607196107523338,0.4758352278213877,-0.8794704789558913,0.9321092735392755,0.3137181760175554,0.1809784744611975,100,0.22954089056256854
-27.63823744202061,-0.30794431651758203,0.8360830605440922,0.45402138032888173,0.001956527026705207,0.4777672881348777,-0.8784842573377389,0.9514023701497244,0.26963592909601025,0.1487615401036785,100,0.34101630196471777
-27.53303877270106,-0.8628829170587747,0.4390531852116613,0.2503305255130396,-0.002674872552519858,0.49133365601049817,-0.8709673263264159,0.5053967911502483,0.7522124294551721,0.42278900703327205,100,0.30934877968375196
-27.42681469344697,-0.41947772844768544,0.7949062814962831,0.43836336408751336,-0.0006764197404496575,0.482629835997831,-0.8758241740560953,0.9077653759604982,0.3676852526855799,0.20191477698483762,100,0.2971915343974122
-27.318537764965367,-0.16221963306171913,0.8830555573145432,0.44033813523838977,0.011402393551158359,0.4478965766488867,-0.8940126632478493,0.9866887939318181,0.14000549747102511,0.08272656530562046,100,0.1992983207346082
-27.213339576239882,-0.07453459392948288,0.8944077860791552,0.4409980799377151,0.013113628639382785,0.44306902559548617,-0.8963915836852636,0.9971322013914081,0.06102909764080316,0.04475290146430578,100,0.20400848597717125
-27.110707936625253,-0.06878017261748198,0.8955161482759482,0.4396818350031298,0.013681696189923195,0.44153080881825096,-0.897141770320426,0.9975380188464379,0.05568997253825151,0.04262074512033747,100,0.22908931110495484
-27.007050736829306,-0.5033001688833206,0.7697664398183943,0.3926175851020113,0.001369585866432044,0.45506983426077613,-0.8904546985559818,0.8641105625072381,0.44762827667070365,0.23009098567358235,100,0.20631982608686092
-26.90031596401185,0.8182817210857704,0.5292523841790641,0.22429208362687758,-0.01001984350677823,0.4032709143040939,-0.9150257769114704,0.5747300476510773,-0.7465014959912115,-0.33529224388564965,100,0.28515471965965494
-26.79563186557968,0.6927363109905381,0.6640430535773935,0.2813596034096424,-0.007535673956556827,0.3967753853269018,-0.9178848006240811,0.721151590896977,-0.6337318964627704,-0.279864728668083,100,0.28006818124265653
-26.690945388960273,0.6490449162908276,0.7002053078010283,0.29741086658745286,-0.005979342746589429,0.39562753363326525,-0.9183915842883027,0.7607265895821911,-0.5942990674387154,-0.2609668069776727,100,0.28042403842752317
-26.586773360949067,0.6041368179710085,0.733850247004346,0.3106163552415185,-0.0051370916520099,0.3933687525160596,-0.9193664312086438,0.7968640508024086,-0.5538274456142631,-0.24141840241198884,100,0.28238240953168114
-26.48362608041932,0.2626185612956069,0.8967983312750663,0.3560677523804732,0.0009715058253880194,0.36877452865962473,-0.9295183716249523,0.9648992421177751,-0.24445469934965072,-0.09597579135602421,100,0.3241423638505901
-26.378939024998907,0.012588301685707941,0.9435138893166093,0.3310937560983513,0.011665886383989712,0.330958876316752,-0.9435730651528946,0.9998527100306052,-0.01574048454774456,0.006840715653845634,100,0.32391366975951985
-26.274251841886265,-0.04787512704402151,0.9524542729015781,0.3008967102546066,0.016766883689557692,0.301965999184422,-0.9531712369495287,0.9987125932027991,0.040588093920256293,0.030426350587292105,100,0.35202762110653074
-26.16956447975518,0.04244043239077091,0.9435006954828764,0.3286415179520275,0.008580721107922686,0.3285815454314011,-0.9444366253101264,0.9990621506812039,-0.04290227995387297,-0.005849226530666747,100,0.31889256988361014
-26.066929528428222,-0.15898996289421366,0.9722994585936516,0.17133579461801962,0.04550226036051599,0.18057523719192628,-0.9825080803816136,0.9862310763715472,0.14841275730735284,0.07295147337407527,100,0.277911685271139
-25.963268749925778,0.09376570067567903,0.9280314260433672,0.36050751122925756,-0.019318001526907148,0.36373057431926503,-0.9313038624006582,0.9954068556092055,-0.0803600745475756,-0.05203316466353662,100,0.4320612987737014
-25.864228214497373,0.05807810647820633,0.9416502660273719,0.3315444314695788,-0.016733773756593705,0.33297660729895895,-0.9427865929294593,0.9981717859986673,-0.04920727062391208,-0.03509601336299914,100,0.4612033838101337
-25.763647927292745,0.12833991499239572,0.9291677123172561,0.3466644322783364,-0.026055716907057706,0.3525936666882931,-0.935413708381358,0.9913878987743415,-0.11101832550719493,-0.06946197208094952,100,0.5106324804563472
-25.66768505385557,0.04518612292920204,0.9424291019689641,0.33133910432757346,-0.011108331687896881,0.3321313917208047,-0.9431677176413075,0.998916822994657,-0.038937467760153686,-0.025476544951941286,100,0.46192215022461053
-25.574287702462385,-0.034988848236499746,0.9567534375771644,0.28878822722431424,0.0012909004897050345,0.2890081854859612,-0.9573257555806373,0.9993868690727375,0.033122928710958455,0.011347137022169803,100,0.5403991424420466
-25.477296157007842,-0.06557935612419213,0.9615848651829481,0.266559365060446,0.007914243298070799,0.2676272364858692,-0.9634900243614127,0.9978159714112393,0.06107543976123598,0.02516103842484066,100,0.579983537705256
-25.380305049981697,-0.01574938697619395,0.951425086817633,0.3074772527910536,-0.003156645060566048,0.30746654917029387,-0.9515536541537072,0.9998709878788542,0.015956983279137454,0.0018390983643164177,100,0.5768688194464678
-25.281261497960678,-0.003354850529534657,0.9490223543997786,0.3151909196462132,-0.005207430995454466,0.31517183997917,-0.9490203337898363,0.9999808136361179,0.004825156333805478,-0.0038846140094320495,100,0.5826264366521071
-25.18067954455695,-0.9739847859989159,0.21256329537799454,0.07855241626260429,0.01106084322116116,0.39081512900668763,-0.920402733963086,0.22634331090156584,0.8955894039109292,0.3829991190754666,100,0.23447036098530544
-25.078045395561272,-0.5994775200148531,0.7348089649926715,0.31730503929695186,0.00720407795456901,0.40137478528302284,-0.9158855730929667,0.8003591720331978,0.5467669217366814,0.2459087819434841,100,0.20943252584927172
-24.975412384728966,-0.8903871836592084,0.4226430431063319,0.16906661790324684,0.010371919091784032,0.3901485309834447,-0.9206935141868948,0.45508580121750297,0.8180201598281546,0.35176687115893096,100,0.15266849024640886
-24.870727328915414,-0.8231921755488935,0.5254742120210384,0.21501510322753725,0.00977637896016656,0.39176857264151776,-0.920011852045861,0.5676786630916358,0.7552444888850873,0.32763805865496826,100,0.1545816711878164
-24.76706887298391,-0.8534005002662318,0.48317971412129435,0.19556316117052697,0.010226470992979159,0.39062453749060233,-0.9204932862336819,0.5211554522753984,0.7835495099685261,0.33830039904160286,100,0.17492744587827136
-24.662385900029914,-0.7491782683374548,0.6118469919372034,0.25372264524139015,0.009268128630422092,0.39269939953276933,-0.9196201843143138,0.6623035739316092,0.6866079231002205,0.29987253274252923,100,0.16023768764330265
-24.558727450012658,-0.6976311425318138,0.6615288618063899,0.27511879973367603,0.009386897833063788,0.3924055142574979,-0.9197444202219333,0.7163956135535923,0.6390598386516328,0.27996401108664176,100,0.15574974621801552
-24.451476497529434,-0.6884183747493249,0.670295546741176,0.2770992986754857,0.009781747962510579,0.3905857377173608,-0.9205145837511663,0.725247860192842,0.6309886381787972,0.2754430608582671,100,0.16027386290671372
-24.34166047989223,-0.8659766920173374,0.4623566521666818,0.19055365407130787,0.005983196820363301,0.3905949617625015,-0.9205431968145541,0.5000485678796796,0.7960288324193843,0.341012503756847,100,0.12323320938448967
-24.2297908465589,-0.8871098829708907,0.42468927855083966,0.18076247458844963,0.0013729971229127502,0.3940615622943839,-0.9190830212777352,0.46155624837529075,0.8150794450886839,0.3501590035678795,100,0.13673855760920622
-24.11946101940948,-0.8026719778752306,0.5471041501489592,0.2374757773408699,0.0006901344155759159,0.3990199369330937,-0.916941990337665,0.5964203380572747,0.7358397507743755,0.3206596973926583,100,0.1357952995909983
-24.00964468392225,-0.9230444374512635,0.3521965584256504,0.15474673089732066,0.00483667376213584,0.41285308075259475,-0.9107847936258106,0.3846629343687783,0.839946378018394,0.38278519952655177,100,0.11715969672106855
-23.892643930227692,-0.20804367364974016,0.8929504598624075,0.39919582423396566,-0.012262543770921563,0.40571262599128205,-0.913918429145361,0.9780426677167958,0.19503010368343882,0.07345610105798207,100,0.1598210087645414
-23.777696775925264,-0.01666757896516514,0.9087397659816717,0.41703025014381917,-0.009255167176353276,0.4169300983148224,-0.9088914319101762,0.9998182503295175,0.01900870439480235,-0.0014613231173441574,100,0.18711795223466948
-23.66634093360891,0.11484673080869447,0.9020517552572542,0.41606833484400385,-0.009991463480179978,0.419867445105175,-0.9075304398191707,0.993332974928387,-0.1000697725497552,-0.057233220613213426,100,0.18484504341435293
-23.556524150462323,0.6507834212392262,0.6905722919760088,0.3155801771264634,-0.01327453551793947,0.4259249404596608,-0.9046611143412859,0.7591473673450703,-0.58454927478309,-0.2863519163609922,100,0.18376977528690508
-23.449271959290545,0.30214186546787436,0.8728722287522913,0.38315057797764135,-0.012928603314082045,0.4056511133191316,-0.9139365544058822,0.9531752957079511,-0.27118489363524056,-0.13384920289677962,100,0.12486761537389172
-23.3409920804906,0.6759308606110982,0.6772555329685865,0.2905897705305123,-0.017982496026751952,0.409345565916368,-0.9122021911293879,0.7367456151957662,-0.611360082707437,-0.28886804558789103,100,0.14051916553560853
-23.231173660253315,0.9106564287991497,0.3822897600790381,0.1567144154999494,-0.01918675880874665,0.41802291715647605,-0.9082338404939584,0.4127187141058596,-0.8240821440067134,-0.3880101583156094,100,0.14509167978524293
-23.12443326150606,0.30348960252386015,0.8766508502797459,0.37333275755511697,-0.014593828403457356,0.3960433999284336,-0.9181158127086458,0.9527229824731005,-0.2731902488686689,-0.13298874610520614,100,0.17621550741399974
-23.014613658618632,0.1555345499271137,0.9083213172479585,0.38828003864724236,-0.017302097869422804,0.3955081025908699,-0.9182995035359035,0.9876789160391585,-0.13610924075133085,-0.07723103905690487,100,0.1621922437920646
-22.902742356718054,0.18112188585928954,0.9041887850163287,0.3868300705910413,-0.01759975263051504,0.3962526373206902,-0.9179728188371061,0.983303163408986,-0.15945685456289757,-0.08768352389581381,100,0.16440460740421295
-22.791384211941953,-0.09417281474373777,0.9198594890297767,0.38077552626858807,-0.012175432911700514,0.3813825505064522,-0.9243371186978299,0.9954814110753925,0.09168353511439174,0.02471618077846518,100,0.16896604504952945
-22.683106167539844,-0.07903446111726718,0.9217073607262374,0.37974872631646417,-0.011951623932134788,0.38003686449108076,-0.9248941238396818,0.9968002370792696,0.0776371226338378,0.019020109038867975,100,0.17070281886369854
-22.574826651930962,-0.009426430934040803,0.9234319066099632,0.38364652514330655,-0.013447965438699873,0.38351180376592725,-0.9234380588852533,0.9998651382188527,0.013863990294751034,-0.008803132834494593,100,0.17464871180038807
-22.46962639050723,-0.9274684955971669,0.3477884142248394,0.13727858028730935,-0.0059812721352480456,0.35330446035718677,-0.9354892744844064,0.3738534660242859,0.8684579306003766,0.32559853918428383,100,0.2645550117961029
-22.36647837631701,0.2595866511081199,0.8979238060561767,0.3554540885741231,-0.0077091832686441986,0.36998668439804283,-0.9290050709557368,0.9656890488453319,-0.23841705451945427,-0.10296586353965044,100,0.1982412723871987
-22.264355559769168,0.26225159465372205,0.8959976486761603,0.3583466403754499,-0.00983055223001679,0.37380513317908354,-0.9274551647663732,0.9649494605130534,-0.23970385056515,-0.10683914394924483,100,0.1810592105805208
-22.16223383578918,0.3843458317772017,0.8558682014904893,0.34607499660178637,-0.009629189208137379,0.37856512256406655,-0.9255245683898659,0.9231389712880098,-0.35238908844555444,-0.1537412437631046,100,0.1941484503646957
-22.06267903607543,0.4068875731888113,0.8494864882145529,0.33587975396773484,-0.006121162428372907,0.3702204892231759,-0.9289237432264706,0.9134577352866663,-0.3759115530284467,-0.15583796117986187,100,0.17841362877252573
-21.962098743390822,0.5027435491140578,0.8060239278558804,0.3123689349919085,-0.0016959861755939947,0.36227494707678676,-0.9320697325583551,0.8644339462648915,-0.46806227197274697,-0.18349839808733281,100,0.14437646004067492
-21.857926596699453,0.6516074550322681,0.7080633593167547,0.27212865291887783,-0.000713254631979382,0.3593172223922979,-0.9332152082773373,0.7585560070385052,-0.6078958898408151,-0.2346388103030763,100,0.11180044060570554
-21.751188084926625,0.5285922665608971,0.7917289387995996,0.3061952044028017,-0.0022343589905191585,0.36200310916012635,-0.932174209361267,0.8488729135576863,-0.4920559281480731,-0.1931210506455041,100,0.11700751622874482
-21.641886471602202,-0.8739214148378579,0.45936675494193685,0.1588821737700972,0.007304156312831295,0.33924699380719114,-0.9406689781710362,0.48601235579803376,0.8209102640647749,0.2998304993904845,100,0.1590798573548648
-21.53463685951848,-0.9990766146723514,0.04174213544014611,0.010174091788962388,0.0046432879857075185,0.3403199401341915,-0.9402982389772631,0.042712502754059245,0.9393827401416086,0.34019951445075236,100,0.16410435096992648
-21.428925970029553,0.6787300072594086,0.6882008842346738,0.25633010003559126,0.0005457028154927657,0.3485663925745959,-0.9372839335953487,0.7343876901569636,-0.636302611110583,-0.23620691700238983,100,0.15758129978350366
-21.322701394846316,0.5736329410766431,0.766522966843713,0.2887694412725705,0.00030394377971310055,0.35234021150902073,-0.9358719372713113,0.8191124199582981,-0.5369347415234841,-0.20188097189970672,100,0.17022263637777454
-21.21801589820999,0.42934759405057754,0.8445031277423353,0.3201173389811827,0.002196890370004339,0.35347193053390924,-0.9354425519492543,0.9031366547514738,-0.40233327175122396,-0.14990704215037118,100,0.17915698703280278
-21.1153826459277,0.4097318414925828,0.8535590732964875,0.3218023095944752,0.003880789556199235,0.35113947601565765,-0.9363151220907788,0.9121977622969252,-0.38488696623384233,-0.1405605409913879,100,0.21995266861567653
-21.01121066626984,0.36106538918476194,0.8712127163985091,0.33259613274719196,0.003396285646214344,0.3554250899189543,-0.9346985988541507,0.9325343157099721,-0.33861690483736134,-0.1253728111741126,100,0.20794837048957826
-20.904473841665435,0.441915557057599,0.8394744267284262,0.3162172153748942,0.00460183622186508,0.3503791747745202,-0.9365966351571595,0.8970448503468815,-0.41535180359943846,-0.1509748843776156,100,0.17661975764829116
-20.79876476470013,0.4608408773812761,0.8297586890789791,0.31484314131387686,0.002078404221437763,0.3537496949527482,-0.9353378178801123,0.8874803468079437,-0.43169627195375665,-0.16129774583322684,100,0.1835836690218225
-20.691514862567086,0.7775822222863983,0.5896698800193539,0.21830098529806727,0.004627160475625974,0.3418054712487145,-0.9397593357931471,0.6287642459380774,-0.7317502664313863,-0.2630533607607324,100,0.11072736636691727
-20.5791328833175,0.7181603436433899,0.6526353981012046,0.24148034695041015,0.00437048294170303,0.34277852403129316,-0.9394060795746346,0.6958639376321096,-0.6756995786651124,-0.24331761073733452,100,0.11353767097259944
-20.465724793448214,0.2476192710125173,0.9086323426813988,0.3362617469420845,0.007283899641803246,0.34531471742229075,-0.9384586782259364,0.9688300374313534,-0.23482975059578048,-0.07888819180261315,100,0.1258980022657561
-20.35847436967418,-0.38092366512812076,0.8652532397281266,0.3259355649286229,0.003852006831123216,0.35399477376959604,-0.9352394678301303,0.9245984660320027,0.3549993398357154,0.13817794805059871,100,0.13302738769855907
-20.249171884288238,-0.4324452475182286,0.8434673317647238,0.3186753334423538,0.0035736966545907856,0.35503232673439494,-0.9348471937518895,0.9016531132265441,0.40313137712073377,0.15654633879341226,100,0.1437270248768993
-20.138842554615486,-0.10553148668078796,0.932487451192863,0.34544212060311996,0.004759792461613475,0.34785160613246136,-0.9375375216420885,0.9944045704313035,0.09729549567634053,0.04114774388019551,100,0.1790453490192027
-20.031592239637977,-0.9997871441724662,-0.003958130063692882,-0.020248445714745895,0.01797485974040402,0.31465713247314564,-0.9490351908128013,-0.010127722585898759,0.949197146113586,0.3145190090360946,100,0.22052513574036553
-19.926394703862265,0.9680289691925794,0.2315053113339191,0.09656710427540745,0.019424068353431273,0.3146380239051686,-0.9490129711872499,0.25008522621809043,-0.9205477742829188,-0.300081946958178,100,0.22053378079687028
-19.825301190160545,0.8667937607706474,0.4670055487982213,0.17485535073525707,0.023697831293979333,0.31167275613551904,-0.9498939445405742,0.49810339195897846,-0.8275058371241628,-0.2590889817116869,100,0.24739348984348528
-19.720104085656118,0.1366635283013298,0.9391121177715391,0.3152641912537587,0.02618546896294941,0.31471429335319856,-0.9488251866252221,0.9902713775765822,-0.1379251384405752,-0.018418874523871524,100,0.248519083268832
-19.609776691873464,-0.7351182116828147,0.6415315268362342,0.2191769032709211,0.02114212233136015,0.3448357779793561,-0.9384249021038914,0.6776091982223872,0.6852193709320706,0.2670583984522323,100,0.2728193443293252
-19.500474504084135,-0.7452571931294553,0.6283345571941772,0.22313090401018695,0.01476937028419767,0.3501148058296529,-0.9365903525235955,0.6666135175573732,0.6947051942906876,0.2702056832032295,100,0.26463011194455877
-19.39117217890454,-0.2124116768776442,0.9255200926127225,0.31351848062939575,0.02059029468785356,0.32500786553866445,-0.9454871374601925,0.9769633152225803,0.19437707042791583,0.0880921971639171,100,0.18110869508250899
-19.28238337975924,-0.2508182557899254,0.9163038406053347,0.3122138277757937,0.01830629652282748,0.3269555818679721,-0.944862385214373,0.9678610861431087,0.23127325651118696,0.09878055857603181,100,0.15423997047861351
-19.17718583304602,-0.362249196219315,0.885803788950457,0.29004683642383455,0.01875266958195394,0.3180452130776814,-0.947890067371698,0.9318926210792798,0.3379332625229228,0.13182280856742165,100,0.16182908342849228
-19.076605655887438,-0.2993995611526269,0.9019185802951464,0.31129210928001716,0.012201607406263124,0.3298508900765997,-0.9439541890856666,0.9540498014036365,0.27882120585433,0.10976206816391289,100,0.1372623852472857
-18.97294687582286,-0.283022731034103,0.9069797374824824,0.3119068603192389,0.015223954354178934,0.3294106318480453,-0.9440640162824202,0.9589923695899878,0.26244312035501904,0.10703851478090173,100,0.13242495779270927
-18.87031673406863,-0.9945107525755768,-0.09082600238436843,-0.05195190374216104,0.023379294570628224,0.29106953389476775,-0.9564161934135486,-0.1019890758706042,0.9523807871482695,0.2873483333410911,100,0.17121658816577254
-18.77076602354232,0.9665249831517307,0.23869049856100874,0.09410793186678566,0.020733699263392125,0.29292767691496874,-0.9559097707482934,0.25573339762025943,-0.9258618806246949,-0.2781729809807227,100,0.17631725761904093
-18.670700171139657,0.3469580311293172,0.8937577744779517,0.2842835999404235,0.012983508873336404,0.2985065855658792,-0.9543192583570429,0.9377907832412322,-0.3347997295907203,-0.09196514521152464,100,0.1780500279170852
-18.562422234976786,0.5246820669471979,0.8088816368549852,0.265366211456576,0.01817982300154093,0.3010018327205041,-0.9534502560356939,0.851104119752483,-0.5050825618230129,-0.14322493875946848,100,0.21290340433149574
-18.45568341802601,0.03849879482449557,0.9487658764331047,0.3136258192706463,0.019359166468752034,0.3130914238156188,-0.9495256621106898,0.9990711013089593,-0.042627128090351935,0.0063136740549532035,100,0.22873003369380301
-18.349969948578106,-0.9966765420481648,-0.05351740421023562,-0.061414639765377206,0.04380753517347895,0.2834905698402628,-0.9579739018750291,-0.06867874775312376,0.95748053988488,0.28020393528432364,100,0.2919600950191413
-18.244768636259316,-0.9938491401420708,0.10976002024866797,-0.014718172232943706,0.044969652077343165,0.27854286945976137,-0.9593704186940335,0.10120087465486306,0.9541313367813335,0.2817654612278736,100,0.2528518019940594
-18.139567752355497,0.9832880309434991,0.1574052966989518,0.09147797972392706,0.043632670672438194,0.28407508726065056,-0.9578087151659481,0.1767507800640405,-0.9457932741191221,-0.272459619719665,100,0.22722251590841896
-18.031800970153668,0.7708652908457461,0.5988859906010117,0.21703058224855845,0.041345465537628884,0.2929491372576061,-0.9552336653717253,0.635654981769812,-0.7453297077413923,-0.20106310180973203,100,0.2313470895309075
-17.923521123926694,-0.06776253515493709,0.9487305934566775,0.3087369428311358,0.035909007431372715,0.3115669024948322,-0.9495454746640991,0.9970550546557947,0.053257171433674914,0.05518053711422743,100,0.21964715141374086
-17.818320888772927,-0.11208325719193694,0.9475103651792228,0.29943522059901717,0.035824128600628655,0.304991022714038,-0.9516812007567718,0.9930528562303479,0.09594052293885583,0.0681281204126985,100,0.19441162248476684
-17.713634775577294,-0.21454494147075712,0.9324391789467875,0.2907363851573278,0.03526379058362736,0.30486867918370797,-0.951741327003538,0.9760773192544654,0.19393882029604595,0.09828937287008462,100,0.19410205812985165
-17.608947115587863,0.7067145861416343,0.6697187154365747,0.22810378324053035,0.038882107763613616,0.2851564580531253,-0.9576920048358215,0.7064295261599117,-0.6856840647299459,-0.17548415297371495,100,0.12312287257787687
-17.50066808693819,0.6874977764977608,0.6898971219687121,0.2266909094117425,0.03846920233223739,0.27712821546782157,-0.9600625358087577,0.7251668275524994,-0.668761477128362,-0.16398523996547704,100,0.12007319668934327
-17.388283195051613,0.8630239813044355,0.47533790272879284,0.17100726862573487,0.039324398481322714,0.2742761566259836,-0.9608465962840069,0.5036300223155126,-0.8359584129224801,-0.21801452356805195,100,0.12564874740470644
-17.275384668778823,0.1436857502519536,0.9483448257018446,0.2828365194579212,0.03717008401182372,0.28042881301182243,-0.9591548705435085,0.988925067954639,-0.1483299443717222,-0.005043567546352622,100,0.16743803657019435
-17.165052233746334,0.6722245665256835,0.7064698172411641,0.22139225254419628,0.03893616404163659,0.26488879790442055,-0.9634925530975702,0.739322735541847,-0.6563035289193464,-0.15055753265424152,100,0.19729640319943573
-17.054720054102376,-0.99715352579381,-0.05218815956921558,-0.05441729502420698,0.03943802465649524,0.2541098910256753,-0.9663709461144375,-0.06426109404738736,0.9657663067656158,0.2513283758514651,100,0.2201238526298515
-16.942847281432957,0.9021329489019851,0.40661993164130206,0.1442788054338925,0.03875254620483365,0.2566837374500618,-0.9657182296567203,0.4297143035413767,-0.8767974054025768,-0.21580529931227133,100,0.2271258430804653
-16.83559571424497,-0.9254562973370104,0.3743130355815335,0.058484127017582085,0.03954047816811693,0.2489586360191867,-0.9677066436362328,0.37678533982296564,0.8932577169804937,0.24520085389184218,100,0.2079768621538057
-16.732963539764647,-0.862163394779642,0.49838000745178135,0.09105849150082256,0.039850874626574696,0.245888981550222,-0.9684784543518207,0.505060579033387,0.8313579114464221,0.2318573582656005,100,0.16515153583983117
-16.627765021697417,-0.8878057804239861,0.4531235422594379,0.08049814715890243,0.03885976992631656,0.2480969134080669,-0.9679554947613366,0.45857476438093575,0.8562283439641843,0.2378701504294303,100,0.14377486465183117
-16.520515532693715,0.562155827563565,0.795037401996013,0.2278077148907678,0.014309144274039398,0.26606105527151636,-0.9638499692680141,0.8269075365036094,-0.5450936105800884,-0.13819146782017627,100,0.15078048780465259
-16.412239408989436,0.033809686589117094,0.9626694223256893,0.2685600275764605,0.017095481190963865,0.2681172869469166,-0.9632345845966466,0.9992820670939687,-0.03715782231708913,0.007392335561685247,100,0.1532321373435938
-16.300883373735168,-0.13305995949142482,0.9567909292401495,0.2585462529295516,0.014327109819693574,0.2626954857082082,-0.9647724165380887,0.9910044304161082,0.12466835810381016,0.04866229940462464,100,0.14622092620169752
-16.195172297189526,-0.09009308167766843,0.9602223800178231,0.2643032681347853,0.014259961169650545,0.26659899699541734,-0.963702043324843,0.9958312558567647,0.08305393256158727,0.03771145906477621,100,0.15093614363564542
-16.09048694016338,-0.17458160961911015,0.9494504352968257,0.26089295218052294,0.014451353736229933,0.2674042242291912,-0.9634760709221454,0.9845366524198025,0.16443494695183403,0.06040470398037358,100,0.16519036391971886
-15.98426286254354,-0.3810766229642831,0.8907651801670279,0.24762471854025359,0.010799268936219868,0.27210491531616565,-0.9622069896083824,0.9244803855250694,0.36400042426181944,0.11331243496031072,100,0.17048286994696374
-15.87701185540525,-0.39973074065134545,0.8817962840454411,0.2503011155028649,0.008292640752669056,0.2765336026423828,-0.960968469159614,0.9165950944051982,0.3820529806889046,0.11785140159985193,100,0.16284510781256684
-15.771301766032087,0.02406335423648588,0.9664343402515806,0.255784325097105,0.01387992557391521,0.2555107775315524,-0.9667065688363167,0.9996140768561396,-0.026812470003968063,0.007265590363786105,100,0.19744452108123123
-15.666617563281962,-0.6568506187679989,0.7248160278612368,0.20781961019007753,-0.0005212856961170631,0.2751786614292077,-0.961392964689909,0.7540205520311234,0.6315998971259323,0.1803734378038843,100,0.22342182075491607
-15.559879676493916,-0.4828532641873787,0.8407126355452631,0.24506119582286207,-0.006671205172504011,0.2763060663147342,-0.9610465403606758,0.8756758648524807,0.4656793125662932,0.1278067195520047,100,0.21327634201544307
-15.454167856890557,-0.4855545700915774,0.8373479701012956,0.25116754653104223,-0.010239590343268476,0.2818419917103471,-0.9594061926516562,0.874146389486787,0.46841591420017364,0.1282755669300668,100,0.20308276387340457
-15.347428859707186,-0.5421615368806643,0.8107105933777711,0.2209280464591548,-0.0019692434872995716,0.2616971148827943,-0.9651480415677739,0.8402719738318564,0.523701206650399,0.14028562344599754,100,0.19872540237321526
-15.239662156499032,-0.7593164842526486,0.6299303907191613,0.16317530324960924,-0.0037438014676586806,0.24652742989981366,-0.9691285829329168,0.6507107350372884,0.7364862043211654,0.1848340070220706,100,0.13900697141302498
-15.134461487812167,-0.7710451066540146,0.6148189295737234,0.16579242245265638,-0.006541834326388329,0.2526986583511328,-0.9675229157343941,0.6367469261084385,0.747088396312885,0.19082002040167692,100,0.15160652765542645
-15.028233688737274,-0.910729022497001,0.4013905489435541,0.09725366214415353,-0.0013497594118650343,0.23258454745704393,-0.9725752446128434,0.4130022103223988,0.885883770876854,0.21127971688219074,100,0.16372207173897235
-14.920979047630833,-0.9926971175302112,0.11770488139070669,0.026419571230616373,0.0006498873623671625,0.22422192112240216,-0.9745378944579813,0.12063171429448469,0.9674037890069374,0.22266094970019978,100,0.167874205128457
-14.817830582186964,0.9322464543522738,0.35259547046842166,0.08119718315783045,0.0027351502741389533,0.21753692702835098,-0.9760482592228931,0.3618135808680926,-0.9101396154350245,-0.20183362731515767,100,0.14814110039529296
-14.718787385721244,0.8324028401727647,0.5407138378564569,0.12138392489475762,0.0032714805257368224,0.21423846736060864,-0.9767759090590571,0.5541613565447203,-0.8134681460595239,-0.17656377391468694,100,0.14002112555522095
-14.617179665253662,0.9900959772863562,0.1367869618426676,0.03161143513394745,0.0007553723699944455,0.21997164260825328,-0.9755059742824796,0.14039011779309046,-0.9658684193605667,-0.21768971337195211,100,0.16779474426893845
-14.517112642111412,-0.09934896310790092,0.9795218780157736,0.17511902814325137,0.016243199041745076,0.17756271637875415,-0.9839754266429058,0.9949200681533544,0.09491244513049933,0.033551240589205666,100,0.2196561838416187
-14.414477790704503,-0.26103443405384696,0.9631200073152515,0.0652753839303756,0.05347935953532482,0.08194418522947541,-0.995201039293453,0.9638469703961722,0.25629085433574794,0.07289729516225672,100,0.38600456679811734
-14.307736979555685,-0.25950736063071655,0.963543508261267,0.06511403432478259,0.05335628111023813,0.08162582728464146,-0.9952338074976067,0.9642660613360634,0.25479625587450777,0.07259360128666925,100,0.3926025277079037
-14.201509544651286,-0.26185522777923326,0.9623121365182018,0.0733974903825714,0.051219837466744356,0.08980079557389523,-0.9946418176228948,0.9637470456165176,0.2566927521845314,0.07280427900449649,100,0.4037814420284558
-14.09528269493855,-0.21135346793783039,0.966227182833314,0.14742707602286087,0.03178429425728898,0.15754904956703844,-0.9869995215901015,0.9768927629116815,0.20391990617524505,0.0640093870948681,100,0.3203099548389616
-13.98983086263015,-0.03815575471939802,0.9946576669132325,0.09591800682102357,0.024694098737722894,0.09689714575341543,-0.9949880123058634,0.9989666360140987,0.035595909815119973,0.028259358363365537,100,0.46986023392059667
-13.88565734794447,0.09513944732119117,0.9874911688930849,0.1257365377350086,0.01651473516768723,0.12472637910039856,-0.9920537252986075,0.9953269558721695,-0.0964599487594339,0.004441756360713912,100,0.49177205051993483
-13.778406443069933,0.31245682848120837,0.9388986619846036,0.1443607732695623,0.009034179947141445,0.1490256623663944,-0.9887920588015158,0.9498890008459658,-0.31025901192355176,-0.038081906360815716,100,0.5149920995904941
-13.671668644073778,-0.9728045623068592,0.2226834301562009,0.06374459576174547,-0.010058014075249042,0.23433233238593723,-0.9721045182239556,0.23140898839030008,0.9463088544087681,0.2257198089662113,100,0.5744784944131387
-13.5669842169116,-0.9895656158395907,0.13965588768202847,0.035441853559831614,-0.0038536189085158065,0.2202407647246444,-0.9754379299447052,0.14403139091642428,0.9653964152560588,0.2174045074082681,100,0.4670446906191672
-13.461275200264593,0.22535587721229644,0.958992909541642,0.17189336245106324,0.016255845913600905,0.17270615519371948,-0.9848392414154892,0.974140891288067,-0.2247335831758554,-0.023331106133898924,100,0.4579169331805552
-13.354538994682864,0.3789933428731889,0.9097428596466196,0.16950508953950721,0.014789814424967997,0.17719163474214145,-0.9840652346093132,0.9252812045249166,-0.37546112168824947,-0.05369952191147606,100,0.3898167633690687
-13.248828798020865,0.3471555170218786,0.9220793385005779,0.17103432553615935,0.015502567165003374,0.17670939946098319,-0.9841409749387704,0.937679432115564,-0.3443014400964298,-0.047051046055936185,100,0.3370351504298032
-13.135933403404042,-0.1474194633564632,0.9800359757594791,0.1334053523696044,0.028429435834042987,0.1390219315634402,-0.9898811391892101,0.988665397898526,0.14213510742084823,0.04835640843376912,100,0.3497582034264041
-13.02252501250981,-0.16131454457851882,0.9787499102578237,0.12659475059309283,0.03002523498927831,0.13308261944781072,-0.9906500399559615,0.9864461987210775,0.15600522289722069,0.05085535819876612,100,0.3516665771448258
-12.90809115504726,-0.3075933377779849,0.9511817521915706,0.025290568446991714,0.06181833459190003,0.04649973225435474,-0.9970036451330342,0.949507678780368,0.30510825816101217,0.07310347966458787,100,0.2959156717649198
-12.796222947308099,-0.3111542999826631,0.9497815301478478,0.03313678608905303,0.05997190182250398,0.05442142219764607,-0.9967154457505801,0.9484652722130057,0.30814502072238376,0.07389366420682386,100,0.2965016870693167
-12.68384194697261,-0.3096731081427066,0.950476055686814,0.02641654139496326,0.06397510300257073,0.048546814149015335,-0.9967699800012997,0.948688437944221,0.3069828568536316,0.075840446391993,100,0.24610003108626136
-12.576592952361286,-0.00410393121255772,0.9875080350488904,0.15751520073466646,0.01262565230077823,0.15755514027038042,-0.9874294763062124,0.99991187144297,0.0020636104914494016,0.013114528552606532,100,0.1818293315698069
-12.473447438259274,-0.07575965999747176,0.9857018177299183,0.15050714415270203,0.013606942541873874,0.15194886125782409,-0.988294690199797,0.9970332617479367,0.07282492764421598,0.0249239820631674,100,0.18371574358347412
-12.366710036460184,-0.12904881114825492,0.9818276650376577,0.13914323737761403,0.017794567596405624,0.1425867578666329,-0.9896223369776671,0.9914785714806342,0.12523359232962697,0.03587185034170676,100,0.20953332204687364
-12.253550582762852,0.3398627348066846,0.9186227664877051,0.20155776933722105,0.016412504042361754,0.2084889792420717,-0.9778869951306535,0.9403318303666961,-0.3356554162010115,-0.05578073479387958,100,0.1738875352657551
-12.14373155627805,0.20753126701456118,0.9556029956097731,0.2091738224371269,0.006217163131109497,0.21253644602380842,-0.9771333614170432,0.9782086281023757,-0.2040861923139255,-0.03816681821780999,100,0.1753861753500159
-12.03647742327681,0.21393186379267606,0.9537196833691596,0.21131001681988923,0.004827862187009251,0.21528316694326177,-0.9765397328207301,0.9768366544110101,-0.20993314074988176,-0.04145150195101742,100,0.17444619663298844
-11.930762884285443,0.20328554168723995,0.9585991746265278,0.1994056442186764,0.006187529396899155,0.20239632600515023,-0.9792841475790259,0.9790999453686473,-0.20030813669183997,-0.035212886194619264,100,0.140405227200638
-11.826074630197706,0.13796496258111066,0.9693630062474915,0.20322655146121676,0.0022178687909201536,0.20488586540439688,-0.9787833586731631,0.9904346268977166,-0.1354885392803289,-0.026117150795287234,100,0.1498678487753844
-11.717796038607153,0.3395705497447764,0.9201555476689156,0.19495027530154566,0.026324074428359476,0.19788750001599353,-0.979871206048484,0.9402121488533961,-0.33786728967382784,-0.042974524045545956,100,0.18515750962832245
-11.608489147212003,0.3634383442235853,0.9119818679763653,0.19026729206660373,0.026073306202328318,0.19419591094379685,-0.9806161995788102,0.9312533235654509,-0.36135442526008793,-0.04679985783368521,100,0.18677518705451798
-11.50072324448331,0.9825272073987064,0.17493645211781406,0.06354151746481206,0.03450312098229515,0.16428569332363147,-0.9858091831645995,0.18289292321951767,-0.9707767244272009,-0.15537930990519352,100,0.244565455153806
-11.393470663048104,-0.9637655731441817,0.266636699958245,0.007796810722574392,0.03419428142608307,0.15247825592016742,-0.9877151069965964,0.2645499407291952,0.9516592098576679,0.1560707440658197,100,0.23344594348460196
-11.29340137534969,-0.9826512357428596,0.18541701958341894,-0.004132522454044941,0.03322083150455354,0.1540506228543736,-0.987504319966412,0.1824634901759177,0.9705096261485415,0.15753774248046468,100,0.24439362975082868
-11.193845101140887,-0.9951477227360407,-0.09137901521743881,-0.036481303583660696,0.022547653151853635,0.1491132496913252,-0.9885630187822304,-0.09577376086703411,0.9845888047019343,0.14632932851961214,100,0.29525364714835833
-11.092235838818414,0.5805342932588693,0.801939310322551,0.14097261049514645,0.015857252290061217,0.16196686366786575,-0.9866687806064426,0.8140813730212935,-0.5750305014805618,-0.08131076476567771,100,0.32475004822571846
-10.990112913319619,0.45747783448812623,0.8757607400829633,0.15413356896339883,0.01269565386486226,0.16688516217772856,-0.9858946003594182,0.8891303905080504,-0.4529817532464785,-0.0652279073767381,100,0.2774978602322572
-10.890042742696982,0.40945737201492693,0.898211015701437,0.1598800543383159,0.012443433292095595,0.1697292646710872,-0.9854121663964361,0.9122443869219118,-0.40547373279511595,-0.05832006981014306,100,0.27912613192128116
-10.789461750188782,0.34053924517839756,0.9253660988078064,0.16652509021330128,0.012297176309647178,0.17271234359131826,-0.9848955405655992,0.9401498827038892,-0.3374433723581119,-0.04743594105156959,100,0.31367424212038164
-10.685801869340823,-0.2752445467621843,0.9502696606293759,0.14569835814109444,0.01623480138232275,0.15612495169845647,-0.9876038834883302,0.961237156326032,0.2694671993851673,0.05839998076847473,100,0.3057453503963767
-10.582657643320367,-0.27156570371628586,0.9500978083361413,0.15351294134352106,0.013823222529303722,0.16334134043666657,-0.9864727695295286,0.9623206259267146,0.26577012830492047,0.05749131949087902,100,0.2857166758534671
-10.483104954086595,0.07123289143010442,0.9833583181227756,0.16712957056503572,0.017499546303113404,0.16629737053949323,-0.9859203570425128,0.9973061922286918,-0.07315464941066138,0.005362481879789668,100,0.23009217403029075
-10.380988412939836,0.22480757619633154,0.9617048170716267,0.15679731664145244,0.020790580775028926,0.15614547873847343,-0.987515235943512,0.9741813514103869,-0.22526081392635122,-0.015108284928149952,100,0.24689556593178816
-10.280409720358215,0.1685335002384072,0.9728229004900207,0.15878307082171636,0.020483349253498956,0.15759600173781055,-0.9872912096436467,0.9854830752989876,-0.16964405241103916,-0.006633534563912361,100,0.2458988754309219
-10.174699313542934,-0.9692989020378032,0.24586890230441372,0.0028498048936056787,0.028593545281513654,0.12422168536505797,-0.9918424179542326,0.244217214128208,0.9613102806922889,0.1274382068249935,100,0.22868437046752527
-10.073092954240582,0.8945222410153738,0.439311502550748,0.08267626053129012,0.026483949367070332,0.13254172323964764,-0.9908235423255682,0.44623823318352734,-0.8885032894296278,-0.10692681571044345,100,0.16864837964993548
-9.967382118058381,-0.2891004313329723,0.943469591723984,0.16212979397775154,-0.008295471764565514,0.16688638024475994,-0.9859412361986919,0.9572628300269956,0.286380979782143,0.04042039915348607,100,0.14397172505654413
-9.860645761437661,-0.3331731370828897,0.930985816310959,0.1492014428689058,-0.0055755563816210565,0.15629439031278586,-0.9876947791336097,0.9428491787647596,0.32990524910127145,0.046882328419637215,100,0.16693433341775973
-9.750317272631964,-0.3592855522625852,0.9217658678968699,0.1458134997717953,-0.00603689350235477,0.15394755567257137,-0.9880605781121327,0.9332081481921439,0.35587615104523473,0.049746530180695865,100,0.1557911210065496
-9.63947625187318,-0.5112275638175204,0.8505365698393608,0.12342577266963828,-0.002014263233212181,0.1424248269757438,-0.9898035721316412,0.859443029372413,0.5062634808346576,0.07109829278081153,100,0.18330670679534763
-9.525042339870323,-0.4922143071261042,0.8614694828706678,0.12488156766678302,-0.001981601031364126,0.14235457225655385,-0.9898137446080482,0.8704717968537072,0.4874479519294319,0.06836186833374736,100,0.17872253079201283
-9.409581481400716,-0.4250620634563693,0.8952516949700271,0.13359133528603961,0.0005629585486527713,0.14784939592534974,-0.9890097265457918,0.9051640322548647,0.4203153087597485,0.06334915890768612,100,0.18339585669202574
-9.294121594145816,-0.36344629867143374,0.9206510885501148,0.14250740729352837,-0.0017124145974941815,0.1523076566377255,-0.9883316474573558,0.9316135763385381,0.3594495108927168,0.05377911770106883,100,0.17638836737797195
-9.176607664252453,-0.384248330013583,0.9134911107698169,0.13374307991929368,8.037174964092843e-05,0.14489744558770773,-0.9894466755730392,0.9232297733620567,0.3801824835610963,0.05575002036916472,100,0.1581843736879593
-9.053963195298206,-0.3692541645284846,0.9192678397110884,0.13637448753810022,-0.000983288046245,0.14635865187351776,-0.9892311045283527,0.9293279265808109,0.3654118004316159,0.053139636640985755,100,0.15490970265190088
-8.931831920788403,-0.34698778427069155,0.9277230960496262,0.13758391847527818,-0.001873706985105729,0.14601232113449977,-0.9892809971383508,0.9378677768156074,0.3435262131672221,0.04892621054136864,100,0.15827301551338246
-8.81431819777456,-0.3648786523782604,0.922498631058757,0.12593587548170712,-8.55208854865161e-05,0.13522825788877726,-0.9908144684826441,0.9310550798555384,0.36153781816441527,0.04926301160212867,100,0.16040904207002535
-8.700909513834315,-0.39309098016503197,0.9097437330975767,0.1335882532357526,-0.007997786072424651,0.14189533200099438,-0.9898493573136609,0.9194647990710869,0.39016926435332233,0.0485018393790701,100,0.13040565361426493
-8.58596146237434,0.10026504599443087,0.9892878576230194,0.10609644344364665,0.0037324336325748097,0.10625906259266604,-0.994331474185599,0.9949537624889476,-0.10009268892673497,-0.006961618526088733,100,0.09484213039138553
-8.468961133426973,0.1476408980563286,0.9831629057334351,0.10767017233621158,0.0025762974233847734,0.10848053539999218,-0.9940952349402533,0.9890376777012628,-0.1470465036276611,-0.01348324360727765,100,0.09265405207829303
-8.35298750357888,0.22095337125749187,0.9692842755089178,0.10801666992229146,0.0014379691221084318,0.11043013308243647,-0.993882849209201,0.9752833126711197,-0.21975709080379563,-0.023006109334250756,100,0.09580263379666412
-8.237527502417889,0.12434132424170824,0.9869738020533644,0.10208794809449658,0.0007247643091416006,0.10279602903331232,-0.9947021921820012,0.9922392402049592,-0.12375657750321259,-0.012066470991005076,100,0.09299497709417638
-8.125145367431585,0.13796060209128805,0.9812059481376167,0.1349138970231385,-0.003722567759089939,0.13672916780123515,-0.990601472420499,0.9904307218376702,-0.13616174944433698,-0.022515843940863523,100,0.14183280765814063
-8.015842624084247,0.1262901792806428,0.9826549593919678,0.13579404036861542,-0.0028271743065974506,0.13724605431408143,-0.990532951325021,0.9919893133006541,-0.12471067058430192,-0.02011096565832972,100,0.16353452392225684
-7.9044865268620255,0.0728687744463415,0.9868891226965465,0.14401389243378346,0.0019364562819489187,0.14425749581673308,-0.9895382888184537,0.9973396572120035,-0.07238531898062195,-0.00860079928363079,100,0.198618131496737
-7.791077101918079,0.09004080584761828,0.9849672672028198,0.1474182343583053,0.0010662752847557142,0.1479240552865017,-0.9889981480895771,0.995937506241897,-0.08920737865560624,-0.012268954888932513,100,0.2059860212071392
-7.67972220072738,0.0684175219677493,0.9888318859927538,0.13240296043444733,0.005823526866691002,0.13231584348891748,-0.9911904983890076,0.9976397792904138,-0.06858584989507374,-0.0032942330738647543,100,0.19401977689933525
-7.574013720261767,0.12706674063398296,0.9843153392517342,0.12238200986419429,0.0073835555459110455,0.12244006178029775,-0.9924484441918067,0.9918666878830827,-0.1270108034183727,-0.00829031259138849,100,0.20387113783865168
-7.467790773981084,0.08137080566579401,0.9883446977704076,0.1286606014847638,0.004735693055520312,0.1287038211918672,-0.9916717701043506,0.9966726469591627,-0.08130242800638551,-0.005792236500956887,100,0.2083303703185045
-7.364131853297018,0.4682103205793397,0.8782386779287815,0.09734433878196544,0.012860133304503578,0.10338124546173084,-0.9945586634574011,0.883523464699372,-0.4669144918255242,-0.03710989960819329,100,0.13054643703068675
-7.267143519963685,0.6110890686809272,0.7867783429959322,0.08689067344227568,0.014787011808089244,0.0984053704244336,-0.9950365457376013,0.7914237135823418,-0.6093408094524814,-0.04850034551763905,100,0.126125792140805
-7.170154716042118,0.730517100813281,0.6786800726946313,0.07575040822707466,0.016217184585392782,0.09365316963726449,-0.995472795580581,0.682701815101939,-0.7284383589186554,-0.057408961952072235,100,0.12850064319056564
-7.073678060887633,0.6399311805630037,0.7638667203402307,0.0836404071002783,0.015995352899177053,0.09558055018628761,-0.9952931764619495,0.7682657306094496,-0.6382569952477971,-0.04894665655979348,100,0.1316101669544565
-6.973608572015998,0.7186058116245637,0.6909617216820966,0.07859762508826257,0.018188513078370445,0.09430896132299521,-0.9953768119693044,0.6951797361052752,-0.7167131357693194,-0.055203401383512374,100,0.12777347667700217
-6.874052735866185,0.8919804227147273,0.4483874632532673,0.057616041958434075,0.020723552545895398,0.08675838136725464,-0.9960138139766996,0.4515987819553256,-0.8896188318936564,-0.0680945965303595,100,0.14066170005080172
-6.775009606545198,0.3975395808719715,0.9114600084491054,0.10584391639623855,0.012179316787175619,0.11009895355077956,-0.9938460065169156,0.9175041939319596,-0.3963822314698024,-0.03266773166727614,100,0.19442627067720397
-6.680584171967521,0.8331484626909337,0.5495420544847002,0.06218656984002774,0.020064554422763486,0.08233422300425526,-0.9964027746740279,0.5526853107976996,-0.8313991857555674,-0.05757031486304226,100,0.22309858913774316
-6.585647477294239,0.9687225181173676,0.24489126751097,0.04006182708285679,0.022233946823404804,0.0751359086615966,-0.9969253968267888,0.2471484058233033,-0.9666348133222116,-0.0673409472203433,100,0.20342822946005126
-6.491737193203329,-0.9546328656948148,0.2977327264644613,-0.005596009948506622,0.02564262755840197,0.06346769900922304,-0.9976544025033798,0.29667919945154,0.9525371776337724,0.06822300080090632,100,0.21989422210765197
-6.399878093971311,0.42140023522045805,0.902359733604537,0.09038115359571203,0.007666784975096584,0.0961138483228646,-0.99534082030665,0.9068423579455739,-0.4201297886721655,-0.033584200243467144,100,0.23654870976442133
-6.307507944047707,0.3208663960628878,0.9418478809885525,0.09983649109913421,0.006388273488626692,0.10325554971397953,-0.9946343455838927,0.9471029225165808,-0.3197825206771586,-0.02711445426177855,100,0.14964842478539148
-6.220781913000613,0.24814289154840088,0.9632384842102102,0.10294040951159703,-0.0019190428905419624,0.10675256088275553,-0.994283766346086,0.9687215403037052,-0.24652690173972966,-0.02833838510266369,100,0.12356885849635633
-6.13559372399722,0.25468048189314574,0.9615310980150172,0.10293590089327623,-0.0032221671898396737,0.10728912113379525,-0.9942226421304932,0.9670198910990796,-0.2528774249243557,-0.030422659028281566,100,0.10026523207155134
-6.043734874686443,0.2717830573999341,0.956731507094579,0.10391724131673051,0.0031273949645117607,0.10710321017080826,-0.9942429892998209,0.9623534637081534,-0.27054338968757513,-0.02611676061989265,100,0.13255027814133466
-5.947770619771639,0.2612037833386218,0.9592540200144781,0.1077232967173468,0.004043175996641484,0.11050933311579503,-0.9938668623221938,0.9652752127230092,-0.26003732882100883,-0.024987023075669322,100,0.12818642007683317
-5.85283418992809,0.7010057867135467,0.7098472498045906,0.0686131834196636,0.02004641521974457,0.07655918220236614,-0.9968634976050345,0.7128737814164292,-0.7001825287490142,-0.039438537037738884,100,0.22137269270776708
-5.746608694105199,-0.9210130156596855,0.3895289993386849,0.001477721101694143,0.023554857084945882,0.05947958713841396,-0.9979515756896983,0.3888189729079066,0.9190915826989423,0.0639567738304084,100,0.20692441296321498
-5.63525171430722,0.9923986664019814,0.11964457752070078,0.02881079647392527,0.021180612511889355,0.06456287938936417,-0.9976888373929899,0.12122816742486096,-0.9907153020292195,-0.0615379699694623,100,0.1999397673263771
-5.5233830434790825,-0.41325794739036503,0.9069942752271488,0.08111259842885993,-0.00802671786994633,0.08544292902600142,-0.996310733496179,0.9105786296190673,0.4123843966309066,0.028029782311401207,100,0.28862027521574096
-5.408948573719329,-0.10833091156685257,0.9881384173672298,0.10884338161818143,-0.020346315483219746,0.10726094113008242,-0.9940226948888775,0.9939066561027509,0.10989794643611543,-0.008485300452702783,100,0.24140438913574827
-5.296053256833599,-0.2791599391043779,0.9547878975171865,0.10222425912644528,-0.017751083132910378,0.10130706014433292,-0.9946968274869088,0.9600805317507739,0.2794940971105171,0.011332353397611239,100,0.19981068123814053
-5.176488329562337,-0.014888018197272559,0.9982957293171412,0.05642679985002378,-0.03401374412173979,0.05589474682444919,-0.9978571252881103,0.999310468335531,0.016775401771274807,-0.033123613486964514,100,0.26327088674974886
-5.056922199692207,0.059869164779849986,0.9953260130389708,0.07577473771983413,-0.03298801061383181,0.07784224569559567,-0.9964197789791249,0.9976610016755716,-0.05715516208544072,-0.037494175316735656,100,0.3469504961405806
-4.932224996515482,-0.02048670690791933,0.9969494457710909,0.0753133282811446,-0.031430676805646866,0.07464968845502375,-0.9967143706042905,0.9992959558587275,0.02278654406184363,-0.02980546953345437,100,0.33064300063721536
-4.802908955576761,-0.5495790982057617,0.8342224618581238,0.045118720579301344,-0.021360556540598295,0.0399570524255381,-0.9989730529827814,0.8351685706727822,0.5499784705721071,0.0041401047750300145,100,0.2662432006954111
-4.672053920001304,-0.47785453114282983,0.8772113229111544,0.04642566125246318,-0.021827300347087623,0.04097681253078808,-0.9989216534815805,0.8781677607529351,0.47835258522483065,0.00043380052657953846,100,0.2656067786309854
-4.540683746525473,-0.8656222592038669,0.49923863906140525,0.03819536148420539,-0.02050072914778554,0.0408812691782806,-0.9989536735678898,0.5002777473316222,0.8654995685143285,0.025152980465717737,100,0.28879221181385983
-4.40674683587485,0.7249953134359346,0.688725244675114,0.006271590160019934,-0.013383507895182868,0.0231911378047788,-0.9996414621471739,0.6886237559163572,-0.7246514392965243,-0.026031025971432697,100,0.235205611347433
-4.268704027356005,0.13521230938190631,0.9907190500071085,-0.013906665474658278,-0.004614754665094416,-0.013405713845409699,-0.9998994903867469,0.9908059019964469,-0.1352628950943584,-0.0027593078298673713,100,0.2085450138594186
-4.127069559138857,0.052455303042741826,0.997713624132454,-0.04261414557607125,0.00173941047428737,-0.04276411363818802,-0.9990836826992733,0.9986217580415001,-0.052333113849881076,0.003978638068400604,100,0.23390582558632167
-3.9870371682432664,0.606496037797826,0.7920244044800263,0.06971297471488021,0.039133161486788505,0.05783745932512922,-0.9975587320909296,0.7941228820576743,-0.6077435075810137,-0.0040837709949894324,100,0.4934688476772069
-3.8454028571407552,0.6958444811114562,0.7140787809151384,0.07675905649158192,0.028810587920446863,0.07903787904233119,-0.9964551990431723,0.7176143867916852,-0.6955893244747504,-0.034425042430679884,100,0.5011571488649899
-3.704795007234127,0.6863780604944673,0.7229400743823737,0.07901143539932197,0.029334871163389894,0.08103391762055949,-0.9962795639422158,0.7266530282092553,-0.6861422250868054,-0.03441254926980963,100,0.41931278712620085
-3.575990165738677,0.6333799906406271,0.7684826086405862,0.0909080176499234,0.021042471946365632,0.10032915626596635,-0.9947317602134487,0.7735547826951014,-0.6319561223850269,-0.04737570632313037,100,0.44140196611941784
-3.4456432305534914,0.5221758710298171,0.8454202387839105,0.11223626672696904,0.013695582152653119,0.12327372010472253,-0.9922781973625353,0.8527278526844023,-0.519680873023145,-0.052792039836988706,100,0.44749347041560256
-3.3142707792890707,0.6490286048585903,0.7560657692531939,0.08441814164554877,0.026146846879573787,0.08873056228231985,-0.9957124232002529,0.7603145483768992,-0.6484531130934907,-0.037819937146861875,100,0.2903105823524125
-3.18341063893114,0.6422266710814044,0.7617557660341062,0.08528221306632203,0.024573724176700368,0.09074118484657138,-0.9955712779368076,0.7661207705262827,-0.641478129234686,-0.0395572329894627,100,0.3130571854047223
-3.0499868106801427,0.571721799622032,0.8157490827116419,0.08767906187944731,0.015474742467727759,0.0961266597965476,-0.9952488119168575,0.820301600743594,-0.5703622527231914,-0.04233419995728921,100,0.3041605179822788
-2.9201545669339555,0.6637283792036903,0.7421125965751327,0.09345337149700106,0.0357963435859726,0.09328324766896307,-0.9949959082781226,0.7471166310727645,-0.6637523105111163,-0.035349821295695555,100,0.1968746902668233
-2.7908356008444897,0.6392857759758547,0.7637197412248006,0.08969868169863329,0.030013770834591825,0.09177732469358216,-0.995327130260387,0.768383283391328,-0.638990672495,-0.03574982893874971,100,0.20580237881678107
-2.667674302739601,0.5711261111727337,0.815372319258,0.09477840537031802,0.021897913525484612,0.1002870351013309,-0.9947175438152355,0.820570195973471,-0.5701846118393714,-0.03942159182028104,100,0.1943823431816342
-2.545028078591585,0.6526817121052251,0.7540038079145713,0.0740597078965236,0.02658185095084111,0.07490139711116131,-0.9968365893720111,0.7571657598461644,-0.6525856559572256,-0.028843955267234357,100,0.1452935782168704
-2.4223812525603754,0.6680740769488904,0.7384684722150482,0.09133095451850344,0.04006792189453315,0.08686058848934813,-0.9954143859731674,0.7430152012872563,-0.6686699886428709,-0.02844041041197089,100,0.0934737354537525
-2.3012758324836486,0.6539785273980205,0.7510690583545663,0.09059445504390139,0.03774304747269599,0.08721080733034638,-0.995474629235855,0.7555710079600662,-0.65443834290724,-0.028686360226342952,100,0.09567599681713866
-2.1842761721195028,0.6804972744035327,0.7274026563675576,0.08836761306487716,0.03952435340421635,0.08398362598563676,-0.9956829696516273,0.7316838695894161,-0.681052219786211,-0.02840050892031442,100,0.12529956322595381
-2.0739466495859986,0.6731714225511273,0.734121727635448,0.08891301858578744,0.03874961657103474,0.08505222486614637,-0.9956227128088814,0.7384705160506339,-0.6736701032841398,-0.028807791741942913,100,0.12241014398545721
-1.9676597479789704,0.7518844439653143,0.6585825704276745,0.030639530868590083,0.0056677604694054945,0.040014721164587014,-0.9991830155589025,0.6592705509987775,-0.7514438235949495,-0.026353758114753167,100,0.13658736456565895
-1.8629755392303537,0.7735281736382523,0.6330467169194339,0.030100145936454093,0.0039077854908610744,0.04272929963912027,-0.9990790440024793,0.6337498669036762,-0.7729334131410522,-0.030578506335275337,100,0.13031111589493674
-1.7654749011219277,0.7366806774272616,0.6761881827258158,-0.008433329548273772,-0.021134246757388193,0.010556551399913176,-0.9997209124733457,0.6759104401614973,-0.7366533111067239,-0.022067535344741034,100,0.17657692813939593
-1.669514056584112,0.7546555307579536,0.656006084862742,-0.012290098432810597,-0.024309780871775523,0.009237061704104262,-0.9996617984323704,0.6556706981788936,-0.754699074674225,-0.022918163876519407,100,0.18611777671793917
-1.5745787562568736,0.71175510355891,0.7022198611602567,-0.017086226906926873,-0.02877948800681817,0.004848907120267934,-0.9995740238570651,0.7018378827249998,-0.7119436457275314,-0.023660762461944967,100,0.1666122663446363
-1.4852903299748226,0.8262800904309718,0.5626472745578298,-0.02625369669267318,-0.024154420476777017,-0.011172330183009794,-0.999645808779146,0.5627413048007192,-0.8266215721059593,-0.004358944855840416,100,0.2766720514937068
-1.3944622046641695,0.8354257057210468,0.5490140811310366,-0.025444624979245475,-0.025708251772657148,-0.007209686346368057,-0.9996434895569424,0.549001799643029,-0.8357820045577857,-0.008091034920508776,100,0.29567260235598397
-1.30620077562142,0.7890523223361763,0.613893436553997,-0.023049537344827585,-0.029090135951295903,-0.00014032248080300162,-0.9995767825934817,0.6136368605341616,-0.7893888958336854,-0.017747521749610435,100,0.26468752869446754
-1.2256352634121135,0.8091947710873116,0.5870940289829228,-0.022900296451186065,-0.027945849125882525,-0.0004730331322520716,-0.9996093265652785,0.5868754995410753,-0.8095186084162949,-0.01602406521949383,100,0.28046026035215466
-1.1476358274518323,0.7548428726435896,0.6556212099376626,-0.01931493461155636,-0.02869401681947338,0.0035883783537552787,-0.9995818010245855,0.6552777205261424,-0.7550814211862623,-0.02152106784983549,100,0.2709265351099215
-1.0701475782570986,0.7324512822518081,0.6805962510346238,-0.01743164379217711,-0.02873751447903298,0.005325671780297843,-0.999572804993041,0.6802126685009987,-0.7326393248370605,-0.023459439742814493,100,0.24604796137617294
-0.9921449543198044,0.6718392292357186,0.7405588737206604,-0.014304006905147559,-0.029505185004314136,0.00746106748667166,-0.9995367809789797,0.7401091096033184,-0.6719500628957082,-0.026862964405235758,100,0.25083322528194213
-0.9156826821442674,0.5236970053909538,0.8505242326167309,-0.0484765538819383,-0.009087950334464676,-0.05132285326610479,-0.9986407631833103,0.8518561238280005,-0.5234257296545012,0.019148102579298873,100,0.4020259941392452
-0.8356268999720153,0.9784652649167443,0.20480685798801668,-0.025688057000905696,-0.023384316387913794,-0.013661131676388997,-0.9996332063454028,0.20508266406128858,-0.9787070677186288,0.008577674459194174,100,0.23908733727644443
-0.7545431787374387,0.9202400957830837,0.3895823381435151,-0.03719903116712644,-0.03574991189312787,-0.010972030727715737,-0.9993005345447102,0.3897179876689997,-0.9209262817122454,-0.0038306316559413474,100,0.15155178130896277
-0.6703810555411904,-0.91292067987125,0.40708815171053314,0.029241562891141066,-0.03645729619672318,-0.009978067020791997,-0.999285396537222,0.4065054708333444,0.9133343719117498,-0.023950517053509816,100,0.15346291515020177
-0.5867345549216519,-0.991693310766381,0.12395946529419546,0.03432824413206988,-0.03593095003817858,-0.010716226390041397,-0.9992968174277908,0.12350442992284835,0.9922294157380815,-0.015081191381907286,100,0.1531933395271414
-0.5061658921540542,0.8078825920027677,0.588191493958166,-0.03683047615969902,-0.03433333802512268,-0.015415179313628144,-0.9992915461199406,0.5883425358062615,-0.8085747576334482,-0.007740922365486264,100,0.16347383363958917
-0.42508412541977436,0.8914773806449288,0.4515338180605839,-0.03721949685431422,-0.03372212170496782,-0.015793224062435295,-0.9993064557889282,0.45180847524827616,-0.8921142220709999,-0.0011473763474295318,100,0.15885984166436737
-0.3414362351792959,-0.6689894120063609,0.743189581044923,0.011064052135414284,-0.02668370074649396,-0.009138264402882987,-0.9996021569795529,0.7427928020234547,0.6690184890942661,-0.025944450508158298,100,0.13915806587574947
-0.2562486201586623,-0.8856944388368585,0.46327803181987764,0.0303121468484637,-0.03874584623847409,-0.008696164959118692,-0.9992112569993737,0.46264902508567657,0.8861703233284809,-0.025652244330055265,100,0.17863541945388467
-0.1690090019338919,0.975477015586697,0.21662773797618773,-0.038948879334212275,-0.03673847276101288,-0.014223050680005905,-0.9992236933983013,0.2170135403177857,-0.9761506686821837,0.005915686778952494,100,0.1564858763720718
-0.08330809588218058,-0.9991320760769579,-0.019841550547101416,0.036625229364947436,-0.03639674048608633,-0.011757055742854294,-0.9992682567370226,-0.020257636489400054,0.9997340068799031,-0.011024683746806116,100,0.16591082184238393
0.00290633801163983,-0.9990998586222319,-0.021975309492792826,0.03628440813534375,-0.036016361324667824,-0.012473127228870702,-0.9992733574022994,-0.022411921335914124,0.9996807024594546,-0.011670428964028002,100,0.1751149619644891
0.09219841444640556,-0.9990395962467188,0.02403022022134688,0.03663923644546406,-0.03690792834217528,-0.010834727046879973,-0.999259932908004,0.023615460120054943,0.9996525182311768,-0.011711226980334534,100,0.1623589139626396
0.18149235408418568,-0.9985423654239606,0.03904488474305499,0.03726447945327068,-0.03768437993559193,-0.010073840420136202,-0.999238912997317,0.0386397717694041,0.9991866766098272,-0.011530538713224988,100,0.1510583897326351
0.27437611299218806,-0.9972706192355969,0.06381886981083809,0.03712766980994483,-0.037845239675627446,-0.010071598940208993,-0.9992328561094665,0.06339597655485169,0.9979106747353967,-0.012459350135613636,100,0.15630346561371034
0.36931250484244466,-0.9972903488393322,0.0632510514099984,0.03756680193272539,-0.038213766438362905,-0.009049608135592057,-0.9992286088014026,0.06286229526924014,0.9979566168366849,-0.011442147759966428,100,0.14304934177977383
0.4611696318265715,0.9953736045201538,0.08787605779405502,-0.0388482418023323,-0.03827994245009517,-0.008143682244314492,-0.9992338697449766,0.08812510102447532,-0.99609812714716,0.004742115914492428,100,0.1373171419857536
0.5514865298278913,-0.9845296801294878,0.17181614386398228,0.03435872017173603,-0.03690664455093298,-0.01165612540063827,-0.9992507364663965,0.17128691874197344,0.9850600730150197,-0.017816958761939554,100,0.16501779385974255
0.6382099621611252,-0.9956526231084832,0.08544304764253849,0.03708557275749606,-0.03802541853224443,-0.009398017249114154,-0.9992325779403077,0.08502894591046205,0.9962987317473311,-0.012606168173377306,100,0.1570991781021867
0.7239077612305778,0.9944006111178959,0.09820713817250327,-0.03902284741433198,-0.038374529670482715,-0.008482514721447216,-0.9992274227704971,0.0984622774514414,-0.9951298432646704,0.004666365085169737,100,0.12207079729375395
0.8070399874366957,0.98670371284111,0.1577219343592209,-0.03923741183556573,-0.038430515307672275,-0.008163642936158228,-0.9992279271653679,0.1579204817582411,-0.987449819664775,0.0019937615826687047,100,0.12382403599832585
0.8911982591752597,0.9851614025158442,0.16700890251485342,-0.03956055451834498,-0.038724308425624035,-0.008262051603190344,-0.9992157757162681,0.16720478142078327,-0.985920770135253,0.0016721500942471171,100,0.1375319373398841
0.982026163160767,-0.9964786304811398,0.07495480037731962,0.037578143844901456,-0.03840843504649194,-0.00966616966123937,-0.9992153708192041,0.07453275193974358,0.9971400819666595,-0.012511028087745202,100,0.13244209475244983
1.0728549213614158,-0.9765942231204496,0.21223229811279987,0.0349453145003035,-0.03809872336778216,-0.010785746724366295,-0.9992157699642971,0.21168894785866996,0.9771597204681318,-0.01861907755856467,100,0.13800041482024572
1.1616318098847516,-0.9927709759809797,0.11422573813752777,0.036854714714808216,-0.03818053592716671,-0.009440333115842855,-0.9992262640598356,0.11378943679484183,0.9934099661557654,-0.01373328861976789,100,0.14149166628999987
1.2473298171167706,-0.896249725089626,0.4432618865591669,0.01597905506525167,-0.026473441325024362,-0.017497121000255234,-0.9994963770124997,0.4427590622236665,0.8962213737022293,-0.027416457431782382,100,0.10100757141819414
1.3330271088634043,-0.8491812996717998,0.5279409745743415,0.01301720604459859,-0.027578529656014372,-0.019717068477477197,-0.9994251657391198,0.5273808348714669,0.849052156569989,-0.03130320165934557,100,0.11094377655694553
1.4182114578646394,-0.8421580163807166,0.5390557918762642,0.013737856104584738,-0.02864010798530125,-0.019274125334255002,-0.9994039485149084,0.5384697017105855,0.842049500526693,-0.0316704752484078,100,0.1087738974962036
1.5008295294927136,-0.8476739438121386,0.5302712768634985,0.016163474735659447,-0.03017831574085762,-0.01777923031545933,-0.9993863958591968,0.5296585260722426,0.8476415940142066,-0.031073684300944128,100,0.10313509842522857
1.5839611087778476,-0.8052014096741049,0.5927509664051412,0.01723315654792995,-0.033342967861203554,-0.016240385820436846,-0.9993120115172289,0.5920632874558607,0.8052220449628626,-0.032840857978811054,100,0.10403595429630014
1.666065844478507,-0.8183326210285401,0.574401791896742,0.01985705986221377,-0.034913987813094585,-0.015195976158083503,-0.9992747849133341,0.5736834796432148,0.8184324430118926,-0.03249002016063422,100,0.10002739466753603
1.7445793599489046,-0.8341624924464403,0.5511342966416684,0.0205893968060284,-0.03458696454032077,-0.015017017957679447,-0.9992888626696215,0.5504331731277006,0.8342814130956967,-0.03158869550359085,100,0.09475876072228333
1.822577868726443,-0.8121447690923399,0.5831485342582223,0.018938348091551028,-0.034505249789189354,-0.015602361317691939,-0.9992827197836947,0.5824347704017468,0.8122157061481877,-0.032793061968431785,100,0.09860359782851885
1.8985248740690615,-0.8146646288088619,0.5795664263369411,0.02059854438416047,-0.03556847303407145,-0.014481563141642206,-0.9992623119356595,0.5788405879806148,0.8147963192062184,-0.03241191006797669,100,0.0941315812836474
1.9754985353944763,-0.8413203747606585,0.540095565170492,0.02183592214110014,-0.034944638919340056,-0.01403307640585386,-0.999290720950307,0.5394060615374862,0.8414866922594524,-0.030679757607637657,100,0.09936945374529078
2.056065862989141,-0.7258111573125577,0.6878120452840595,0.01061858195638651,-0.033139832689552055,-0.019543915006834923,-0.999259619356008,0.687095273895778,0.725625678809925,-0.03697916767210145,100,0.14996655193059075
2.1381720758497234,-0.7107551704724533,0.7033063053795839,0.013686798748905363,-0.03500424599855823,-0.01592872874646601,-0.9992602155407739,0.7025679970001096,0.7107084609133627,-0.03594013324144799,100,0.14583456231686762
2.2228436789521724,-0.8218470703604983,0.5691654796282595,0.0248606061752184,-0.03848127140102479,-0.011921481423965478,-0.9991882055108631,0.568407058973784,0.822136567171289,-0.03169984587631263,100,0.09808072678657254
2.3054629042145423,0.979568523509676,0.19709990816244077,-0.03996415833507592,-0.038614981523700694,-0.010685179944377139,-0.9991970326874878,0.19736866760202298,-0.9803251772406509,0.002855856629532962,100,0.09716058985321419
2.385516154214541,0.9289125956509551,0.368148010960061,-0.03985513351070176,-0.03868842520532854,-0.01055257256476334,-0.9991956009547865,0.3682724472399975,-0.9297073115978041,-0.004440649214589421,100,0.09450310310165476
2.466081544439392,0.9898910085635625,0.13581039723996866,-0.04088186843253403,-0.03982089490067745,-0.010520785737286795,-0.9991514446753202,0.13612526398256244,-0.9906789838635885,0.005006339649451921,100,0.09161624593285594
2.5507516103930463,0.1337659979657716,0.9908921189246055,-0.015474703271044183,-0.04021171684705472,-0.010175098464921331,-0.9991393722596671,0.99019678630888,-0.13427313962343637,-0.038484391111614114,100,0.07536002626446306
2.639527053792499,-0.7990341388838021,0.6007646852710529,0.025024744342221752,-0.039837458231908374,-0.011365894161536242,-0.9991415281988483,0.5999645171340067,0.7993451128149103,-0.0330146755106987,100,0.10349231348740305
2.730356078927685,-0.5926509465117217,0.8053233557307679,0.014803658780709938,-0.04052233784918547,-0.01145511845879644,-0.9991129667842027,0.8044394294998207,0.592725124299308,-0.039422471895771555,100,0.0797771833758491
2.82015727358871,-0.5561933973923069,0.8309924018674915,0.010026601403310942,-0.03954994125144429,-0.014416139526541007,-0.999113595677768,0.8301112617259271,0.5560969366573142,-0.040883862294804243,100,0.08904049811817079
2.907906279998965,-0.5492660756410812,0.8355991611271576,0.008989998522603779,-0.039284984962050996,-0.015074061434148958,-0.9991143391166053,0.8347235878459273,0.5491327841200796,-0.041106171047090384,100,0.08733317377534239
2.999761382255015,-0.5585184427581639,0.8294365624297881,0.009598854288509356,-0.03929770360495464,-0.014899414225685075,-0.9991164586508965,0.8285607036242866,0.5584021815505271,-0.04091654982081673,100,0.09517193086864686
3.097775193826613,-0.5599960100095306,0.8284490001178407,0.008759165322991464,-0.038996727227082556,-0.01579650989182661,-0.9991144706893269,0.8275770200041699,0.5598416959096449,-0.04115278219064371,100,0.09642277471287826
3.204512455668718,-0.5600079821209475,0.8284870995570822,0.00043107808801389424,-0.036176290470209316,-0.023933189885187868,-0.9990587962826485,0.8276970073454656,0.5594964953325561,-0.04337436733771976,100,0.12269443864433882
3.313816614982443,-0.5674549880655897,0.8234043039129711,-0.00043453086976934447,-0.03572944365721435,-0.02515042344061268,-0.9990449754924469,0.8226288612584823,0.5668975290988252,-0.04369151091710371,100,0.122146103078387
3.427738300230191,-0.544207612138225,0.838933743484994,0.005314972536690885,-0.03786416289585996,-0.01823229635036897,-0.9991165540306037,0.8380956866963385,0.5439280811026829,-0.041687678382780174,100,0.08769171208053729
3.5467911951365743,-0.5405361112458987,0.8413139394357817,0.003401139545387467,-0.03737560364065029,-0.019974445405180067,-0.9991016393657116,0.8404902002353498,0.540177634525719,-0.042241525381315384,100,0.07703451061835037
3.665843915724811,-0.5406656117265489,0.8412303056023924,0.003502746417059909,-0.03739688080327379,-0.01987517983121953,-0.9991028228029699,0.8404059552398129,0.5403115306587323,-0.04220521572833572,100,0.0760887683287211
3.78849128071677,-0.5513041944917054,0.8342978008984966,0.0032961419545116583,-0.03694916589784938,-0.02046874627714201,-0.9991074965014002,0.8334857192989602,0.5509339432652289,-0.04211111353218433,100,0.09888878746273083
3.9126790374040663,-0.5336051840732029,0.8456261220745035,-0.013489595821967633,-0.031388397050073145,-0.03574078042473753,-0.998868041908068,0.8451510374251636,0.5325777485774895,-0.04561431419305014,100,0.14723157801217562
4.038405630352782,-0.5392410658215468,0.8419770163643694,-0.017139919655486995,-0.029975562871047336,-0.03952942761219408,-0.9987686869256647,0.8416178102691305,0.5380633125077445,-0.04655462566692223,100,0.14818184477908597
4.169264651965974,-0.5453824367959084,0.8379408895986373,-0.02032395564847761,-0.028704713749067,-0.04290506057732078,-0.9986667087599549,0.8376956708991286,0.5440718898413157,-0.04745251986310271,100,0.1488973577636285
4.302688683555464,-0.5635291348623764,0.825638744895372,-0.02748776252909819,-0.02558252566178899,-0.05070002117998038,-0.9983862189719535,0.8256999748952555,0.5619165158454983,-0.04969286345171163,100,0.14669618349031577
4.437140295929201,-0.5507865404897851,0.8343078812772995,-0.02376017790080274,-0.02733392920765943,-0.0464825627743991,-0.9985450554041089,0.8341984434949307,0.5493357175685081,-0.048406882507836584,100,0.15503802516720827
4.5736445034401125,-0.578270045448693,0.815078462486602,-0.035367421834837424,-0.02239428291530321,-0.05919241934599765,-0.9979953675166419,0.8155380129886503,0.5763187984808793,-0.052482300712523466,100,0.16004636208365935
4.711174707779571,-0.6037262185898347,0.7968717104524098,-0.0225860591487335,-0.023595353394867666,-0.04618158647797859,-0.9986543548037772,0.7968424639070076,0.6023808912565437,-0.046683504191326726,100,0.15847921475503174
4.853324564758976,-0.628077213363811,0.7770825479956722,-0.040764293857538735,-0.016938976622456057,-0.06602704348708961,-0.9976740452669588,0.7779666349684503,0.6259258287759883,-0.054633064594239694,100,0.1503258538724781
5.000604667743233,-0.692879893172648,0.7186816749759041,-0.05843033194231191,-0.008081516955875648,-0.08876984867401365,-0.9960193788526831,0.7210077272267974,0.689649595099005,-0.0673148814083976,100,0.16592043909467918
5.143778828415748,-0.656574763425266,0.7520812869387018,-0.05730024319042772,-0.013194195569831556,-0.0874092940544429,-0.9960851010411556,0.7541455384979222,0.6532483089526755,-0.06731384414924518,100,0.18384344963899613
5.283873664102334,-0.5216437448902063,0.8528982043319272,-0.021271024053763063,-0.028455697804394667,-0.042311134841123456,-0.9986991744919594,0.8526887337589177,0.5203598955682794,-0.046341152389458296,100,0.15401582544542092
5.423454429859866,-0.526076923554343,0.8502260152264615,-0.018941846154241066,-0.028912472404239713,-0.04014090185309983,-0.9987756389389431,0.8499453743877144,0.5248851598498026,-0.04569933835817734,100,0.15571015148223208
5.563549136511005,-0.43408570224416637,0.9000173949372262,-0.03922106471780428,-0.02553205413426051,-0.05581028598035562,-0.9981148862683474,0.9005096986256586,0.43226600697857354,-0.047205740031543805,100,0.2324484555038642
5.70929029947356,-0.4663950873959866,0.8808420375126579,-0.08119684355588648,-0.012840541635088316,-0.09852372133958158,-0.9950518563491644,0.8844833197655044,0.4630446860551903,-0.0572614684813693,100,0.24514667253963726
5.848358368539607,-0.5653425550177524,0.8191492904565884,-0.09686194005112479,-0.005423966657493804,-0.12111811280689497,-0.9926232836961838,0.8248383939122246,0.5606468074416945,-0.0729162617921246,100,0.27010744229705363
5.983833440876342,-0.23910026475212037,0.9674950165165231,-0.08236781174195693,-0.022766176846645458,-0.09039074141916738,-0.9956461294342888,0.9707279560140695,0.23618405297857378,-0.04363861284872671,100,0.20052341455942865
6.114175003668126,-0.26279541755896124,0.9607340740919597,-0.08904272788204771,-0.02048419256920757,-0.09782109490998152,-0.994993181506989,0.9646341100981237,0.2596556802176251,-0.045386797264442405,100,0.2091837216517418
6.240412222441944,-0.2579289792101225,0.9615735946022148,-0.09406839983437407,-0.019629174602226577,-0.10255802836477182,-0.9945333309257997,0.9659644595884777,0.2546724817912335,-0.04532758354726589,100,0.20899553796940148
6.367160722441943,-0.37617376575852435,0.9196177409291332,-0.11312165364530666,-0.012059826196034733,-0.12693846380803686,-0.9918372784878462,0.9264706463494526,0.3717389365864889,-0.05884135007266682,100,0.18711442287828636
6.484673474967198,-0.39080929750661336,0.9133296363218372,-0.11444242394587828,-0.01144342117877064,-0.12914148129911018,-0.9915601474038764,0.920400532971441,0.3862013117845307,-0.06092130728895288,100,0.1910026891191759
6.601160379601779,-0.5928580383171413,0.7977665243914706,-0.10994507248214473,-0.0071497478319207525,-0.14173456403888018,-0.9898788786829673,0.8052752495319169,0.586071570643946,-0.08973230507597263,100,0.20281109534142328
6.712002036824461,0.22542819699262037,0.9608479477617906,-0.16110043228561363,0.026133692650592358,-0.17126092719810304,-0.9848790407576408,0.9739092145108295,-0.21780935723058664,0.06371754698431184,100,0.43570504854920794
6.817710565069089,-0.17224091635834976,0.9628833659906642,-0.20781888805044846,0.03700976112772345,-0.20449728266035078,-0.9781672346617432,0.9843593573046914,0.1761717482544278,0.00041328401096150935,100,0.45972407463137693
6.923421217758997,-0.25754833696849744,0.929022616820919,-0.26567994196019595,0.053232689634300875,-0.2608961173103998,-0.9638980738266139,0.9647979761997117,0.2623932038136086,-0.01773898851035748,100,0.4613165543291551
7.024515210591759,-0.2754930955345936,0.9102097338183289,-0.30922773933645403,0.06623500511567172,-0.3029381964427008,-0.9507057237827963,0.9590184974285398,0.2823945636842365,-0.023169635117875252,100,0.43885488315437
7.125095946114599,-0.38271052474204903,0.8960738548234877,-0.22490953948963685,0.051117871500136136,-0.22253194898607215,-0.9735843542774072,0.9224530435013812,0.38409787604494156,-0.03935993080283188,100,0.373562291664778
7.22362501304161,-0.36753527845474376,0.8992318807972501,-0.2372758808834856,0.054810858422567756,-0.23374511173096632,-0.9707517666946888,0.9283930142402921,0.36979081559676164,-0.0366219034200385,100,0.3509483064045086
7.321129064968254,-0.383623496930304,0.8962373622868264,-0.22269172199279666,0.05031906270654924,-0.2204973130072881,-0.9740887674564883,0.9221176739068065,0.38488897801537275,-0.03949012624672856,100,0.36809642347955335
7.4155535991940225,-0.38436835724522606,0.90323979589199,-0.19083720042382307,0.04108500600525745,-0.18977606981143916,-0.9809674131226133,0.9222651398758137,0.38489338061847717,-0.03583430375946829,100,0.4004566591176135
7.503820665102605,-0.1550828508961773,0.9719976144871209,-0.17655012542975052,0.03505606898804583,-0.1731851460187919,-0.9842651965936594,0.9872792823639214,0.15883180610254458,0.007216369252211481,100,0.4065286609912681
7.5884941871614275,-0.40662347277753186,0.89188641074503,-0.19797975076933366,0.04345560940771371,-0.197576949417522,-0.979323725368619,0.9125617575799153,0.40681934490288646,-0.04158195781155981,100,0.3169001978455781
7.672654769232614,-0.3660395784586677,0.9118550642278886,-0.18583694154756733,0.038653742460722805,-0.18462592067198935,-0.9820484497262855,0.9297961686281467,0.3666518938420657,-0.03233378336114774,100,0.31867603952805174
7.758354872757359,-0.2858605778314174,0.9410448464410053,-0.18088208045219073,0.03618032795080135,-0.17802528155193825,-0.9833605559497115,0.9575879666700395,0.2876483897315919,-0.016843098692390774,100,0.29983054572261814
7.847645597710673,0.12996134354658828,0.977678048221684,-0.16509295323848297,0.03375354333192657,-0.17077098342501554,-0.9847324355034686,0.9909443715446924,-0.12240467820100401,0.0551937248100112,100,0.2689212174438313
7.936937096240086,0.4022459290453006,0.9040752767463444,-0.14438180821178143,0.03199676886225787,-0.17148846869276055,-0.9846663962417868,0.9149723598824493,-0.3914582980106984,0.09790802607401003,100,0.3586174361850964
8.028796005852744,-0.25232035335874703,0.9456714040488525,-0.2050366670749132,0.03982570827904099,-0.2015641354687094,-0.9786653218811958,0.9668238475756531,0.2551029103264476,-0.013196700420434408,100,0.44159512312937843
8.123221718056048,-0.32045834150513197,0.9184300387117013,-0.231932566389033,0.046799563353939894,-0.22919569317862037,-0.9722546657631695,0.9461058356387307,0.3224214605456572,-0.030465546933290046,100,0.3958639939642332
8.219185817525542,-0.3093103615974793,0.9233688907225369,-0.22741370199323557,0.03440045658455021,-0.2281199124490101,-0.9730251354055713,0.9503387337129909,0.3087898916578838,-0.038795541170363726,100,0.32537395968898675
8.31822951589995,-0.3163364877332675,0.9183781714780477,-0.2377241272593463,0.03733343880624264,-0.2383466657594135,-0.9704623028579065,0.9479121482898513,0.31586769552141297,-0.04111153184340322,100,0.3128350429008177
8.421890648753632,-0.33556970103533573,0.9146098752437666,-0.225569838084876,0.037291039003941644,-0.22636927363738196,-0.9733274527942232,0.9412769805732328,0.33503093597377825,-0.04185591694697688,100,0.3362989812627161
8.524373521342591,-0.31708745399986643,0.920645129350522,-0.2277456746439834,0.03267717861828966,-0.22938946029445795,-0.972786038912651,0.9478331860161001,0.31590033445531185,-0.04265243460332774,100,0.21843186601713527
8.628031964254536,-0.30628915092775877,0.9249154324776092,-0.22520745722268926,0.02862815616401822,-0.22752101006281533,-0.9733522582573304,0.951507953040121,0.304574510989927,-0.04320859355088633,100,0.2376925214346673
8.734256077546103,-0.23738191471641035,0.9538258291659122,-0.18402748213658482,0.008376583629156241,-0.1874254927374437,-0.9822431051011915,0.9713802856823247,0.2347082706000933,-0.03650162050702349,100,0.25951254390788697
8.839452968799074,-0.23677175583433352,0.9541811536431073,-0.1829684717961961,0.008322415275918331,-0.1863245877027481,-0.9824529940009222,0.971529656285953,0.23413986001898443,-0.03617530797641517,100,0.2511336433466169
8.940029574463562,-0.21119128683041274,0.960408595579869,-0.181696367336328,0.007239759131317951,-0.18434705185011416,-0.9828345488239065,0.9774179383736697,0.20888153104205942,-0.03197936420397282,100,0.2529837960668575
9.036502892662922,-0.2923008239958474,0.9437893530977806,-0.15434340047641032,-0.005921015485780709,-0.1631749024230616,-0.9865793900111849,0.956308093590641,0.287464098973241,-0.053284349808709816,100,0.2429508418950304
9.13400225394078,-0.47637633378368804,0.8656713303346346,-0.15387896687811517,-0.0005132898761115029,-0.17528709527050385,-0.9845172272566551,0.8792413349839254,0.4689217227515624,-0.08394696413445543,100,0.19701382915131146
9.239713247681529,0.6665789517163339,0.731898334395627,-0.14141191335124662,-0.0022302194949628817,-0.18774509330455505,-0.9822152544432755,0.7454311016115158,-0.6550393942725666,0.12351463355113562,100,0.20871342341790336
9.350042375387154,-0.007154401433942464,0.98101930555257,-0.19377806035068934,-0.0026527787025126103,-0.19380095772761938,-0.9810372834653192,0.9999708882288911,0.006504684236062787,-0.003988956970389472,100,0.19554276454119013
9.460884830102374,0.0636522063389087,0.9795080764004803,-0.19108198474586724,-0.008032138091762453,-0.19096123381591928,-0.9815647161227714,0.9979398185190649,-0.06401355673396583,0.004287559725938219,100,0.18144644546576078
9.575319960027677,-0.7411226408402963,0.661429766780879,-0.11509949978213248,-0.010757479790253863,-0.18311714585928857,-0.9830322413435433,0.6712834780198805,0.7273092701929078,-0.14282758007119134,100,0.21178186937766813
9.693347018206211,-0.8704409211489528,0.4841362884399694,-0.0891328054362317,-0.007852125984491894,-0.1946954797704807,-0.9808323069079985,0.4922102669661474,0.8530566947000141,-0.17327241188544948,100,0.19932449061259006
9.809321209740949,-0.8379690389262427,0.5363065174876954,-0.10091188780936139,-0.004828746896158463,-0.19219549143476478,-0.9813447795120541,0.5456964110239703,0.8218492637779568,-0.16364355967525504,100,0.20928329514693358
9.922216511082539,-0.8241662599236866,0.555817072933975,-0.10870766963977638,-0.0033715248481538526,-0.19675674052488878,-0.9804465400409244,0.5663378928021687,0.8076844473512723,-0.16403421802559792,100,0.2063585409890934
10.035112602949484,-0.8059984004397817,0.5805571553069117,-0.11541216534863173,-0.003383362734355591,-0.19949551083180758,-0.9798928992571403,0.5919080429805978,0.7894016281842233,-0.16275729806978295,100,0.2033941733427698
10.14493097741935,0.9716085388566505,0.22915282501448034,-0.05887130038250806,-0.008792173643892544,-0.21368551914262107,-0.9768629364406065,0.23643084592214314,-0.9496459770338795,0.20560392360047106,100,0.1302011858072706
10.25541403955878,0.5705534653381893,0.7992693558389266,-0.18877828266887856,-0.003694446625693737,-0.22736384562862766,-0.9738028716147287,0.8212521502283654,-0.5563040342454736,0.12677037204133113,100,0.22268498392899091
10.362154702097477,0.5572625711056028,0.8077624452573482,-0.19229731895334015,-0.004799555319816393,-0.22845225417161258,-0.9735432870872467,0.8303224621275188,-0.543442176865008,0.12343098999326067,100,0.23585873213376557
10.46684329410351,0.7192853921979165,0.6760146396315581,-0.1601022534960213,-0.005960168862090899,-0.2244442139345249,-0.9744687122829796,0.6946891398012675,-0.7018753463650992,0.15741028304099822,100,0.23260155673365843
10.573070686269594,0.9908995688034625,0.12587659674030274,-0.0476773210047625,-0.019547888546918295,-0.2158764882975343,-0.9762249852639923,0.13317629142782594,-0.9682729079104733,0.21145129748508767,100,0.20612823078075576
10.686482138595046,-0.9606731752255131,0.2761104046781239,-0.02949736989314697,-0.028132791562634946,-0.2024588609259016,-0.9788865897904004,0.27625277634989276,0.9395602450407686,-0.20226455324131093,100,0.18171443863870856
10.80297271457544,-0.9426736270529386,0.33150016014697287,-0.03839370627314383,-0.030080818157698017,-0.19898805063807543,-0.9795401472539155,0.3323576044531261,0.9222317493590155,-0.19755258347181723,100,0.18489664836571276
10.924594672598708,-0.12985154236834257,0.9744870657418087,-0.18306702501128547,-0.020321757574799128,-0.18720701507335413,-0.9821102584111401,0.991325175264723,0.12380828812823895,-0.04411240955923096,100,0.16276182629153546
11.044163496992972,-0.12101340314835847,0.9754560313415536,-0.1839600151604661,-0.020044309324452697,-0.18768544398419157,-0.9820246431633795,0.9924484782204861,0.11515079259754551,-0.04226479672255075,100,0.19402008718173477
11.159114765323265,-0.05143256830702034,0.9816812199677192,-0.1834575517116544,-0.018430832781176642,-0.18460244664690317,-0.9826404434456022,0.9985063822131215,0.047158446270715124,-0.02758778035645644,100,0.193302632494398
11.271500292436503,-0.9993809768293558,0.032015654763664504,0.01458290100276866,-0.019828832588555334,-0.17020927226305008,-0.9852084150238761,0.029059947518496162,0.9848877100897021,-0.17073874183818244,100,0.20979941241880104
11.378240916780417,0.47883758232942697,0.8623824113393201,-0.16435068104966602,-0.019269051127893115,-0.17683887452960784,-0.9840511755613792,0.8776920151269123,-0.47436756747029135,0.06805980836572119,100,0.1811982073276415
11.483954043087119,0.3052147739554074,0.9356288237893358,-0.17732074287554103,-0.01880697762117051,-0.18024713767749187,-0.9834415422137852,0.9520978097612168,-0.3034957552481673,0.03741773903161675,100,0.14703550902744583
11.588128158326194,-0.23837922078741028,0.9500253267677882,-0.20156196465738407,-0.007687357726981835,-0.20938435494942625,-0.9778031992346877,0.9711417258196481,0.2315384857905271,-0.05721606391447555,100,0.15956121449203498
11.698457921498127,-0.3130387050333073,0.9270275054689157,-0.2064625226406706,-0.009215925531944323,-0.22034311421694164,-0.9753788898339811,0.9496956543375671,0.3034286013566606,-0.07751933959394318,100,0.10911519605217139
11.809301786942285,-0.29634919065495924,0.9325899020055589,-0.20604182069524765,-0.009970793677774712,-0.21874180614003813,-0.9757318307404086,0.9550276124131626,0.2871029378530564,-0.07412261871087786,100,0.1060095471364535
11.919116755693262,-0.5004442965647392,0.8426835354324396,-0.19859497764774392,-0.004986595661097311,-0.23218747325104672,-0.972658270477873,0.8657543761942739,0.485770971113321,-0.12039901878372981,100,0.11249176922817318
12.027392414140149,-0.5234613814664598,0.8286987975581015,-0.1981072564016322,-0.004489613806982166,-0.23518617498198466,-0.9719399706078599,0.8520375728106652,0.5078836146432566,-0.12683141762122863,100,0.11586758296636657
12.134641896080298,-0.14661211727493842,0.9586825118381642,-0.2437882863548366,0.005058742741928222,-0.24572155477868243,-0.9693272546663578,0.9891811240566769,0.1433483833631028,-0.031176029207617563,100,0.11741868271139781
12.24445802655779,-0.04632742546125463,0.9676672146937549,-0.2479393701229444,0.006225343047472316,-0.24792136722055055,-0.9687601564780802,0.9989069099541125,0.04642367157306116,-0.005461498292901724,100,0.12620200421824346
12.355299982254184,-0.5339258406533572,0.8202030138545239,-0.20540256265821366,3.431898714323367e-06,-0.242925108351342,-0.9700450462327566,0.8455313102841477,0.5179328217022401,-0.12970117783862944,100,0.1377648778311747
12.462550599725889,0.514580396987648,0.8296668846367157,-0.2164714197607657,0.00517765664764244,-0.2554638721377694,-0.9668047382507061,0.8574265023357244,-0.4963779513330386,0.13575243100122322,100,0.14145607718880676
12.56928724769999,-0.33230284674048766,0.9061171024681548,-0.26177588632814053,0.019969117624031904,-0.2707267827448607,-0.9624490861577742,0.9429613207282077,0.32505200463823114,-0.07186892159467717,100,0.1654443164604709
12.6775643988745,-0.3805865520040887,0.8904541983144142,-0.24948987381830384,0.017796285464915282,-0.2626904914888235,-0.9647160193056876,0.9245740471467336,0.3715979364657377,-0.08412969129335514,100,0.1422239042081951
12.782760088870564,0.28374965027636767,0.930860263551228,-0.23018537249221016,0.013351698691494954,-0.24386402288357178,-0.9697175209745839,0.9588054380895484,-0.27208364170669885,0.0816248969710232,100,0.11649828997953203
12.88436296129308,-0.11206480593432909,0.963788754591325,-0.24197668440203915,0.012246061930651387,-0.24215260990481602,-0.9701608874220177,0.9936254391057486,0.11168415303698592,-0.015334168458683765,100,0.11811007770754038
12.981862472570853,-0.23439612456975226,0.9436018560765346,-0.2338247078381587,0.010926420950376962,-0.23795310932106323,-0.9712151826910724,0.9720797653031856,0.23020394213252995,-0.04546509556513058,100,0.12245616563381008
13.082440707362377,-0.0860926134199088,0.9665416766214358,-0.24163039806355943,0.012168538846895368,-0.24149265994679717,-0.9703263481191017,0.9962128229333639,0.08647822006519688,-0.009029334277433783,100,0.09654817890616842
13.185072650024216,-0.07074780986970733,0.9691915070852062,-0.23592916308194378,0.011155208149794099,-0.23573830064046405,-0.9717525482046759,0.9974318566848437,0.07138120344357382,-0.005866435474171337,100,0.12488924975471397
13.294375869804437,-0.046069685109232636,0.9715858271827277,-0.23216064380422236,0.010515859245108767,-0.231922831650573,-0.9726773446850282,0.9988828764265976,0.04725230763502282,-0.0004675520205873352,100,0.1371028827645497
13.407270332185346,-0.1060436344810835,0.96793945717694,-0.2277014598680765,0.009261787953125006,-0.22802122923541734,-0.9736121087485924,0.994318342820826,0.10535428922440775,-0.015215349883132206,100,0.1365346910847856
13.518112810448926,0.010311507214978076,0.9739973977548885,-0.22632441756394928,0.009776615449808661,-0.2264238331815315,-0.9739798075718658,0.9998990402082113,-0.0078305130155956,0.011857168996458231,100,0.16330706623448266
13.63357387349424,-0.09616692459290534,0.9699066320493598,-0.22368068249406395,0.008373800608869103,-0.22392592826894844,-0.9745701914753256,0.9953299965728478,0.09559447554936197,-0.01341246311223518,100,0.16446131906749242
13.748009915758994,-0.09346749687989424,0.9699060830147077,-0.22482441406144837,0.00864309234410071,-0.22501399700409264,-0.9743171958386928,0.9955848150618501,0.09301016763402177,-0.012648507222311436,100,0.15840169523862108
13.863983227692161,-0.07202695194253887,0.972088279352743,-0.2232856809983358,0.008382809085414066,-0.2232692310748881,-0.9747207697423226,0.9973674582147268,0.07207792727494049,-0.007932571716895874,100,0.1627771919479831
13.980470795489403,-0.4055292541287067,0.8903138597977311,-0.20709238300304703,0.0063600479279475736,-0.2238040289835378,-0.9746134138216497,0.9140599399580802,0.39655136825233844,-0.08509664212546397,100,0.1942397150499061
14.095418016873406,-0.6148829900405078,0.7689714198794066,-0.17493388456069256,0.005295132676680679,-0.21779250700920633,-0.9759807300662147,0.7886005770532893,0.6010402476534279,-0.12984510222540205,100,0.17280643979747934
14.20477938612765,-0.3500522753746421,0.8758440365526786,-0.3322057015467163,0.04272582193257042,-0.33934620011414884,-0.9396907260414324,0.9357552610833787,0.3431346384485225,-0.081367753143243,100,0.29223071727162037
14.314082387506987,-0.30146915259731016,0.9000140037514535,-0.31478745699842997,0.03352639870216323,-0.319937113735862,-0.946845406518102,0.9528863156863591,0.2959983721334373,-0.06627694223507809,100,0.2727354270791819
14.41825484601232,0.35561393704419664,0.8907007773650594,-0.2831798950865073,-0.008387152606108032,-0.29993175827678387,-0.953923789434019,0.9345953046378352,-0.34160366739582293,0.09918947005925562,100,0.22527756632462795
14.5198603720394,0.08274391100495518,0.9453442180542942,-0.31540094258406853,-9.810397165284368e-05,-0.3164784952484482,-0.9485996797495183,0.9965708382083106,-0.07852178956565369,0.02609392642344955,100,0.2414668747310656
14.621980220524248,0.043990579642402355,0.9480206528599574,-0.31515340812643206,0.0009926041375344348,-0.3155001094025415,-0.9489250211181126,0.9990314527780152,-0.0414309391393003,0.01482004191235605,100,0.2437175036288846
14.728205115821495,0.21356198876706953,0.9290574002804518,-0.30206559542255434,-0.0033395741574230794,-0.3085028845870835,-0.9512175447529843,0.976923806751735,-0.20415268106389609,0.06278183348805602,100,0.19602302324218626
14.844179330156352,0.23983584026238028,0.9238040517619924,-0.2984373362596645,-0.007662016375767834,-0.3055987694420249,-0.9521295529604035,0.9707832215436646,-0.23064142313046496,0.0662153358796764,100,0.2119639523483978
14.965798655970891,-0.2119838542803916,0.8969333682251792,-0.3880378570302967,0.03350245010527903,-0.3901587071542496,-0.9201379076359522,0.9766987413534294,0.20805459907428095,-0.05265788110688849,100,0.19274094433757935
15.080746129336271,-0.27344238083949973,0.8633708426716612,-0.4240519453855287,0.05960376851957054,-0.42479785811630105,-0.9033239565726509,0.9600399237214521,0.2722821473476152,-0.06469758184569314,100,0.21723842011815098
15.184919715639566,-0.2968517081674923,0.8540083967848537,-0.4272572077554759,0.06415293114739723,-0.42857939466875977,-0.901223670289766,0.9527662172764311,0.29493958819786015,-0.07243738351457336,100,0.22241530013688815
15.285502764248138,-0.23250879665980329,0.8853350346352804,-0.40264318685798867,0.04936490609077994,-0.4027128337303383,-0.9139942448372034,0.9713407051711871,0.23238814512842074,-0.049929795526452374,100,0.17600544446159594
15.385058531367271,-0.21691174573635763,0.8915105546058277,-0.3976911183167348,0.04673395178069486,-0.3974398963202391,-0.9164373773280515,0.9750719113545244,0.21737170892130164,-0.04454557046517076,100,0.16897815866572471
15.48358895647416,-0.20505127420381147,0.8918568354657056,-0.4031691456206569,0.0457830002190535,-0.4027309569149784,-0.9141726823928223,0.9776798514024596,0.20591056644923061,-0.04174861418324585,100,0.1732689303224964
15.585710113115763,-0.1861199588787868,0.8956876321012582,-0.4038601572423305,0.04390585250319289,-0.40304969269395824,-0.9141242920605893,0.9815455348698432,0.18786860014421503,-0.03568966316633523,100,0.17044700539587185
15.688858010072941,-0.19405726357094555,0.8956713116280453,-0.40014332429999844,0.044191202446696706,-0.39950178132593617,-0.9156666775326703,0.979994344923312,0.1953745844369248,-0.037945430217976125,100,0.17621774947605545
15.794056364304108,-0.21271426501640592,0.8920227380657522,-0.3988083201642221,0.04603034106707324,-0.39854790810879576,-0.9159916880863885,0.9760296353901244,0.2132017816899788,-0.04371671447443747,100,0.17988730771302688
15.898742545453842,-0.22400212807473227,0.8892944150480498,-0.3987210678937572,0.046736471668855036,-0.3988446814324014,-0.9158267425168544,0.9734673845763594,0.22378195516491747,-0.04777957417798239,100,0.17817407277727465
16.00644961992829,-0.8984163674757595,0.42446864677995444,-0.11258063133796756,-0.00787469617595267,-0.2718941202136734,-0.9622949529917368,0.439074048210319,0.8636549978400095,-0.24761668944999582,100,0.3148579831568354
16.113704457666184,-0.8626880607656854,0.4840310402561638,-0.14657169536058837,-0.0016043288043906256,-0.29243612218213516,-0.9562837134303621,0.5057338588046371,0.8247393930882722,-0.2530576960832453,100,0.33861392188142275
16.223523272717387,0.9666336130288421,0.24469569465458993,-0.07578571884144464,0.009387497145391263,-0.32948897615325634,-0.9441127525305567,0.25599088472082765,-0.9118996828659317,0.32079219960725563,100,0.2326763700267273
16.337448023828117,-0.999070160610637,0.03817820139380694,-0.020030953940585388,0.006659977825175989,-0.32236589192133713,-0.9465917157999688,0.04259646549661251,0.9458449432460347,-0.3218118774425537,100,0.23590389000174536
16.45393774513171,-0.9780252715510933,0.1957055271913673,-0.0718742988429038,0.004852482111995114,-0.32328210215798003,-0.9462901964205643,0.2084298961875739,0.9258444950698073,-0.3152284081807521,100,0.24208961036949372
16.568375219825576,0.5680600964362685,0.7731394230810664,-0.2820694228637575,0.015214098244276771,-0.3525453564884379,-0.9356710441351992,0.8228464364943382,-0.5272259516529096,0.2120295683442595,100,0.2756129051096255
16.672547966336463,0.49746504309751016,0.8124500282097188,-0.3040616426944041,0.015723055125096228,-0.35889669724629997,-0.9332448479596505,0.867341522373699,-0.4594759105412654,0.19131275754311208,100,0.3150017793070481
16.775694638163085,0.9556160504961072,0.2801209180211808,-0.09127012282884533,0.011236891217896991,-0.344224177036583,-0.9388202427617571,0.29440057117807833,-0.896126100072115,0.3320938368286337,100,0.22478876818986088
16.881406023180293,-0.26344213449238846,0.9198387490103341,-0.29068009493805724,-0.017791242010547798,-0.3059058389147497,-0.9518955244277522,0.964511126676005,0.24559782885230652,-0.09695356095170879,100,0.16528806994088988
16.988655848134854,-0.09258996603270449,0.9498047589862684,-0.2988277396713685,-0.019701174197882747,-0.3018057426382409,-0.9531658604072035,0.9955093982104274,0.08236633728421135,-0.0466564524701164,100,0.1458909034502216
17.097444187420574,0.12360721246437441,0.9330768428474626,-0.3377704284992971,-0.005291228665069452,-0.3397561607355828,-0.9404986731205052,0.9923171166144426,-0.11803963988435677,0.03705918900853633,100,0.20953895177541634
17.204181611561985,0.07484026153515463,0.936905453879322,-0.34147782613887434,-0.004460921619126874,-0.3421202017071825,-0.9396456075362375,0.9971855571716117,-0.07184662883544664,0.02142490357793725,100,0.219062387317453
17.31091909798638,0.12904241370506528,0.9327178694209318,-0.33672753307095105,-0.005434817599767432,-0.3388963115597869,-0.9408080318369041,0.9916241819473889,-0.12323419198440629,0.038662846547072256,100,0.221473395271424
17.418683356330618,-0.6775254638296362,0.6999637027064145,-0.22585406960239282,-0.010689767323466689,-0.3164148117618898,-0.9485606969362889,0.7354216305881998,0.6402596987092144,-0.2218615412183452,100,0.22526783972102452
17.524394279035928,-0.5410419560846076,0.8013624106559674,-0.25513112029659957,-0.01290639732618973,-0.3112440740258234,-0.9502423645006922,0.8408965612155873,0.5108281640350936,-0.17873880430487304,100,0.2225621880089631
17.63061918306023,-0.37144069878915187,0.8844337100852606,-0.2825045481896667,-0.015389266001388555,-0.3100962163361346,-0.9505806157848748,0.9283291322451134,0.3487367905438633,-0.1287931409128629,100,0.1628638243214643
17.73684333139002,0.3158683713070969,0.9020647482868424,-0.2941196387628641,-0.01347965640586968,-0.3056924267118943,-0.9520348938532521,0.9487072630010702,-0.3046823430216935,0.08439904608364616,100,0.15546288756395743
17.84306651385533,0.45402609172318226,0.8479119224178892,-0.27368902034274595,-0.014273189466669736,-0.3002135722176429,-0.9537652159304043,0.8908740562487052,-0.4369407086526977,0.12420238735651304,100,0.15452307003493249
17.950828939288144,0.4395144180434855,0.8568356979742491,-0.2695545640661229,-0.00989584540187477,-0.2954562485500265,-0.9553050180107541,0.8981810221640615,-0.42253779933838614,0.12137816753681568,100,0.18242792941334185
18.05808074704396,0.9888035399743307,0.13841310204501853,-0.055761747789207505,-0.014252122386506022,-0.2843739490708544,-0.958607497413476,0.14854102578652123,-0.9486692101423565,0.2792172870474993,100,0.2181121052426862
18.163792366547263,0.21575951079435574,0.9245744120306646,-0.31402227647084363,-0.0020406970682888483,-0.3211693320708961,-0.9470195856964153,0.97644440141631,-0.20496930686150347,0.06740856167772066,100,0.14717648966957544
18.2659129489518,0.14538318171033063,0.937876892245713,-0.31504073620296175,-0.00010736929537839142,-0.31840889654869653,-0.9479534603926904,0.9893754186089401,-0.1378503158870688,0.04619059928405292,100,0.14120437271490485
18.369061445248807,0.34590763949995895,0.888738752152493,-0.3008177776628174,0.0007976518693180582,-0.3208878866302538,-0.9471168502172606,0.9382682285397188,-0.32737500612661197,0.11170647553539137,100,0.11551802784290811
18.474775682022113,0.20967664887864765,0.9271965567698205,-0.3103904767050841,-0.004707991482599081,-0.31648601892994055,-0.9485854914756378,0.9777594477841778,-0.20035754274812412,0.06199449437420667,100,0.1210692899979728
18.57843664229488,0.49190684517153394,0.8194259277712285,-0.29422577142332407,0.001049489343537324,-0.3384967195218197,-0.940966986373637,0.8706472042368862,-0.46255931486591867,0.167368832179906,100,0.1444626774053149
18.683124284344007,0.6028361968212104,0.7519502048125493,-0.2667572103702244,0.0039043509912995433,-0.337115002011661,-0.9414553794322994,0.7978554228965771,-0.5665018666350916,0.20616100323165218,100,0.15573584730003615
18.79089147109353,-0.9594145572671148,0.26055155170926814,-0.10787305597710133,0.009349658256976617,-0.35292900038561004,-0.9356033906401217,0.2818444450302755,0.8986400890171251,-0.33616915268487874,100,0.17019179714216737
18.896604485375562,0.9629293609041113,0.25521361071004267,-0.08736737844952468,0.007590806956853768,-0.34938617500077757,-0.93694806706032,0.2696468534185843,-0.9015516145105997,0.33837148345389234,100,0.17651172504876425
19.002317159520018,0.08176080971745205,0.9380631859108158,-0.3366788220740898,0.009546336460373813,-0.3385314201933503,-0.9409066611529854,0.9966062599916439,-0.07371524116981078,0.03663366982360215,100,0.20264798268715223
19.10700391832266,0.0561344320691497,0.9405776518414233,-0.33490686226583677,0.008609577009149239,-0.33587931140716915,-0.9418656822245779,0.9983860980201985,-0.04998768873552865,0.02695237011623201,100,0.20251744025962687
19.21117777699177,0.10777742557940091,0.9344894398216403,-0.3392838242494235,0.010308724900016211,-0.3423038331187315,-0.9395327647416876,0.9941216005732963,-0.09776283902414326,0.0465260204565893,100,0.18479673872479072
19.313812930277237,0.2974118955927374,0.9002650270192435,-0.3179135817891012,0.01608425171479516,-0.3376584177254229,-0.9411312819080764,0.9546137759359592,-0.2747902364808559,0.11490371938316674,100,0.19882763593261216
19.415421235141153,0.30515280700470016,0.8987005775014404,-0.31499053378749303,0.015916246147498342,-0.3355338659829029,-0.9418936765299678,0.9521703825921728,-0.2824080324232031,0.11669304065423354,100,0.17340996075905227
19.515490668260313,0.28151417270396567,0.9108788987595547,-0.301743935086329,0.01746639503717723,-0.3192739117610609,-0.9475015009556427,0.9593980902686887,-0.26146472240700325,0.10578990181213731,100,0.16604577943093377
19.61709950976358,0.1628135624715261,0.9337478563586324,-0.3187580345983286,0.017045797276651155,-0.3256825550561403,-0.9453255069695875,0.9865095968466469,-0.14847832864685312,0.06894201369051596,100,0.14907763638986096
19.72332469155687,-0.21715483281680625,0.9256355374707196,-0.309907454501496,0.0036913753901306125,-0.31670252825279643,-0.9485177290625705,0.9761301923063511,0.20711919362912407,-0.06535661633214612,100,0.16029952259384755
19.82749683045847,-0.6399514626224139,0.7299048644361942,-0.24021035439758703,-0.0011689296020986895,-0.3135291993536381,-0.9495778402828555,0.7684144448740008,0.6074029387688603,-0.20149667710395036,100,0.1701234153564044
19.93320826181766,-0.15723310142264296,0.927898054837201,-0.33805761586799915,0.007374943309039039,-0.3412027040002517,-0.9399608103501471,0.9875339801891404,0.15028610917930973,-0.04680516381275965,100,0.1522499410219182
20.03686666042459,-0.4824870121287324,0.8012906821627193,-0.3537506548492772,0.021348636642353425,-0.39299157940390256,-0.9192942152712259,0.8756429174273045,0.4510996133858133,-0.17250686931994502,100,0.225362687226784
20.138470432547074,-0.4941067472714131,0.796710126177165,-0.3480107715971298,0.01966771109225357,-0.38994225952074446,-0.9206292496875428,0.8691787522950936,0.4617336993187981,-0.17700363688953494,100,0.22775816339567598
20.23802243532485,-0.9051174535090504,0.3860378538810209,-0.17814929335876525,0.019117027151010962,-0.3816389023782002,-0.9241137849120477,0.42473160304620544,0.8398372006302759,-0.3380481353465842,100,0.23543955978800407
20.33962896274791,-0.5863901410950054,0.7431098924321271,-0.32238841510837857,0.01582872639946958,-0.3874082737493267,-0.9217723584763959,0.809874097528221,0.5456212213615589,-0.21540990913319275,100,0.22118280279487826
20.440721751020916,-0.002862830291066894,0.9220010582494504,-0.38717677201714734,0.011140553944852756,-0.3871249248706961,-0.921959966919204,0.9999338439419513,0.006952778635298315,0.009163329565292507,100,0.24452783648935045
20.543866837679733,-0.3163632675884073,0.870516516933983,-0.3769817988522949,0.014281187154127253,-0.3929771465314947,-0.9194373333715751,0.9485306165929778,0.2962599467513125,-0.11189152486517882,100,0.2599536067333074
20.654709103412788,-0.5654071412680113,0.7610804159585559,-0.3179172298688557,0.009489081771088509,-0.3794144236933577,-0.9251781733377517,0.8247573715525536,0.5261190887411223,-0.2073016703549066,100,0.18657328376271579
20.766064079272713,-0.3714130523231892,0.8599390414093184,-0.3500816899296428,0.00588383337012696,-0.3748656077109784,-0.9270604924493069,0.9284490966492696,0.34638218951831445,-0.1341702415428026,100,0.18627892412519648
20.878445773434592,-0.424111990438981,0.8401753259321553,-0.337985859557293,0.002765160531298383,-0.37201044033180664,-0.9282244266185692,0.9056055286122772,0.3946056943062681,-0.15545086866256597,100,0.1640086151646493
20.99134168338102,-0.7168824638334422,0.6431285480348312,-0.26919361758909394,0.005355467742539144,-0.3810189719330363,-0.9245517086633667,0.6971734734005247,0.6642365645835089,-0.26970156517333366,100,0.1520277617995334
21.108342327405612,-0.15589191233449337,0.9218855696927417,-0.3547177865021485,-0.012165713588459668,-0.36087290025949154,-0.9325356536193062,0.9876991986842848,0.14105937136749283,-0.06747256233336289,100,0.14105948179384872
21.22483142920423,-0.0291211147520824,0.934102725765983,-0.3558146404972073,-0.013759848188671635,-0.35630649526376473,-0.934267813857824,0.9994811790391156,0.0223109647799825,-0.023229154034652692,100,0.16033026404401465
21.34131821042198,0.003767702961733156,0.9331068904756726,-0.35957938673012557,-0.01360510759169348,-0.3595008261024596,-0.9330455814584128,0.9999003477656214,-0.008407554844911415,-0.011340527312220319,100,0.12981791213782096
21.45626546029628,0.10993313223195705,0.9252918603967041,-0.3629733867947862,-0.009659218212065713,-0.36417498699804757,-0.9312804509644256,0.9938920494405834,-0.10588461610913216,0.03109730101180759,100,0.14300863402943212
21.568646906829528,0.12299147397430046,0.9252070780104038,-0.35897765965179446,-0.007987410288655704,-0.36078938226639046,-0.9326131153488659,0.9923755834393093,-0.1175707635566216,0.03698400938518332,100,0.13785875114492996
21.682055459781612,0.08839166636322417,0.9271141882581174,-0.364206253718994,0.0025610865726416747,-0.3658477562088695,-0.9306711879673202,0.9960825036878722,-0.08133081339460102,0.03471231250540202,100,0.11906869543572597
21.794949317269552,-0.484155729920384,0.8119643379447281,-0.3260477619785783,-0.006870656509250228,-0.37615020501540464,-0.926533225171122,0.8749548692729197,0.4463462077500474,-0.18769400513271425,100,0.19196455883085836
21.907844215047007,-0.4423131112353015,0.832394971392032,-0.3338827986443833,-0.008455769459484813,-0.3761333522474535,-0.9265269565910865,0.8968208358374575,0.4069917848413542,-0.17340725324926023,100,0.1917811139342788
22.0238187717697,-0.41379976100694954,0.8450117653639719,-0.33871060536548747,-0.009506232550483718,-0.3760495111393006,-0.9265508063320593,0.9103182901234533,0.3801866404390831,-0.1636420761856675,100,0.17868577179528958
22.144410751242035,-0.35875527521531225,0.8663607236425679,-0.3474388421502576,-0.00832192197986624,-0.37517052575558646,-0.9269184549995959,0.9333945565085253,0.3296455264883826,-0.14180419156869273,100,0.17848322396272742
22.26397624398892,-0.40655596161718754,0.8426032985666414,-0.353174080756416,0.0015131637022102735,-0.3859415990469286,-0.9225219739717369,0.9136246277378551,0.37559121844062765,-0.15563186120184544,100,0.19791036216283225
22.380976310075486,-0.5066612234604974,0.7918838461018454,-0.34090230114280656,0.003602464513137338,-0.39346368972975815,-0.9193330991069973,0.862137707614592,0.46701852120359577,-0.19650006097165218,100,0.16969896061924164
22.49130597121299,-0.075775612414466,0.9178954219450588,-0.38952028308615116,0.012736383772879976,-0.38972057186742237,-0.9208450794741312,0.997043550248234,0.07473867964870598,-0.017840646646507974,100,0.19560923979080683
22.594451031783798,-0.011053624493651418,0.9194787731277246,-0.39298422761363816,0.012811761709763926,-0.39284574885101275,-0.9195151311270409,0.999856827824587,0.015198795255590515,0.007437773546772107,100,0.2218242492400259
22.700162238633194,-0.2222576497904753,0.899821705937152,-0.3753963700330199,0.00823949096308034,-0.38327945564624255,-0.923595674344672,0.9749531516428283,0.20836927893495616,-0.07777271821045388,100,0.22478889868221424
22.800739782234846,-0.3208317323912561,0.8746529992182029,-0.3633856497571523,0.00897850914936367,-0.38084192719089954,-0.9245965676266468,0.9470936521085337,0.2999025799357583,-0.11433309531188192,100,0.22426499038807024
22.89823868856638,-0.44812635800454825,0.8250619735047128,-0.3441736584023946,0.008804018698516323,-0.3809028016281562,-0.9245731690713168,0.893926874255571,0.417355718288764,-0.16342872420518426,100,0.21948094277795152
22.993684395194055,-0.43072930266719667,0.8339263305855679,-0.345020496463501,0.007513131455145539,-0.3789754837542135,-0.9253762129906936,0.9024498992628722,0.40117883527094256,-0.15697044769981938,100,0.23055783797118665
23.08861805301285,-0.4792951643857124,0.8077994164577449,-0.34312716034583995,0.011087841660627375,-0.38535515798179343,-0.9227017188583405,0.877583731141241,0.44605101164256306,-0.17574211176853521,100,0.16954594839512896
23.183040226977177,-0.24364883352556144,0.8865955951089551,-0.3931710781009088,0.016519844746887474,-0.40153543393909863,-0.9156944850881644,0.969722816402281,0.22960301832671426,-0.08318721851396726,100,0.20829945639350805
23.27387132781751,-0.03609479954034517,0.9120844314415472,-0.4084105230868714,0.01892352137955747,-0.40797974994571623,-0.9127948422141903,0.9991691877678874,0.04067571211645286,0.0025339019475348647,100,0.19436183720563635
23.364188968426387,-0.11691951370779621,0.9064959250002377,-0.40570305060757916,0.018387286170741347,-0.406458980913974,-0.9134839924933819,0.9929711652518455,0.11426388227404671,-0.03085498640503801,100,0.1988027804983228
23.45502026547854,-0.6925871558991166,0.643243002876211,-0.3264375449214869,0.02298758490634686,-0.4326350002029159,-0.9012760551238429,0.720967823431633,0.6317162304786998,-0.28485084118892084,100,0.21965785873581398
23.546879736514132,0.44888663092706366,0.8142707440360208,-0.36805427314728345,0.014041261065840499,-0.4182598665124447,-0.9082188761816576,0.8934783912119146,-0.40251936533788907,0.19918465042606062,100,0.2664863977208061
23.640791672858345,0.7558275507425829,0.5979466458889551,-0.26680427696837444,0.015053772002841494,-0.4232387824945201,-0.9058931045885286,0.6545976607710685,-0.6806825557208771,0.32889688482918206,100,0.24253717755624576
23.735730449468992,0.7363724863151215,0.6175384028038965,-0.27640890445225985,0.016176150307564197,-0.4244933348620401,-0.9052865517718305,0.676382948897526,-0.6621568769710969,0.32257460644100694,100,0.2547133954791693
23.832206495014894,0.7341097737615679,0.619180958332552,-0.27874321678943514,0.015276183080827177,-0.42545731772677026,-0.9048495504907008,0.6788589531693757,-0.6600007663867706,0.3217910969412529,100,0.22015977493630676
23.934326195178297,-0.6176304398774886,0.7002590186336286,-0.35800830515367593,0.01892062969220862,-0.44184822966769743,-0.8968902673747621,0.7862408342923879,0.5607204729290605,-0.25964957486855317,100,0.2125189336645288
24.037988009306982,0.981119346904673,0.1806617813550401,-0.06903729345051082,0.016053299036235195,-0.4318004978154058,-0.9018262702297051,0.19273587813222912,-0.883690924952832,0.426548040010275,100,0.19196085983338834
24.14729338030297,-0.5887587555616511,0.7280787668237108,-0.35109035453848714,0.006014454310187515,-0.4303937352307679,-0.9026212156898696,0.8082864307217131,0.5335377605892317,-0.24901908347871882,100,0.11957894022711645
24.255059781188763,-0.4359628691229491,0.8152278837812559,-0.38123467084149315,-0.004245807606152063,-0.4254691091349685,-0.904962988353484,0.8999546376700651,0.39291161178747513,-0.18895003429137175,100,0.10471226427132596
24.35872119438099,-0.24215696501551703,0.8799407356784189,-0.4087350070500407,-0.004431248711492822,-0.422271980725608,-0.9064583489211895,0.9702269674304722,0.21769399621439928,-0.10615533751476915,100,0.11255680628446312
24.464948367770347,-0.24684667768200233,0.8816519153333003,-0.40218977847091103,-0.008928143303545634,-0.4170846885788508,-0.9088237732422246,0.9690134188825813,0.220749321045855,-0.11082748433166309,100,0.11192492718355555
24.573741372205927,-0.06546658085450752,0.9088065738969097,-0.41204943639444686,-0.011084768244424162,-0.41357214478206183,-0.9104038713523426,0.9977931923520965,0.05503355614646675,-0.037149064506203325,100,0.10628763847325523
24.684072586259916,-0.026656638765592537,0.9033144042188214,-0.42815010304858797,-0.011224325451652951,-0.4285457672460929,-0.9034503527552652,0.9995816315478573,0.019277253597268156,-0.021562684570120838,100,0.10747909394180447
24.798508954287822,0.11279571775570374,0.8997561017332908,-0.42156385453414724,-0.012495322832098485,-0.4229534454389009,-0.9060652569758342,0.9935396282802702,-0.10746785745084333,0.03646459449422079,100,0.1200603805332616
24.91602345277009,0.1780901801530915,0.888493223479317,-0.4229227820351745,-0.01617064499510722,-0.4270928252870341,-0.904063177454309,0.983881292622988,-0.16784370831124812,0.06169352970001823,100,0.09246943647454305
25.03815537948863,0.43991400968271643,0.810283366248501,-0.3871905609204239,-0.02124237036888671,-0.42164115980690037,-0.9065139238080148,0.8977886309070672,-0.4070130203540049,0.16827351388832562,100,0.09747440415357755
25.16182798299721,0.36571665327198516,0.8407516371590907,-0.3992342847675376,-0.015477410876755887,-0.4233961719800537,-0.9058124150756541,0.930597538827656,-0.3374497979951174,0.14183037249109862,100,0.10594641388584469
25.28652623158605,0.4102726658201608,0.8228037133178844,-0.39328156457062585,-0.012811716042304635,-0.426004548022869,-0.9046303029392077,0.9118729075988989,-0.37618369769852056,0.16423649403527263,100,0.10978645370983285
25.410710305373684,0.3799333287181619,0.8313531351954269,-0.40558923842956135,5.939362261647707e-06,-0.43847046862954203,-0.8987455969875535,0.9250138732439969,-0.3414609973928563,0.16659448239847155,100,0.10838381529517266
25.52822367265095,0.3072312068910175,0.8568137222456663,-0.41410050819072297,0.001474084831397715,-0.4355743679388374,-0.9001515411688147,0.9516337596923508,-0.27594422510030636,0.1350850548639369,100,0.11092917981817554
25.642657868729376,0.23166053537297518,0.8769585233696537,-0.42104292493761625,0.0007155732524379426,-0.4329704807812824,-0.9014078159894917,0.9727964249038064,-0.20851933018629634,0.10092970144130714,100,0.11522540689541014
25.750934696460472,0.0770448354145656,0.8983602072503957,-0.4324500333737629,0.0049137529680668285,-0.43407613113633586,-0.9008627905566305,0.9970155206252868,-0.06728187279451095,0.037857644215560156,100,0.10555312475944266
25.858698424115165,0.5643835534037808,0.7425214000855502,-0.36073976085582266,0.014065384818524818,-0.44557474590081725,-0.8951342417566928,0.8253928577333516,-0.5001251005802615,0.261918907626683,100,0.10363433518046684
25.965945603939726,0.5120033135060459,0.7723309452790821,-0.37597542196684786,0.013559249061104922,-0.44491033478218067,-0.8954724679011115,0.8588764484625996,-0.4533869263315028,0.2382677932661983,100,0.10512564129356515
26.071656846635463,0.9793071350203851,0.18311328673708077,-0.0861803894079663,0.005634260883791958,-0.45033858270305677,-0.892840084244259,0.20230123677935943,-0.8738791021356134,0.4420514952448366,100,0.12768271773780157
26.18044751451841,0.8974628702918452,0.3956154670097712,-0.19506101278872465,0.0019123931622555823,-0.4457107019398765,-0.8951750180432068,0.4410858637498094,-0.8030133077595311,0.4007653781967468,100,0.13116632326034464
26.289752427688853,-0.9540204992843697,0.2822217644485413,-0.10097406903138119,-0.03557657937075007,-0.4411045720348886,-0.8967502793588606,0.29762256961708866,0.8519258372660555,-0.43086328905239923,100,0.1675469843846944
26.399058066006464,-0.9149080285307346,0.37692436690264797,-0.14446910038150987,-0.038005805089480475,-0.43674104828288995,-0.8987840761407953,0.40186920522665726,0.8168141027062404,-0.41390320548492304,100,0.18253838120179564
26.50579970267526,-0.912880652009493,0.3811290769068585,-0.1462516390432907,-0.038592090467029216,-0.4372280619150551,-0.8985222715255251,0.4063982846175752,0.814599440590362,-0.41384560605346726,100,0.18033957965056885
26.616132772300084,-0.7178604588049744,0.6413117476874797,-0.27091623052586217,-0.04360345023839915,-0.4297958529547977,-0.9018726428438583,0.6948201931518824,0.6356058267990378,-0.33649685307219823,100,0.15951239108677992
26.7249258196857,-0.7209597055095447,0.6383026888129165,-0.26979025276275587,-0.044397051878553605,-0.4310663823763945,-0.901227316368862,0.6915533275287479,0.637770688758216,-0.3391202496825975,100,0.13614774972808802
26.83063949271738,-0.9954431418618872,0.09491776214270693,-0.00914164919230407,-0.03594703136014442,-0.46232203558857843,-0.8859831524050703,0.08832192398565285,0.8816172377166033,-0.4636273114306564,100,0.21638027417715966
26.9378931902922,0.9553541486368992,0.24399162504813876,-0.16663294268731496,-0.03305734608936176,-0.4721636094195838,-0.8808908773562132,0.2936080083236724,-0.8470711970349596,0.44301774750224976,100,0.1992213086973715
27.04360499188728,0.9831813687595802,0.14240065905076885,-0.11435229960934487,-0.033982926197410716,-0.4725566835505235,-0.8806448441674951,0.17944234965888078,-0.8697196290377937,0.45976973586270653,100,0.16040817470384713
27.148291778082566,0.9887568627212912,0.11239962500741378,-0.0986214516205389,-0.03431353516523574,-0.4713842497108425,-0.881260160468525,0.1455419105481774,-0.8747360821543484,0.4622275833950711,100,0.09982642794108483
27.256058930626104,0.9914854672275392,0.09473075499599283,-0.08934569007219882,-0.034366353421463144,-0.4714423967492758,-0.881226997033006,0.1256006450186436,-0.876794246448497,0.4641727344057523,100,0.10404654552441024
27.36485215779328,0.9862975595494139,0.1253380333172809,-0.10727302284836772,-0.03551602097675281,-0.47367287416282233,-0.8799844433490345,0.16110784053189064,-0.8717364198463244,0.4627308915910668,100,0.08147183747423026
27.479289574459955,0.9774866532739367,0.16681772649486537,-0.12919631882682567,-0.03391723426249732,-0.4801219260791293,-0.8765458101651333,0.20825336465781624,-0.8611938122311095,0.463654778777861,100,0.08983736953684536
27.594753251712913,0.9909200085764848,0.09668600989160904,-0.09343100178216468,-0.03647736758075205,-0.47551141682493553,-0.8789529533049657,0.1294099619703131,-0.8743801850227292,0.4676669261156491,100,0.09469911177850728
27.705599826996625,0.9463337638192589,0.2652344869247487,-0.18467017734718388,-0.030712069013441576,-0.49500921585323404,-0.8683447731386883,0.3217284200573345,-0.8274155806885267,0.46029803449643325,100,0.12916651601594792
27.815932744721078,0.955695095516856,0.23937313706541055,-0.17131078674879643,-0.031756271723399246,-0.4947396895302276,-0.8684608101749691,0.29264043399922895,-0.8354239288259574,0.46521869645763897,100,0.13489523492057523
27.93088168538155,0.9661645744795933,0.20649933451046515,-0.15454462095913127,-0.033183532350163,-0.49468377003034,-0.868439301764571,0.2557828536110899,-0.8441836248798628,0.4710935568263092,100,0.13406961604398615
28.047882474103982,-0.6245955058612255,0.6937864054057244,-0.35852597915934,-0.028814784594058562,-0.47925150706009756,-0.8772044808192805,0.7804166593857143,0.5375671275802019,-0.31932964331300845,100,0.1119886013791264
28.164882762565522,0.9979525889809452,0.03906938867296119,-0.05063805895716822,-0.024849916085207577,-0.49268086442221404,-0.8698551876621408,0.05893311307564445,-0.8693325880817429,0.49070127316149514,100,0.08475579073704805
28.282908616822375,-0.9707643729262299,0.21887133465870523,-0.09854882608058237,-0.02180955369330108,-0.4892900696546957,-0.8718483647429764,0.23904157718866154,0.8442100251726582,-0.47975885377253547,100,0.10171422526543986
28.39580375126471,-0.8546064704914784,0.46181884825851877,-0.2374260558305953,-0.021695162441158433,-0.48858015598352444,-0.8722492482689606,0.5188228026221954,0.7402788546029734,-0.42756299758861305,100,0.09906299751779513
28.504592800928933,-0.7846995547076142,0.5495923217407842,-0.2866965097890908,-0.022541154591163848,-0.48749951573276873,-0.872832239614242,0.6194663067442565,0.6784485994118422,-0.39492909840215684,100,0.1300886464454282
28.61132948195063,-0.12392229807902053,0.8694593418918211,-0.4782088631924921,-0.01751000701069808,-0.4837645761677158,-0.8750229908406725,0.9921374217785053,0.10006141934987539,-0.07517345717996944,100,0.15369967858341724
28.71498832523248,0.295011769201581,0.8353485220457181,-0.46385439822059205,-0.01653271737685909,-0.4809251322835829,-0.8766057759301813,0.9553505771645768,-0.2662777945192816,0.12806799310232536,100,0.15355226623460075
28.81813327523248,0.492319495791307,0.7610456985410451,-0.4224108885859431,-0.014286103698213478,-0.4781680206596981,-0.8781521800118192,0.8702973177626812,-0.4383660442490492,0.22453906106627317,100,0.16295636591984056
28.920253254062313,0.5087038213314969,0.752759645398299,-0.4178197439357787,-0.01281853118081902,-0.4786294178851065,-0.877923439482812,0.8608461578128226,-0.45195884391700025,0.23383134089362323,100,0.14975744910816663
29.023396728128006,0.3901733628853323,0.7999381315403352,-0.45592075254643577,-0.006613535010571769,-0.4927193647850545,-0.8701631391414351,0.920717659247076,-0.3425297261166831,0.1869555526776761,100,0.19951379002020148
29.126027222775097,-0.6747706591942111,0.6294282483335311,-0.38536299470809665,0.002637461971228994,-0.5200927340341501,-0.854105726358999,0.7380227647471046,0.5773418642404737,-0.349283223917746,100,0.28820206794314046
29.22711850480836,-0.7298099817064929,0.5847327641826942,-0.3542103684152035,0.0007390661726647818,-0.5174413813271673,-0.8557183360612448,0.6836496503200751,0.6247735680880705,-0.37720172883450626,100,0.303210402053293
29.322053825345655,0.9877022209120323,0.13388572359879283,-0.08073992706131627,-0.0011317430820627083,-0.5102795447178885,-0.860007851940958,0.15634270677916265,-0.8495230422177683,0.5038527153623693,100,0.2901552108795018
29.41698986559334,0.8208090530577855,0.4914681245263037,-0.29108689594857934,-0.00263993853837724,-0.5063340739310082,-0.8623333672663619,0.5711965766204268,-0.7085794861206653,0.4143061461118806,100,0.2637141545908162
29.511411953284345,0.3007361273499439,0.8374299403505738,-0.45636485043328295,-0.005452701627173498,-0.47699902793908283,-0.8788869070535384,0.9536918001909859,-0.2668014661683936,0.1388845848136941,100,0.2933716049409599
29.60737659470591,0.8385587111781038,0.477302411684123,-0.2626817384361499,-0.011688850988843673,-0.4662790144343347,-0.8845604849080171,0.5446858348349795,-0.7448263478816157,0.3854232126266607,100,0.27273188400802395
29.7002623061905,0.793905049937039,0.5317285404496355,-0.29492292375427154,-0.013775054940532105,-0.4691843854124026,-0.8829927861237438,0.6078856961188123,-0.7050750114395535,0.36516326307236985,100,0.25531870995588635
29.793660090954848,0.6044235487045277,0.6949627446627517,-0.3894855033274543,-0.008562385962347346,-0.4832009221403223,-0.8754676204117284,0.7966171347128164,-0.5324881711113941,0.2861074768480991,100,0.12304963190880483
29.88859695071957,0.12152158463361583,0.8540528932728009,-0.5057926056799297,-0.0024407193562205744,-0.5093104803650905,-0.8605793847631401,0.9925857884118426,-0.10581346834235524,0.059807713216626784,100,0.1832247434075249
29.987125388137915,0.560621895711215,0.714861651179385,-0.4179424717855875,0.011791101854683989,-0.5115578810103663,-0.8591679139104511,0.8279879588292429,-0.4767403423765049,0.29521955555910745,100,0.22906180319440558
30.08821927023947,0.4988534123712704,0.7534020827235519,-0.42840468568090323,0.008767053414792418,-0.49866318225209083,-0.8667515038583089,0.8666420320639667,-0.42862609861513595,0.2553649463924255,100,0.20917356806487752
30.193933287602732,0.7486484790905678,0.5729721587280606,-0.3335091604107534,0.015573915552586748,-0.5181158622051745,-0.8551686421319187,0.6627842091584112,-0.6350266597977559,0.39681007224661624,100,0.18003949302445524
30.303753012282783,0.7145723448583555,0.6042020543414085,-0.3525992647372552,0.015087364990695212,-0.5172220673621912,-0.8557182389380388,0.699398838561567,-0.6061527947334752,0.378708402409464,100,0.17440955222769303
30.41613803746155,0.5943282344965078,0.6950535485493382,-0.4045670702482305,0.012040930978558241,-0.5106876818221722,-0.8596819805115526,0.8041324304251344,-0.5060619095368359,0.3118852001209705,100,0.14362536705140827
30.529036293375963,0.7431606920948565,0.577066713310274,-0.3386830289730678,0.015267059700952379,-0.5206593686440694,-0.8536279861457489,0.668938788390374,-0.6292120709525821,0.3957436887107379,100,0.15107888976575845
30.641934547905258,-0.9970352572677406,0.049818238733880686,-0.0586416136758204,0.02251525178362108,-0.5398694417790724,-0.8414475915173049,0.07357825223644719,0.8402732465826858,-0.5371471975866792,100,0.16914148869000398
30.75688522927781,0.9728590452231065,0.20559415720313223,-0.1061900214310146,0.02086777795257655,-0.5349854118791244,-0.8446035430424418,0.23045566595531464,-0.8194642466883211,0.5247556902298774,100,0.14647045201292286
30.871322383448618,0.91930718340138,0.3427251887726578,-0.19342633617831767,0.02019613158286329,-0.5319412253283204,-0.8465404001376974,0.39302216071833557,-0.7743242071490154,0.49593911260087137,100,0.14501065949635233
30.98678455398729,0.8881394317940824,0.39863571842418494,-0.22868737107439557,0.01996548889092784,-0.530605113042331,-0.8473839703857287,0.4591402061961364,-0.7480292628031133,0.47921028061217585,100,0.15650256259773146
31.100706538114274,0.9343680304408278,0.3114453842334646,-0.17308424633627892,0.021194283179442358,-0.5334901246593677,-0.8455407082166073,0.35567848691007126,-0.7863778096631427,0.5050769787059796,100,0.14542903527925424
31.216681424032277,0.9583478942172494,0.2517172631193895,-0.13493603335302143,0.021579164871524628,-0.5349270555997442,-0.8446226286518943,0.2847870314687999,-0.8065305106659464,0.5180780656157106,100,0.1545727475725575
31.33008972396467,0.7785607071219196,0.5421213410402852,-0.3161450251300808,0.01978036754331866,-0.5247090944429913,-0.8510517629784146,0.6272574928892184,-0.6563419975877659,0.41924124298169096,100,0.1702775598699059
31.444010433459002,0.8047873564179991,0.5130663550974514,-0.29846310696088496,0.020041667546674326,-0.5260346204000997,-0.8502269754027283,0.5932247824490117,-0.6782702215249753,0.43362871685438903,100,0.17937556022732842
31.555366186020287,0.351760375658879,0.8094219737261658,-0.4702134691451987,0.017169039439518724,-0.5078106729297621,-0.8612975934851708,0.9359326162716248,-0.29489725144168527,0.19252467086347885,100,0.15885620432967174
31.666722533635937,0.3194892431988622,0.8096949659485351,-0.4922607902299542,0.025106168977547083,-0.5265377784545341,-0.8497809412662977,0.9472572532102825,-0.2591370872294521,0.1885514949894224,100,0.21390837819364247
31.777565194000076,-0.07067084071764375,0.8593663436806043,-0.506453472316353,-0.014775920652647333,-0.5085691082062739,-0.8608943804829615,0.9973902468147201,0.05335681331662182,-0.048638935345739986,100,0.14818567587347298
31.886354424719116,-0.23401459296055746,0.822486651269431,-0.5184138103533722,0.0024780736620960415,-0.5327133464185875,-0.846292118419187,0.9722299262172657,0.19932937322709748,-0.12262451441886585,100,0.12048613224099816
31.99206573446002,-0.42852693023295924,0.7630903186072067,-0.4837952415155282,0.007960397663681423,-0.5322412858555403,-0.8465552821286257,0.9034939413931632,0.3666229388333372,-0.22200522198149894,100,0.09552810129178825
32.09418340695934,-0.14752563957452317,0.8344701278952478,-0.5309385946779691,0.013317998322867982,-0.5350876037079697,-0.844691592996364,0.9889685619820279,0.1316847068134785,-0.06782566920162489,100,0.10602798427651854
32.1952743275688,-0.1950845922630086,0.8233046387305515,-0.533021081859181,0.013079874603873054,-0.5412306930597347,-0.8407724149675857,0.9806991989095957,0.1709935926718754,-0.0948170476404013,100,0.09710199224429306
32.29328703125989,-0.15372974527144903,0.825888101626373,-0.5424721274044972,0.013114779245385254,-0.5472443447760091,-0.8368701390753654,0.9880258943894742,0.13576623550302253,-0.07329639358943672,100,0.13373932328164687
32.3882213657894,0.060273432229880845,0.8375649494134191,-0.5430028258502223,0.01711151611558142,-0.5447789064197566,-0.8384051163586256,0.9980352245203854,-0.041241952356684645,0.04716770062609364,100,0.15055799248181337
32.484182862435425,-0.1276998508470124,0.8314131076366693,-0.5407818345170138,0.01674297175866974,-0.5433610505211501,-0.8393321402598858,0.9916715287787279,0.11623688410521109,-0.055466798926678246,100,0.15430834744450886
32.581170610543445,0.5865014567023672,0.6738142247899315,-0.44943345642791777,0.014628978691289707,-0.5636138041262697,-0.8259088768022564,0.8098160496485921,-0.47782200689070253,0.3404175310739596,100,0.21977030137332115
32.6817501172514,0.22302319999639308,0.8121248791074471,-0.5391788506591141,0.012930608426894016,-0.555525907531732,-0.8313986801930563,0.9747273729761975,-0.1784492835394975,0.13439643438410429,100,0.21262784943734978
32.78540909128185,0.74886022477689,0.5536520706495844,-0.36424956885703164,0.020951503347161032,-0.5691248095138632,-0.8219841760662445,0.6623967076115338,-0.6079196787909045,0.43779477599003375,100,0.28476341910534514
32.89163409019252,0.9880704015156776,0.1374572446042064,-0.06944341260671855,0.022021765799390577,-0.5723990267224595,-0.8196794471244586,0.15242022004879927,-0.8083717338656768,0.5685975874089471,100,0.1554362503228846
32.99888377815736,-0.6861090951263666,0.5711866090815703,-0.4505553985813238,0.037764000991067255,-0.5905232354109263,-0.8061365818947547,0.7265178523711754,0.5701124152706282,-0.38359307102744433,100,0.1786913736455956
33.109212367174536,-0.6693692800394612,0.5806505962311935,-0.4634540452254279,0.04090563391350834,-0.5940680673399358,-0.803374047677125,0.7418028687283351,0.5567117894057508,-0.37389903380867345,100,0.18296515806329272
33.21748726321872,-0.8632685343770646,0.39871890374804897,-0.309500683922393,0.028084194327321566,-0.57428954169923,-0.8181703980980208,0.5039630101341369,0.7149928377884932,-0.4845683917959335,100,0.25486595777904997
33.32524959782544,-0.28528549009299614,0.7865974223727773,-0.5476099745794459,0.02479371531892302,-0.5651059862216272,-0.8246456790750597,0.9581218402808086,0.2488367325235255,-0.14171386567281358,100,0.21829163076562594
33.42942158448122,-0.43475591675364084,0.7399222798829441,-0.5133247632644732,0.0231698013877556,-0.560634355562277,-0.827739258261273,0.9002502169682346,0.37175817287061297,-0.22659525094880129,100,0.2092147131395343
33.5325666548496,-0.39170531407055603,0.7562419927481263,-0.5240849123312271,0.022285396884383798,-0.5616363083816511,-0.827084045422916,0.9198208021210396,0.33565265604754824,-0.20314277361903305,100,0.17291279624110323
33.636738979205724,-0.660697810800724,0.6133465933292066,-0.4327636297733301,0.01787134091443812,-0.5635010563522126,-0.8259220148802551,0.7504392167104881,0.5534189334865564,-0.3613425882477068,100,0.2491961709601067
33.7450150809583,-0.6816032167399677,0.5994127762405794,-0.4196681767888646,0.015999001953430236,-0.5611895157745372,-0.8275326938080663,0.7315470503434641,0.5707632180373062,-0.3729185729746854,100,0.24971066501452702
33.85380425673142,-0.675479854717677,0.6056667229633315,-0.4205886191582519,0.014567710560097032,-0.5593111839110764,-0.8288297662131996,0.7372345269177395,0.5659848233361466,-0.36898025973421356,100,0.25583085278787965
33.96156750306629,-0.3783500365688271,0.7373425994593747,-0.5596223198290606,0.02422709282368956,-0.5964690804893745,-0.8022703309941558,0.9253455018541343,0.317097030958431,-0.2078104308153667,100,0.3734181376228493
34.071383349409764,-0.3826681304619877,0.7382562365376277,-0.555466318638696,0.022581897199050408,-0.5935746628949,-0.804462042291678,0.9236098526150632,0.32038546905642296,-0.21047088009954545,100,0.393148937411587
34.183251773989035,-0.3873644483525174,0.7377573790656022,-0.5528678266880823,0.022047065272185026,-0.5921029653270191,-0.8055606776424943,0.9216630138317551,0.32423468057134813,-0.21309425344049499,100,0.25710909409056065
34.29563393575374,-0.41023421890642864,0.7255454224514309,-0.5525321036808694,0.02329342120532238,-0.5973260789875338,-0.8016601349012749,0.9116826762458438,0.34173878229014804,-0.22814316231713586,100,0.2653787399457222
34.402884570465524,-0.65295267221949,0.6102220925277423,-0.4486444088947178,0.02080661536245998,-0.5776736977831854,-0.8160025635049559,0.7571128664859592,0.5421458260289057,-0.36449692827354485,100,0.30981122020702623
34.50808454983908,-0.5992535298105551,0.6472596844305771,-0.47111581157972154,0.020509928860819763,-0.5758774739122595,-0.8172787026826033,0.8002965386828274,0.4994196992022487,-0.3318213588981596,100,0.31390227723514474
34.609180076814006,-0.8908386429872257,0.3704262311394814,-0.2630416686467708,0.012515963289366216,-0.5587495593541534,-0.8292419915709036,0.45414740208837195,0.742013030347405,-0.49311945811440433,100,0.3332678209061517
34.71335428644667,0.3180362345675823,0.7612740168300456,-0.5650794853837123,0.02421786040178081,-0.6023547894932899,-0.797861017227972,0.9477691959225272,-0.24006369753451226,0.21000707699128762,100,0.2552302962772587
34.81804250204533,-0.08302060249451391,0.8327209686185933,-0.547433437035371,-0.014696233908049777,-0.5502931254341838,-0.8348421987470432,0.9964394614176859,0.06126389248806482,-0.05792352895709169,100,0.24394904519433966
34.92170466446774,0.03852942561715253,0.8345271442153481,-0.5496179845396144,-0.012417637187709583,-0.5495840582729444,-0.8353461349518027,0.9991803068757344,-0.03901036349505445,0.01081230279343865,100,0.22348545664918468
35.02536637023707,-0.03328796241638416,0.8344448543418371,-0.550085172151182,-0.011828511542570566,-0.5506805742337694,-0.8346322492428947,0.999375804126182,0.021276518136112484,-0.0282012748497476,100,0.21009044611265296
35.13056574932204,-0.3427605118187657,0.7757098846107042,-0.5298956561956191,-0.004480311788033459,-0.5654085380740321,-0.824798831157797,0.9394121344458033,0.28033437176028525,-0.19727514203707075,100,0.18308418663397605
35.23268584249106,-0.22840151420154473,0.7918966074984142,-0.5663325095232872,0.004622842138744837,-0.5808200922521838,-0.8140188264203261,0.9735560475088231,0.18854119833253224,-0.12899937554240692,100,0.2015761945694306
35.33583377768552,0.5048676651287233,0.7074317014566041,-0.49462008499623783,0.008180540611045258,-0.5769051825171103,-0.8167701568618989,0.8631579921791735,-0.40831458234933743,0.29704794626138,100,0.15407274495033788
35.443599777992446,0.6762000713953554,0.5977540814110712,-0.43063153809413757,0.010004050558862193,-0.5919232979313824,-0.8059322107587287,0.7366501085436233,-0.5406633587755346,0.4062385383739776,100,0.16434707077002572
35.54931415637877,0.8332310107683633,0.44914020240859603,-0.3224890095403207,0.009475768781597754,-0.5947554219581219,-0.8038508554809246,0.5528438228830358,-0.6667376295303737,0.49982461010667417,100,0.1376943816675958
35.65297541461647,0.6620330467824675,0.6091208831762185,-0.4366737851606698,0.011115259187130966,-0.5905554991130648,-0.8069204753137214,0.7493922177212186,-0.5293542784808134,0.3977377928647609,100,0.13710834066940344
35.7550973872507,0.3494460824678291,0.76358552020047,-0.5429775214390231,0.01398069579982067,-0.5836968857201545,-0.8118512707051371,0.936852163146801,-0.27610704254105956,0.21464604693865075,100,0.12340147699773892
35.86081135519104,-0.05092739583455173,0.8121647757352419,-0.5812011505567026,0.01569117132709574,-0.581233791046729,-0.8135853165389794,0.9985790842471589,0.05055350828945005,-0.016856906707159926,100,0.11341401517344764
35.96447168596411,-0.11982226641769875,0.7682648158990484,-0.6288177773585343,0.010634817315840622,-0.6323514693223972,-0.7746086236974542,0.9927383971274532,0.09950272306528428,-0.06759943025949723,100,0.23397797057117015
36.071723195439205,-0.08056504207715769,0.7685650310042854,-0.6346787117215196,0.008733229041212022,-0.6361798250206829,-0.771491387474395,0.9967110939011463,0.06769803065108482,-0.044541799922603494,100,0.24817366079252395
36.18410575676875,0.29595657566520506,0.7542619189955625,-0.5860875897625346,0.005786570440783567,-0.6149793634360412,-0.7885219706199286,0.9551838675998772,-0.2299768251388236,0.1863717762323668,100,0.19794010457169672
36.29340678229714,0.5388532133980997,0.6673103518968296,-0.514134329394441,0.004309658017974921,-0.6124969108058955,-0.7904612331423997,0.8423886521424123,-0.4237268324104155,0.33292180799269583,100,0.1903598195624398
36.403221813979066,-0.5734511885557297,0.6575080630474535,-0.48870940380926475,-0.00498471899936026,-0.5993294979826929,-0.8004869177096594,0.819224564402532,0.45660409533358265,-0.3469637058887892,100,0.19393702447866396
36.506367847320284,0.3265339998823702,0.7651041685737505,-0.5549695110110915,-0.021632947755223873,-0.5809506325618637,-0.813651263194122,0.9449378617095624,-0.27769042791756493,0.1731486752785586,100,0.2189721419874761
36.61053936284316,0.6344130587340756,0.6225761598029441,-0.4581691785276408,-0.023986234995555356,-0.5765793367363284,-0.8166890038315893,0.7726219848272584,-0.5291079225391683,0.35085620255009486,100,0.2163571032368455
36.715737227609246,0.8304187669489596,0.4442117680026125,-0.3362745554854887,-0.024798391309324624,-0.5735047682340499,-0.8188267952389434,0.5565875594077175,-0.6883082056613898,0.4652333852291329,100,0.2138191055884665
36.821961328509545,0.2779851957627071,0.779922584429608,-0.5607539507069125,-0.019574824338954966,-0.5790421518575523,-0.8150625820293033,0.9603858897281179,-0.23755199150673612,0.14569829835078743,100,0.17870685327958719
36.93075245409275,0.05472132865347738,0.809465925008312,-0.5846114029343218,-0.01853558842290299,-0.584564271632854,-0.8111356509808749,0.998329608973016,-0.055222536892003266,0.016984206398783497,100,0.1770332029528836
37.042620456488486,0.04633448225722393,0.8093859541303892,-0.585446404900051,-0.017533823657374808,-0.5853265939465186,-0.8106080085015934,0.9987720865051782,-0.04782421641184226,0.012929174091417988,100,0.18345226355116695
37.152434670001625,-0.16005577810614824,0.7965729629569106,-0.5829696926778302,-0.015456918253209662,-0.5925336119021051,-0.8053974189456776,0.9869869459992616,0.1198975956902139,-0.10715099147817986,100,0.1920140471613298
37.255579842278,-0.12609668031407764,0.8021289455804167,-0.583685516246393,-0.016904700816523385,-0.5900340372605481,-0.8072013788171587,0.9918739125030324,0.09191838519070666,-0.08796108321217821,100,0.1917045811174876
37.3623183107654,-0.3260260992094423,0.7579701953988667,-0.5649674021758058,-0.012980642753009534,-0.601153877287167,-0.7990278585483267,0.945271646431857,0.253170295867445,-0.2058307939604683,100,0.22067727887589078
37.47470200436563,-0.34007383617262776,0.7347223819939548,-0.5869691706963508,-0.0013265957410128484,-0.6245447104654822,-0.7809879286988546,0.940397802046864,0.26481489011518256,-0.21336599513209964,100,0.18957352958502413
37.589651753661414,-0.2747309442421165,0.7488553856218118,-0.6031073865416033,0.0011615068522749517,-0.6269840521600158,-0.7790312248163349,0.96152044137276,0.2147244973500099,-0.17138212001290684,100,0.19826895225719157
37.70152405836463,-0.012237444534661726,0.7922392684135888,-0.6100878514892444,0.0009986815861239304,-0.6101235505278518,-0.7923056580173952,0.9999246209521749,0.010305080047686757,-0.006675158339706524,100,0.19649290548530085
37.8118568887214,0.0446457680677005,0.7957603041919492,-0.6039638181762063,0.0005235643337681353,-0.6045851982866721,-0.7965403090196088,0.9990027433766304,-0.035245939978980456,0.027408802253374866,100,0.19074955638628147
37.91859762736884,0.40996572298630873,0.7015129492706101,-0.5829302599642291,0.011000415600178781,-0.6428635315202412,-0.765901736972797,0.9120345919058863,-0.30758098420899554,0.2712689464721112,100,0.24893472738360187
38.025851103914306,-0.9957829277296073,0.061300136671994104,-0.06825433382757919,0.012269288307261948,-0.64832220070136,-0.7612672255142597,0.0909165848824353,0.7588943387071354,-0.6448360700763991,100,0.17335653312897806
38.13310456691241,-0.9927454482197411,0.08278780799227013,-0.08719319862707482,0.012738911776756214,-0.6486849509732489,-0.7609504284167122,0.11955833373600325,0.7565408205963964,-0.6429244058251341,100,0.17374594142325744
38.23933050018033,-0.062448602130624566,0.7696405379322921,-0.6354160955336456,0.008879982244292851,-0.6362050683246439,-0.7714688956486686,0.9980086763186341,0.05381963776659269,-0.03289572287396575,100,0.19465461368191855
38.34914802747592,-0.0018370691002577253,0.7713494578589456,-0.636409175796383,0.010181197335790553,-0.6363628375668476,-0.7713226835667935,0.9999464827669182,0.00789638047339922,0.0066842185398706035,100,0.16210717082391415
38.45691423340946,0.1152825988364142,0.7648901859508016,-0.6337609374532882,0.011092575766666703,-0.6389662700868985,-0.7691547701562395,0.9932707975010558,-0.0816401195943818,0.08214629452526685,100,0.13531143274130542
38.563141352403,0.8813489069604478,0.37870828767019854,-0.2824962602399015,0.02805714262666892,-0.6388157426768283,-0.7688479977576056,0.4716321669980227,-0.669697304577343,0.5736450289984136,100,0.14957308677059417
38.66629032581358,-0.9214536604338261,0.272329008865123,-0.277056064008068,0.03399721349372711,-0.653901604990039,-0.7558153745896632,0.3869978567741233,0.7058679776856227,-0.5932816000267027,100,0.18150786064580582
38.769951075671614,-0.8063018452995463,0.42467361460440994,-0.41173979079677436,0.03507313291114961,-0.6605394146243614,-0.7499717041832331,0.5904635548569812,0.6191445734128106,-0.5176995147758259,100,0.10899140555002318
38.874126901721176,-0.9671636277681769,0.1706653903001954,-0.18832907814774946,0.03215976037505385,-0.6528667817972207,-0.7567897429526641,0.25211161602535953,0.7379961312767312,-0.6259404470759655,100,0.11100141405642648
38.98035397869617,-0.9826454880763527,0.1178855252021112,-0.14321608747277376,0.03201522817306239,-0.6527101205580904,-0.7569309900420712,0.18270979702307574,0.748379917868502,-0.6376085230005328,100,0.14308366360504582
39.08504053611695,0.5796031727014146,0.6305232089314198,-0.5162370048662527,0.028906457147069464,-0.6490076949522039,-0.760232483276025,0.8143860134663776,-0.4257105764385614,0.39439311122113807,100,0.17221193715126212
39.185107454059796,0.45669775065890317,0.6843857925582515,-0.5683689395872299,0.028657689603448586,-0.6498743665896194,-0.7595011813528229,0.8891602225525447,-0.3305743404956819,0.3164090770445032,100,0.21193985005717025
39.28312037497965,0.1351194361763051,0.7563518933251486,-0.6400582406553802,0.02803695523937843,-0.6486422737214048,-0.7605768402222299,0.9904325656541704,-0.08482342957573318,0.10884998248372907,100,0.21749882979900503
39.38164671545978,-0.3668662764578097,0.709451589784145,-0.6017371327670673,0.025125707511271356,-0.6390462292938015,-0.7687578394055129,0.9299343170461234,0.29715039723702774,-0.2166190374870977,100,0.22074901105167266
39.480170836077725,-0.5311002375317654,0.6457521219677832,-0.5485770088764274,0.023700740065869523,-0.6358591529880572,-0.7714411270353951,0.8469774569692115,0.42271424690376347,-0.32240014399896216,100,0.22058562052309214
39.57715722909507,-0.9853117791471389,0.10779433921115278,-0.1324427359575866,0.029710009244520684,-0.655544303245779,-0.7545720521147711,0.16816067680819607,0.7474236060735822,-0.6427129529263995,100,0.12462621685199762
39.669526218674925,-0.6120061396084673,0.5892738261391812,-0.5274512706486082,0.02658552650512855,-0.6512333028826062,-0.7584117582138723,0.7904060316457526,0.47817522211413455,-0.3828926247580538,100,0.13944113175857897
39.764461335752344,-0.6799491575589848,0.5461222573406747,-0.4893052453959113,0.025514110453226713,-0.6492767025744823,-0.7601241962086116,0.732815238175768,0.5293299949286204,-0.4275413233434393,100,0.14467826976321335
39.861962668064926,-0.8001984665493637,0.4456376199979565,-0.4013595965896467,0.02286393686871513,-0.6460735104932827,-0.7629326703122299,0.5992993029554685,0.6196742133423362,-0.5067980019649312,100,0.1565961856728595
39.95946365009107,-0.8172642814993385,0.42724498771688757,-0.3867050745156655,0.02252870960460721,-0.6468551931920911,-0.7622800117305805,0.5758224999328536,0.6316961924146915,-0.5190263664399524,100,0.14953769001713962
40.05490985976131,-0.8080964072365199,0.4370734887037211,-0.3949012054726938,0.022094574554064883,-0.6474410181522037,-0.7617952203770465,0.5886357331887893,0.6243291547624507,-0.5135378078845807,100,0.15827106577754843
40.152922249551345,-0.1419012611048277,0.7242899164041847,-0.6747356142164713,0.03128281589159109,-0.6780114726063415,-0.7343853405699715,0.9893863843447375,0.12531783595881085,-0.07355285489937319,100,0.2148705489444347
40.25503924602842,-0.7192893579775259,0.5253018923124825,-0.4546215364819442,-0.00448045619916751,-0.6578983284813094,-0.7530934303881204,0.694696153014054,0.5396551781595581,-0.47557285842765423,100,0.1704747782221001
40.358697403407156,-0.6551658339637226,0.5761976137894191,-0.48862464107942744,-0.009349191324333954,-0.6529035233033588,-0.7573833784020094,0.7554272450926038,0.49164346748577864,-0.4331470630748398,100,0.16438379306633036
40.46184309108223,-0.5270372689545373,0.6527623385156434,-0.5441810788226024,-0.016190722604219027,-0.6479280522626496,-0.7615294476201708,0.849687929556785,0.39254371540851074,-0.3520509250929276,100,0.1683645738079951
40.564476243349624,-0.7108277889122108,0.5364623641459692,-0.4548977757310926,-0.01318826242497528,-0.6567957625336519,-0.7539531789521474,0.7032424363222031,0.5299315598950081,-0.4739436860881849,100,0.1506440178499123
40.669163522885086,-0.30326266456067313,0.7310548614499937,-0.6112205378043929,-0.02265527711416485,-0.6467773904540653,-0.7623422758946995,0.9526376513147279,0.21734257923324693,-0.2127056852785057,100,0.14934108235613042
40.7794954925192,-0.23391700123744152,0.7419189301827385,-0.6283622661877333,-0.021370086524512125,-0.6500599069567468,-0.7595824094654382,0.9720216849093531,0.16425108341769534,-0.16791493579219105,100,0.13363652859244987
40.88828880092707,-0.23524928686259267,0.7375338953947997,-0.6330098942152597,-0.01816118861291471,-0.6545101937280939,-0.755835020050129,0.9717653751080082,0.16631343736988177,-0.16736754850151414,100,0.1259656969358017
40.99605506970007,0.2268322631152518,0.7369883780705236,-0.6367065689931212,-0.01961424837416663,-0.6501578286298353,-0.7595459690710328,0.9737363121865846,-0.18477805189014393,0.1330212985538541,100,0.1085099282498419
41.102794163747696,0.42877672926070043,0.6806910403937054,-0.5939783026106515,-0.020644950470272705,-0.6499298342654126,-0.759713759617274,0.9031745692082876,-0.33801023366085836,0.26462195577078634,100,0.09654042702927473
41.209535528063924,-0.29181848361397145,0.7127508476221582,-0.6378308567599543,-0.014056383884637813,-0.6699804205512948,-0.7422456831467584,0.9563704254593668,0.20763541434881802,-0.20553136990460777,100,0.12703106983167492
41.31576172464558,0.01216088848403991,0.7500210312833836,-0.6613021740655995,-0.01813504813736832,-0.6610768681361159,-0.7500989897636176,0.9997615879900239,-0.021114616926532322,-0.00556238543358113,100,0.112045362118992
41.42250096042331,-0.043773794241406,0.7476797785723882,-0.6626151248286262,-0.017369096384636237,-0.6637201864350956,-0.7477792646291707,0.9988904691849313,0.02122410969880102,-0.04204007301374479,100,0.11834220138951573
41.53899073402281,0.07765090327143652,0.7479044304662755,-0.6592490425552744,-0.018875011535554893,-0.6600242613630921,-0.7510071293613911,0.9968019217280145,-0.07075971524123494,0.03713477532336325,100,0.11117706664013437
41.658046114844964,-0.33029188445204355,0.698178590445452,-0.6351802318308717,-0.013676609081241381,-0.6764161938238638,-0.7363926147761642,0.9437797526060605,0.2345373927041039,-0.2329634949823772,100,0.08236966506092269
41.77812905047448,-0.42567218466443035,0.6664867188252355,-0.6120446428428099,-0.01218691526830773,-0.6805452825256557,-0.7326046666028811,0.9047953748219839,0.30439049272545804,-0.29781161434554343,100,0.09491344064239486
41.90077785619961,-0.5872518140932466,0.5959393219869764,-0.5477149179581418,-0.010775410154013452,-0.6823850670833324,-0.7309134769298544,0.8093325629061294,0.42332841238378854,-0.40715335917614304,100,0.0842012524912677
42.015729371945305,-0.6717337586639188,0.5437030139472047,-0.5031508621635962,-0.009537995346332482,-0.6854975541321275,-0.7280124517641469,0.740731249587877,0.4842314899958456,-0.46565768540891245,100,0.09149734350096847
42.128113634057875,-0.5826729907224757,0.5969670110833759,-0.5514730941403272,-0.01011586907018075,-0.6838382629906474,-0.7295634991300546,0.8126437442541969,0.4195183163440122,-0.40449292599055997,100,0.09922725030812918
42.23639153891916,-0.5565855882085848,0.6111795978765279,-0.5627361567715276,-0.010223202028362743,-0.6823376947540146,-0.7309656328843815,0.830727373534056,0.4010919713198743,-0.38602753969625836,100,0.09697169343830235
42.344668924783655,-0.49767830889527326,0.638923236584169,-0.5865947481932914,-0.010992847579843756,-0.6808897178361515,-0.7323034544825612,0.8672920258812642,0.3580031981670221,-0.3458876290718659,100,0.09560402574020845
42.45602430687861,-0.6222622457921226,0.572087839489523,-0.5343268675351761,-0.008935920964515398,-0.6877231073665997,-0.7259180924254087,0.7827578468327608,0.44693671979625715,-0.43305625699151623,100,0.08788281684829631
42.56430047317391,-0.6589542752386848,0.5579191784175861,-0.5044853352660567,-0.00361509705490362,-0.6730362886175979,-0.7396006255251094,0.7521743110595731,0.485539230709214,-0.44551707175411515,100,0.19087496319548497
42.673090507831624,-0.8022600519591977,0.4440986683733523,-0.3989425795517954,-0.0003920162042505837,-0.6686655981271469,-0.7435631541466808,0.5969745851824189,0.5963746227249113,-0.5366177913711013,100,0.23872770917341377
42.78649802179062,-0.7332733517280261,0.49451326565184583,-0.4666549279070066,0.005282350381774548,-0.6821599715122899,-0.731183882508905,0.6799134418585875,0.5386226910934026,-0.497597536387903,100,0.278121710561721
42.89888058527024,-0.4528947784529775,0.6618230058856391,-0.5973915203034988,0.007812238635802826,-0.6670774006910425,-0.7449474548011958,0.8915297463223119,0.342049777616913,-0.29694555234031483,100,0.2534290301035563
43.01074959915913,-0.5817544632975815,0.6092020599110445,-0.5389198406381819,0.0031095598402450233,-0.6609103362248716,-0.7504584319659064,0.8133585157056775,0.4382583458090301,-0.3825931876782303,100,0.32385324481323463
43.12210383231556,-0.39639406294890495,0.6756762194247805,-0.6215572325721062,0.008280720225664506,-0.6743593987461606,-0.7383568452958644,0.9180431234595704,0.2978272113601317,-0.26171697622058,100,0.2718368334074842
43.23859113605951,-0.9039433072466482,0.32423570086354697,-0.27885069045909916,-0.004721332271109768,-0.6595765914957075,-0.751622530910623,0.42762624604387606,0.6781076096287588,-0.5977506699770342,100,0.3271691648150268
43.356616222930555,-0.641083534339066,0.5677867271182493,-0.5163624061719426,0.001107915028957018,-0.6721248487445036,-0.7404370062500029,0.7674703085615887,0.4752540585923752,-0.4302591141020199,100,0.2837535512029493
43.463352714339266,-0.5772417246598014,0.587602254672589,-0.567023440093501,0.009487979068534323,-0.6895204957796186,-0.7242040210831642,0.8165181991633581,0.42342068466658433,-0.3924448422791513,100,0.30347839066452803
43.56803764529263,-0.5670602601672485,0.5921972350027356,-0.5724902586019845,0.009527873783017116,-0.6902802118148385,-0.7234794045430988,0.8236211999215581,0.4157110342918222,-0.3857880959902679,100,0.2729814469976338
43.66964331195929,-0.5528638837749773,0.5995454186100011,-0.5786940616949572,0.0094247818619235,-0.689940681379406,-0.7238045521165063,0.8332182784265498,0.40561946107340513,-0.3757926998950577,100,0.2635979825883762
43.77073594060942,-0.19890697037770225,0.6794298431138682,-0.7062656054356803,0.018601377537563385,-0.7179184419612796,-0.6958786528164187,0.979841826974573,0.15155262775073564,-0.1301606512467499,100,0.22821915709758392
43.87439477468546,-0.23745593877741974,0.6714127559096668,-0.7020111027192666,0.01929579752268853,-0.7192782369214163,-0.6944540950193773,0.9712066460528871,0.17844811316739995,-0.15784144439815903,100,0.23666676161446934
43.981131761837624,-0.3902081975705086,0.6282117196423452,-0.6731178187009926,0.022956439756840558,-0.7242069771860205,-0.6892004469447024,0.920440418724898,0.2843840528213465,-0.2681699947392328,100,0.2544868814999434
44.09248745950761,-0.5881497561865668,0.5564245287633117,-0.5869170368018025,0.01913375959818217,-0.7159305541181833,-0.6979092641050627,0.8085256727781258,0.42170509300998205,-0.4104278876832342,100,0.22659127797065168
44.20640977846443,-0.45756705001717923,0.5969965810840557,-0.6589593894258772,0.023959700833272778,-0.7325434259009603,-0.6802985094098505,0.8888522528938971,0.32707065191366963,-0.32088387491771986,100,0.27622813670610247
44.3151980214985,-0.39832031324610484,0.59665886050639,-0.696662854065538,0.02956166223270601,-0.7507704005958679,-0.6599014424254273,0.9167698927111232,0.283446661240411,-0.28140887343880855,100,0.28544840842113406
44.423472329670005,-0.1454863038870128,0.6742572625872717,-0.7240240874650613,0.01097951446039061,-0.7306649627442318,-0.6826479052045678,0.9892993407677526,0.10726535352241821,-0.09889872744479986,100,0.2751340413728794
44.528155995996876,0.9929815107554908,0.08700637782776836,-0.08010998386614876,0.007532825746721407,-0.722501607515305,-0.6913282025739075,0.11802955491745501,-0.6858726684706803,0.7180861416368483,100,0.24453036657721905
44.629761770758435,-0.1892346599099529,0.6808997731705381,-0.707506708367542,0.006812211640865942,-0.7195975436516744,-0.6943579544752381,0.9819082631597132,0.13621627680562437,-0.13153436308390676,100,0.24990814303703474
44.73341928057009,-0.02624639715067781,0.695883158477236,-0.7176752443719616,0.0111202517318275,-0.7176748996911612,-0.6962895075718883,0.9995936507591621,0.0262558203266987,-0.011097984544161003,100,0.15667248231942643
44.83759131602861,-0.29817854756646966,0.6688864641198573,-0.680940857849186,0.0012639126208942864,-0.7131157168978061,-0.70104520313473,0.954509275123106,0.20989729019347267,-0.21179039466746316,100,0.17062278098111158
44.94227683557783,0.603331656285299,0.551229302896722,-0.5763134287451853,0.0035329626321868868,-0.7244991559742417,-0.6892666328552768,0.7974825582412932,-0.41382028541458094,0.43906074828014097,100,0.2013611022384293
45.04183005669218,0.691693161905317,0.5053580425889383,-0.5159203606799229,0.00922415085975403,-0.7205054552214264,-0.693387917429401,0.7221325950366329,-0.4748527537951549,0.5030301953151686,100,0.16489926087244955
45.14087030424978,0.6617902246664766,0.5237501550775148,-0.5363948858743653,0.008771794855170295,-0.7208504960787813,-0.6930350769751801,0.7496377486165656,-0.453938693392901,0.4816460406666214,100,0.16981580491718445
45.23837081331947,-0.008639650656155648,0.6959845794500811,-0.7180047504050606,0.0021665133994571003,-0.7180168354975581,-0.6960223632626775,0.9999603305412819,0.007568956980087811,-0.004695554706743164,100,0.18179317590899938
45.337409590690825,0.3542712125892351,0.6608763479510205,-0.661614964045913,-0.006067824293377627,-0.705862147744641,-0.7083232382815543,0.9351230343857955,-0.2549530958828399,0.24605655744331983,100,0.18226768609294794
45.43696133905684,0.1434319344466103,0.7025386075743058,-0.69704145145641,-0.004366339344113624,-0.7038679548831698,-0.7103174200097562,0.989650552094847,-0.10492572113709689,0.09788962040086197,100,0.1859723807472205
45.53702894197218,0.30072583710641626,0.6646696124426688,-0.6839431827220429,-0.0034682437794754375,-0.7163721839448002,-0.6977097285800475,0.9537043263935272,-0.21219142387351564,0.213126388447791,100,0.2600547574166065
45.63812261792679,0.2690650090697839,0.6725651671324957,-0.6893911203767533,-0.0040207428570844805,-0.7149973019555252,-0.6991156498199684,0.9631136249275858,-0.19087942308262998,0.18967654394386263,100,0.25966361906184476
45.73716462605633,0.09956924275752252,0.7038096992674894,-0.7033760538386986,-0.018948692007376346,-0.7054194753044369,-0.7085367392961516,0.9948501962445919,-0.08387652280715521,0.0569018097592478,100,0.21381355031445445
45.83107612289893,-0.9657503196034634,0.18487304521046927,-0.18206668377387467,-0.010785741169577229,-0.7296742951438329,-0.6837098001299774,0.25924889194214734,0.6583292338647575,-0.7066771765564601,100,0.12562788171195702
45.92703960201786,0.41492140487019175,0.626557159101267,-0.6597471895805969,-0.006949270721134382,-0.7229071787842124,-0.6909102101566421,0.9098307180003272,-0.2912581968652565,0.29559554689103273,100,0.14867039065339416
46.023004421775774,0.33239007101823187,0.6507952522282662,-0.682629021039717,-0.006686228224822871,-0.7221376194105354,-0.691717104735896,0.9431183038413689,-0.2344841109952491,0.23568000901677538,100,0.15250535607810362
46.119482792389825,0.40495057523430283,0.6317370250755767,-0.6610017872638981,-0.006394479238615273,-0.7209545040316012,-0.6929528943238602,0.9143162156785114,-0.28483843537206877,0.287911311834248,100,0.15719671924693268
46.21442010413199,0.38544379503222365,0.6394947210736053,-0.665191387940455,-0.007390300222049534,-0.7187313036042955,-0.6952486581661975,0.9227017201315847,-0.27289524535664217,0.2723044632905472,100,0.1599642148373959
46.313461494413694,-0.8162833448259759,0.3829103818919396,-0.4325056536036101,0.004943801409273169,-0.7440725046037446,-0.6680805840019124,0.57763055648688,0.5474812757821765,-0.6054809599653633,100,0.19964141585753595
46.41352909218466,0.2242994435849695,0.6589592961689978,-0.717957105682458,-0.002339988070780799,-0.7363624482890592,-0.6765832315432975,0.974517462164379,-0.1534372534367115,0.16362373053593626,100,0.19626952785518068
46.513084283578,0.3737854114536168,0.635948836022488,-0.675169270735934,-0.004448815620633234,-0.7266957251114345,-0.6869450714171694,0.9275045413495419,-0.2597737497639225,0.2687990414967417,100,0.2091482358916571
46.611100947768,0.06222719196611561,0.6907292354874535,-0.7204310514011251,-0.007956276363481545,-0.7214637072578641,-0.6924065401021043,0.9980302972587758,-0.0488184632353085,0.039399027918246045,100,0.18523054088598842
46.7080919986262,-0.3673557318432528,0.6363594337975479,-0.678304089106628,-0.00072899765789608,-0.729492875456976,-0.6839880212547056,0.9300802303265686,0.25077243802774074,-0.2684472936747549,100,0.22898511770598545
46.806621595232485,-0.36851075414788675,0.6376979177935622,-0.6764179105546444,-0.0015167010871759983,-0.7280371315842739,-0.6855360199525294,0.9296222478486452,0.25160147192792387,-0.26925670953299247,100,0.22653998826771382
46.90720394231734,-0.4062748646369892,0.6193099829132859,-0.6718600147561556,0.0010759269882958389,-0.7349522405709639,-0.6781180180918629,0.9137502813927403,0.276225178330408,-0.2979262897278828,100,0.16620640656759947
47.00573338506837,-0.41368042388433474,0.6191753026086654,-0.6674507109400248,0.0008334104094721574,-0.7328643651420786,-0.6803742556358137,0.9104217771571408,0.2820137708417191,-0.3026556140792169,100,0.1684817232597931
47.108367139832,-0.5518662962670469,0.5733995490061319,-0.6055217157493665,0.0017270643398636656,-0.725316494180924,-0.6884133936217829,0.8339308174502595,0.3809579248009658,-0.3992874293514432,100,0.17752066862258406
47.209460524404136,-0.6235533175181371,0.5404469360895425,-0.5648879264805995,0.001010418710165162,-0.7220078578836181,-0.6918841176153269,0.7817801732367965,0.43199741020720844,-0.4496643173614175,100,0.1835222025807911
47.30952595956065,-0.6592315026378595,0.5209326431835344,-0.542257325626539,0.0004257080145889657,-0.720885689845533,-0.6930538514059469,0.7519399209395099,0.45711377516078694,-0.47500879134573637,100,0.17601803583183287
47.41574881817778,-0.6394223212305217,0.5294827726474183,-0.557482814606669,0.0011461718372126062,-0.7244239439130953,-0.6893537812876029,0.7688548506722782,0.44142716608178867,-0.46260596152958294,100,0.15190877543355155
47.5209448279817,-0.5999055186880804,0.5077737497009234,-0.6182873019577948,0.014308958876922517,-0.765857755112586,-0.6428508012204456,0.7999428869259629,0.3944967909230369,-0.45217658011885353,100,0.17392126758318696
47.6271701950452,-0.4612917775340175,0.5859508840108678,-0.6662367878662878,0.007522889509140013,-0.7482920996619348,-0.6633267216967568,0.8872166038307331,0.3109991882793519,-0.3407729490095194,100,0.14767118844175556
47.735960195694126,-0.36208123871001024,0.61218980412135,-0.7029372804910036,0.01030950668634392,-0.7514298194018856,-0.6597324765278224,0.9320895293082682,0.24612368891171912,-0.26576726493377334,100,0.12764995352683406
47.84936827307508,-0.4633458576401224,0.5858654471782964,-0.664885173552783,0.007475871332597443,-0.7476735131182785,-0.6640244190759781,0.8861459967497218,0.3126435599591754,-0.3420515704692724,100,0.13732447932960587
47.96585495722752,-0.46857750931416364,0.5894444619288265,-0.6580200179830179,0.001813240833654639,-0.7442099424530002,-0.6679433162415666,0.8834205283570301,0.314176364253485,-0.34765123647392293,100,0.1515914609338662
48.08028990326296,-0.4067900535877398,0.602181117699802,-0.6869496006170331,0.005074642039958971,-0.7504783430857158,-0.6608755590634934,0.9135075808718012,0.27232362740889016,-0.30223127178472764,100,0.13420124459296082
48.19061882331431,-0.4142658243163012,0.5996963836198437,-0.6846517905306442,0.005629788201456154,-0.7505329299596388,-0.6608090696494765,0.9101385236810615,0.2776050585264637,-0.30754397928129956,100,0.13413725720816927
48.304027476566546,0.14375189166365349,0.655244152240881,-0.7416134401406506,0.01545702947057267,-0.7507920972473627,-0.6603577113586641,0.9894930388249668,-0.08346452938246202,0.11805591239703778,100,0.1431155985243934
48.42154113742608,0.18064561382991562,0.6502307156700358,-0.737947951147807,0.010415672580016523,-0.751514197060047,-0.6596346908569158,0.9834930990956261,-0.1114738893931046,0.14253033366569726,100,0.13639442318215766
48.53802870209802,-0.152783755499381,0.648872598386103,-0.745400211375857,0.019842271412276763,-0.7520892709559429,-0.6587624858613003,0.9880604274641844,0.11543863987688555,-0.10203191707827416,100,0.14330917729394452
48.65092506082571,-0.22324776749601905,0.6407611381887921,-0.7345649039363691,0.01908621109593886,-0.7505661215957601,-0.6605196542561773,0.9745748564651382,0.16147959902013154,-0.15533250865885367,100,0.16147492980364683
48.76587591449901,0.6783434193176586,0.48209132112819614,-0.5544710664780423,0.025757981736492852,-0.7697836925712542,-0.6377849112578844,0.7342933554413316,-0.41835514188812767,0.5345954015986997,100,0.13558630356745432
48.881338832473574,0.18899481334082394,0.6340248725676599,-0.7498622683505483,0.023302889924422504,-0.766304954011543,-0.6420542755706385,0.9817015513135535,-0.10387097006830018,0.15960227356035042,100,0.16338492450256858
48.99372383027668,-0.02366302599749471,0.6450948927812735,-0.7637359756539945,0.021917717753240855,-0.7634315086200443,-0.6455168048119372,0.9994797020695974,0.032014230486464866,-0.003926091851745589,100,0.17549875995235376
49.105595639703346,-0.13279825198578854,0.6386342838484437,-0.757964956817203,0.021158580553945525,-0.7627372373492611,-0.646362298737913,0.9909172209314263,0.10187324601779553,-0.08777757690513277,100,0.16983989538638003
49.21336301810309,-0.1854777371640417,0.6333439968149898,-0.7513144419714829,0.02065490027418006,-0.7618993708194105,-0.6473659890970874,0.9824313635624478,0.1355903036481617,-0.12823371415282714,100,0.1747156311370185
49.31702608980072,-0.26330959813488236,0.624636241762656,-0.7351854330756775,0.01947294086307172,-0.7584814825998364,-0.6514035961884902,0.9645148314589,0.18583704159768297,-0.18755194977933712,100,0.15133007383369357
49.42171343221883,-0.28079092219246643,0.623238897185045,-0.7298833708544625,0.019083251932062204,-0.7567024547801973,-0.6534808523784924,0.9595792241967318,0.19742003942151443,-0.20058175521419191,100,0.17994816985209633
49.52947917353764,-0.35569269510407375,0.6066156040723912,-0.7109853834963756,0.017923409422821612,-0.756167842712393,-0.6541322076173499,0.9344310879055033,0.24541333000384008,-0.2580907580913427,100,0.21969348247854092
49.63416581781712,-0.08169270706725816,0.6363758009608037,-0.7670411602798891,0.021954063024516572,-0.7682778056770274,-0.6397399725050854,0.9964157368933606,0.06910176014825674,-0.048791659283878595,100,0.2599599811266312
49.73166971970467,-0.417562805639308,0.587419703738085,-0.693238339250571,0.01652236970235943,-0.7578991555436447,-0.6521624654375999,0.9084978341449407,0.2837727289337201,-0.3067649322648555,100,0.2725840118882772
49.82506902321241,-0.4104697734169919,0.5898772038966614,-0.6953843896968495,0.01687270482406497,-0.7575443908388138,-0.6525655581936352,0.9117180907182457,0.27959145235809174,-0.3009962505171279,100,0.2743207424510287
49.92000747979506,-0.11520332493931164,0.6231676435399842,-0.7735569028634872,0.022646311661133758,-0.7768917470830217,-0.6292267936781117,0.9930837520023547,0.09000722948248863,-0.07538806370913408,100,0.23803652532749153
50.02058976137964,-0.13400858204863317,0.6182947949423904,-0.7744373741526568,0.022752986778344093,-0.7793605181176475,-0.6261625063767844,0.9907189316501323,0.10153191294632204,-0.09037294464319086,100,0.24558990510070053
50.120657840601,-0.2810381788641725,0.601889104821725,-0.747493844468041,0.02035455127841311,-0.7749720743973889,-0.6316676152427496,0.9594807107300094,0.19273761802282008,-0.20554555781122025,100,0.26636676444680296
50.21969883295203,-0.2389779065624003,0.6029073083968474,-0.7611782561639037,0.021701411725892475,-0.780379556716182,-0.6249294329670821,0.9707824724953351,0.1658629703735109,-0.1734095330560575,100,0.24056691073854994
50.31822617702545,-0.2951784070227946,0.6108375475775821,-0.7346748930628367,0.0025374903587452586,-0.7684331675291486,-0.6399250176261267,0.9554387835806984,0.19075627777487303,-0.22527488390699663,100,0.2132035369590355
50.41777782968652,-0.36854134459581517,0.5985834888980937,-0.7112489607318202,0.001624972218835369,-0.7646875777124785,-0.6443991526666607,0.9296099379787184,0.23864348998203985,-0.2808463065457608,100,0.20959118870164145
50.51835615967527,-0.9375924853116337,0.2017258748539191,-0.28324371643793755,0.01094193148999717,-0.7970185418944078,-0.6038557095960759,0.34756381517992063,0.5692698088700411,-0.7450713248318209,100,0.2833713860452276
50.62098785147491,-0.7857259844865937,0.36880537275317976,-0.4966057534211231,0.010666085567963501,-0.7946255060734182,-0.6070062106076188,0.6184827498978691,0.48223739187868064,-0.6204241983939841,100,0.16840358555677482
50.72567155478332,0.05672916851341526,0.6138674492777587,-0.787368119850553,0.018190793388029817,-0.7891427501437513,-0.6139404001460328,0.998223870920592,-0.02050547762855498,0.05593414799149341,100,0.15525023735879376
50.8313839300542,0.22238618529333865,0.601136860692341,-0.767579871614436,0.017872918231163867,-0.7896761356824148,-0.6132635318748301,0.9747948211724244,-0.12266244515191115,0.18635713338848986,100,0.16705523673940606
50.93914688173487,0.3561310263058175,0.57563291011089,-0.7360824987048891,0.01905434570705941,-0.7920388919500116,-0.610173193075764,0.9342417374598723,-0.20327603507513053,0.29303793193389377,100,0.1557821304294719
51.04793573689894,0.8473965044545149,0.33362054291028514,-0.4130574991287726,0.022410209752307623,-0.7997235309963943,-0.5999500449783439,0.5304874614325272,-0.4991388657667382,0.6851594310406646,100,0.17771773936504714
51.15364589449798,-0.3843874576831102,0.5623875384733782,-0.7320973561936758,0.019894265253815876,-0.7877935099723057,-0.6156180665441239,0.9229574749607513,0.2512004024984219,-0.29162965761167864,100,0.16883352902308296
51.25576410767783,-0.38957514538646626,0.5581843657367772,-0.732571784840329,0.020582602051121834,-0.789938429839507,-0.6128406265543265,0.9207646618924505,0.25382570970988333,-0.2962514919799649,100,0.16756624985609073
51.36095979803159,-0.37472138110688,0.5624143488621367,-0.7370712222949224,0.020877893865939776,-0.7896763579042618,-0.6131682993394088,0.9269023681537742,0.24515576673013198,-0.2841665883771106,100,0.16598972688911726
51.467696258048754,-0.39306990224565125,0.5626227093106987,-0.7272906839197676,0.019071143539806185,-0.7857973944580635,-0.6181898950541029,0.9193107980616122,0.25686210664636333,-0.2981434465764995,100,0.15860036791885154
51.5759714543116,-0.4097178932329996,0.5524824826110131,-0.725874888925553,0.021274533073076363,-0.7897265547694626,-0.6130900120981237,0.9119641671728309,0.26663659745039986,-0.31181129340169605,100,0.17174436953556355
51.682195548327826,0.5241604329857813,0.5199233001449951,-0.6744891418388406,0.026111191210438423,-0.8014468128834206,-0.5974957839287064,0.8512191528541462,-0.29557193385933106,0.4336625251608963,100,0.17635164840237713
51.783801445754854,0.36504770949239496,0.5631721659998513,-0.7413347969961965,0.025697898474391023,-0.8020794983013089,-0.596664140382779,0.930634078361821,-0.19876013143424073,0.30726962483116915,100,0.20697842472309913
51.8920772761343,-0.06171241806134614,0.5988861529698715,-0.7984528497275024,0.024288004469034164,-0.7988396507938467,-0.60105349608706,0.9977984116523406,0.05648529101025296,-0.0347525769339947,100,0.1958743810554985
52.001380043678175,0.31840931763532465,0.5715827380837794,-0.756246441292557,0.025234672864276914,-0.8025956766195393,-0.5959894220177545,0.9476173899461955,-0.17068495363175346,0.26997764513990097,100,0.2445921891313367
52.11119683509231,0.10022160456176407,0.5975277433244579,-0.7955603219974248,0.02443636443966265,-0.800823160872755,-0.5984021466394833,0.9946650160089263,-0.040532221347348615,0.09486118785157686,100,0.24286156937654352
52.22101280273937,-0.09274798793158315,0.597838295109471,-0.7962331214130972,0.023264980417522237,-0.7981605282905824,-0.6019954416480833,0.9954177773281002,0.07435821393430281,-0.060119086816794245,100,0.23457288229674106
52.325697761737054,-0.37401490094343726,0.5622752431567158,-0.7375360362757379,0.019676030699934514,-0.7902635590049664,-0.6124511091709275,0.9272139492523643,0.2435776226213322,-0.28450700179428606,100,0.20674881510207818
52.4273027622287,-0.7884369826425032,0.35899266167995686,-0.4994911343172419,0.012819464435760377,-0.8022619991492183,-0.5968344377234612,0.6149819393552669,0.47696955204817826,-0.627930936238847,100,0.2040479467626999
52.52993293987873,-0.9254652948410097,0.21253221617660734,-0.3135985413421159,0.01480959655995498,-0.8068729709419263,-0.5905393167377433,0.37854281646145965,0.5511679107589712,-0.7435854155744427,100,0.23472486125272743
52.630511845663,-0.8410153204195382,0.3115800084524234,-0.4422794695126709,0.013876647012192985,-0.8048125435093321,-0.5933668414039822,0.5408333102604912,0.5051679603288666,-0.6725359933638139,100,0.23754522768230746
52.73314462098365,-0.9874172506025528,0.07956101244861725,-0.1366646205520885,0.01584374445257271,-0.8100974354384356,-0.5860811555218198,0.1573408687347853,0.5808719225390576,-0.7986436380711752,100,0.25726598804754314
52.83680274995193,-0.9377166863102881,0.19218859458800952,-0.28939758175482083,0.01533302055565089,-0.8093281907925693,-0.5871565192255523,0.3470624074945204,0.5550238046234705,-0.7559737175361293,100,0.2684223855539067
52.94200101157962,-0.1229349071366256,0.5507087366629909,-0.825594873997145,0.02302733327917795,-0.8300982133077306,-0.5571415423259722,0.9921475447378575,0.08750339208491295,-0.08936669314837095,100,0.20571717167862716
53.045146539305605,-0.18605054646011984,0.526380593728881,-0.8296436974433794,0.02619813339849865,-0.8414286600292148,-0.5397327745170518,0.9821908429466879,0.12215269390017944,-0.14275807299275167,100,0.24245096819319184
53.14880491230542,-0.09758147717674598,0.5339475859558074,-0.8398677459957429,0.022909783460780125,-0.8424664280736532,-0.5382615157993372,0.9949638169972738,0.07176554201554969,-0.06997649494959009,100,0.22880018383413334
53.25143625545254,0.8183984272001298,0.32406153996517106,-0.4745609894120626,-0.0020667478680827522,-0.8241591964914367,-0.5663544361897763,0.5746474944777918,-0.4644843777286718,0.6738208366742638,100,0.19254812511686498
53.35509345175362,0.8889727441651425,0.2583278292668675,-0.37814572952469594,-0.001751826748914359,-0.8237933703749585,-0.5668874791608194,0.45795675694822774,-0.5046099637864228,0.7318773074859797,100,0.1993462024654359
53.457723797970424,0.14256975694081786,0.5425860626949361,-0.8278129190674924,0.0036121424357575403,-0.8366361545047101,-0.5477471108117274,0.9897781654658078,-0.0751019942796312,0.12123891133774803,100,0.26085594845582655
53.562922915008556,0.4024516157638494,0.5063493650928772,-0.7626552415338841,-0.0010994126891184508,-0.8328332931004805,-0.5535228063911625,0.9154405978875997,-0.22360462064422879,0.3346184175531058,100,0.27500774150355345
53.66093773612998,0.0841274082244876,0.5417894023681783,-0.8362935027052181,0.002957299490693177,-0.8394007615455242,-0.5435049364049204,0.9964506177253105,-0.04325049130734075,0.07221884405417246,100,0.15931679701986315
53.75741313370479,0.019097813979828442,0.5471393401020369,-0.836823646901723,0.004359178212205193,-0.8370139056985857,-0.5471642525170237,0.999808117123734,-0.006801777701949914,0.018370213759974382,100,0.15662916547664088
53.85799570073124,-0.21883351617000704,0.527182928061288,-0.8210907699891639,0.019386449056773242,-0.8389714305764195,-0.5438300325189162,0.9755696068418903,0.13492627259834533,-0.17337486314075815,100,0.18474004230918883
53.95447366295201,-0.5981422508127888,0.4232665093159109,-0.6804934311836776,0.013642115860437093,-0.8436405231734618,-0.5367350932577989,0.8012738236504804,0.3303273070019061,-0.49884279064792286,100,0.2389393001975727
54.054029659828885,-0.7601980968437358,0.3421290771803555,-0.5523101919237776,0.013321071216746087,-0.8417248606336968,-0.5397423533991216,0.649554772607207,0.4176684732403227,-0.635320111317356,100,0.24619543409612113
54.154099313875875,-0.9970304946325462,0.014675435452243217,-0.07559645737114516,0.02825836734190902,-0.8434674006226464,-0.5364365841010899,0.07163558785931788,0.5369798652474439,-0.8405480158033132,100,0.21294633538768606
54.25776035497871,0.9533210835427282,0.1835645555216481,-0.23975605441585537,0.024579990673670525,-0.8385437942275521,-0.5442794587534449,0.3009563684845381,-0.512979881787386,0.8039134935737791,100,0.22057204422889712
54.36295967091159,-0.8202784254388648,0.2837993250521759,-0.4965896171482707,0.025613893896903276,-0.8491198483119309,-0.5275788203123415,0.5713906135026852,0.44548111778464083,-0.6892454863822991,100,0.18713043974400162
54.466106571244524,-0.9994953155354637,-0.009623196926409495,-0.030273888147706894,0.024481832580319177,-0.8406285783385677,-0.5410584378364206,0.02024238365839229,0.5415265343096256,-0.8404399196506747,100,0.19684963223342575
54.56771488000076,0.912341864954373,0.23863801810614307,-0.33269237707820815,0.017047452187038237,-0.8340123831645058,-0.5514823017125683,0.4090742057689622,-0.49746883424254196,0.7649725832550204,100,0.22204820585065932
54.67137648354233,0.7394824841510488,0.381692927577717,-0.5545053333115432,0.012227712910768187,-0.8311956499634073,-0.55584554915811,0.6730647358692667,-0.4042577154725197,0.619321855588977,100,0.26261404339864275
54.77965682015839,0.5080638928627682,0.4918684877430255,-0.7070618583508226,0.007004535235735827,-0.8232378900023068,-0.5676533387118244,0.8612909016443057,-0.2834515253618139,0.4217027573004475,100,0.24881498774748517
54.88896357898559,0.42408276445250453,0.5200435298488508,-0.7414233176510359,0.005072946484524499,-0.8200395905641287,-0.5722843131882801,0.9056092281488117,-0.23893471277686643,0.35040280952348213,100,0.14025008303357572
54.99929615407473,0.41866504467829635,0.52197068335827,-0.7431461404589415,0.004903135350223714,-0.8196033445059343,-0.5729103917179583,0.9081274908449021,-0.23621380863359273,0.34569856375541247,100,0.137546867461351
55.11116799812001,0.4249584644825645,0.52082389560156,-0.7403734012206519,0.0045503829212965585,-0.819118548269346,-0.5736062219819349,0.9052014126590229,-0.2403898368307914,0.3504613086612772,100,0.13153483858687295
55.221499966257255,0.44487380114465386,0.5160845018660355,-0.7319454132575687,0.005526254167226048,-0.8188406551425061,-0.5739942874286039,0.8955762176219209,-0.25131010409348337,0.3671327689141033,100,0.13128122897414038
55.32926462671276,0.30977078874396835,0.5315101838363215,-0.7883774368405146,0.010852248029474819,-0.8310853406540534,-0.5560390141551607,0.950749329294345,-0.16368897650182782,0.26321404183313923,100,0.21123674789153127
55.44164724118565,0.4814441878804929,0.48581121481054107,-0.7295196758966814,0.012445531596692871,-0.8360373072359257,-0.5485314299591028,0.8763883857624818,-0.2550080086468044,0.4085514812439468,100,0.1735447903551305
55.55300173977588,0.5375323625679926,0.46482876308632953,-0.7035575173357933,0.01342063154324985,-0.8389574038365291,-0.5440315810657059,0.843136315100383,-0.28299239487220196,0.45720505093824504,100,0.1789813853501281
55.66384343969328,0.6290923564121221,0.43319411648046435,-0.6454344773488269,0.002853826063535126,-0.8316032592893043,-0.5553628316841209,0.7773253262184647,-0.3475325547141101,0.5243915146464915,100,0.11745778923914194
55.77673873719563,0.5286381020508865,0.4771965376923853,-0.7020151148475625,0.01027494410656049,-0.8305583680955306,-0.5568368007864568,0.8487851215611897,-0.2871519834528208,0.4439679671051363,100,0.1147800911905186
55.88860677206477,0.3632242265947915,0.5240208087905858,-0.7703702701747229,0.00431806476077587,-0.8277800573496129,-0.5610361226970982,0.9316917492021368,-0.20045540304200324,0.30293252690975725,100,0.12076860137819188
55.997397090633584,0.4185253461996228,0.5083036017980459,-0.7526380159064643,0.005534458575571944,-0.8301213222562659,-0.5575553426376472,0.9081882538090664,-0.22918559888143566,0.35023999901295766,100,0.1198481143815942
56.102594905018414,0.3823253198634723,0.5185775256386667,-0.7647906247423354,0.003398796316812197,-0.8284542196717953,-0.5600464749389942,0.9240215354497374,-0.21152058011095431,0.31850156391238477,100,0.12234745051286898
56.20779200804976,0.625095034374381,0.4258447171910132,-0.6541501928769855,-0.0013702798143298558,-0.8374646111125991,-0.546489842053129,0.7805474491238326,-0.34250445540829005,0.5229114434507519,100,0.127450730533133
56.31042415571304,0.5885684440829257,0.4408774618093855,-0.677653488368737,-0.002541398643983894,-0.8372028112927167,-0.5468866372992707,0.8084433980945953,-0.32360240486140635,0.4916307106408001,100,0.1370047821962608
56.41049000006532,0.37548814185776186,0.5205279039811307,-0.766850282976551,0.01888351980101668,-0.8315178005645772,-0.5551770528616726,0.9266348083274931,-0.19398156747809495,0.32205447283745553,100,0.15456295652017474
56.5090150543184,0.13147790662251227,0.5541362612320481,-0.8219772284302828,0.019802233702350257,-0.8304778700665001,-0.5566995409286837,0.9911213001497645,-0.05691670508363032,0.1201626276005298,100,0.15754291279105134
56.60548777017034,0.28468264477082506,0.5260528699359477,-0.8013889004712014,0.024477289545575282,-0.8396966326532423,-0.5425038501313222,0.9583092684842355,-0.1348256026982963,0.251923406602584,100,0.24625742821694044
56.70504119160186,0.24735155142791782,0.5320674705544031,-0.8097662729356178,0.022352841990317857,-0.838647202259202,-0.5442161524594518,0.968667930955267,-0.11651213207495917,0.21933390667698704,100,0.2238248272708668
56.804594452763894,-0.21127683993826651,0.5389183256054323,-0.8154318703805594,0.02044776465381658,-0.8316447747387578,-0.5549313989768313,0.9772123545199183,0.13391791133510944,-0.16468760486836745,100,0.22137888529985753
56.90466312884516,-0.7471932198102175,0.36550809590056255,-0.5550730799640579,0.017525150596771396,-0.8240638570936687,-0.566225775224394,0.6643757681961321,0.43280779944803527,-0.6093293422860487,100,0.2175989027929123
57.006272710453146,-0.8031148982193823,0.3273665918041086,-0.49783287841265916,0.016068579904435637,-0.823332464881072,-0.5673318720226401,0.59560747224823,0.46363214604190317,-0.6559702524952281,100,0.20134755351520858
57.108393852387195,-0.7502006476120662,0.3635696879372972,-0.5522826000659562,0.016491605143460538,-0.8247119329488566,-0.5653125282633958,0.6610045501221824,0.4332058513743055,-0.6127035784560381,100,0.1852455149642426
57.21000306277532,-0.3981780999301799,0.5065588736974054,-0.7647563718037319,0.01828477324165761,-0.8291476876977348,-0.5587305066425141,0.9171258734783861,0.2364576483514871,-0.32088613670987975,100,0.23420158933137716
57.31366473771959,-0.4705702022717615,0.4896181539924945,-0.734055684546408,0.016886063826472005,-0.8267712749017577,-0.562284732004854,0.8822009666636974,0.27698975121528263,-0.3807862026640856,100,0.17938130006191697
57.41629912774377,0.43256213051776043,0.4970791023122919,-0.7521983576732549,0.02098047180502818,-0.839612577926502,-0.5427803780447962,0.9013599852693565,-0.21900476029534027,0.37361355960832865,100,0.20352869010494312
57.51944582513661,0.3227316939119704,0.49981622393077435,-0.8037586677854817,0.019143880956364063,-0.8524722252172112,-0.522421876508962,0.9462968696802494,-0.15321503688867646,0.2846882275482474,100,0.2408045881092364
57.62413215583468,0.3310136210834471,0.4985201615002208,-0.801191382401869,0.02005503169639158,-0.852580965545306,-0.5222101999133014,0.9434128355926057,-0.15679077067106745,0.29221375031215063,100,0.16038845266230783
57.73600262631848,0.9349465849205533,0.19963022715880294,-0.2932961911616302,0.02229637078674096,-0.8581053126526456,-0.5129894192349836,0.3540872141085229,-0.47307826498564726,0.8067336611317484,100,0.1568398491586435
57.84633572272372,0.6366638498888707,0.4106907362347559,-0.6526808266033526,0.021863711044959405,-0.8556559837500464,-0.5170829871617155,0.770831447453997,-0.3149380203209744,0.553744456380632,100,0.14381006861386567
57.95820826338627,0.7063040566969174,0.3781194745829741,-0.5984649049314197,0.022083542019086383,-0.8567559829992679,-0.515248971631045,0.7075640583476304,-0.3507062139969204,0.6134804436969261,100,0.14827194751067194
58.07418455231228,0.41086698375684594,0.48719046483402373,-0.770606107316416,-0.004429995761736971,-0.844168403558891,-0.5360597742513277,0.9116845379823565,-0.22366304434939913,0.3446826740587001,100,0.1651521675116395
58.18759639382415,0.4360535465189082,0.4771556218998188,-0.7630070884714503,-0.002775544677952907,-0.8471432249688823,-0.5313573682005948,0.8999164410766275,-0.23381802513646996,0.3680754409102271,100,0.15817691348251958
58.30049537993526,0.5608142442760762,0.4445778678876601,-0.6984539374944606,-0.005120202211102042,-0.8417243947640742,-0.5398831603119051,0.827925822128028,-0.30635039194281277,0.46977470175618646,100,0.15720023021655194
58.4133920313504,0.3246760902832116,0.472787564020691,-0.819180905359609,0.0171851436384884,-0.8689075767130688,-0.4946759484437736,0.9456691320099924,-0.14653171137335214,0.29023843702284563,100,0.31419673965019224
58.520130874750706,-0.3518385641416921,0.4842987139834021,-0.8010395623293118,-0.005307052451130083,-0.856774306105402,-0.5156642547160776,0.9360456505838769,0.17717941198578857,-0.304016440330744,100,0.49835833389874723
58.62430397030546,0.8236222207434813,0.2747877591718624,-0.4961230945107097,0.0013342190419586841,-0.875718850064314,-0.48281954755538176,0.5671372473723835,-0.39699897109607474,0.7216281310976824,100,0.47943466903282583
58.7325789490022,0.06859739227740545,0.45953082507009696,-0.8855087907994678,0.0061405838605249246,-0.8877772675438167,-0.4602323505168736,0.9976255264389498,-0.026133198098022194,0.06372099304450549,100,0.3624187190294676
58.83828845219914,0.090481789179376,0.4602292319194774,-0.8831772754740165,0.005802050144157002,-0.8870434478266968,-0.46164949678500783,0.9958812088000374,-0.03664663360438589,0.08293155132060567,100,0.3491365642927611
58.93989384658,0.04111988896882757,0.4535844747474147,-0.8902641624817339,0.006961472923286274,-0.8911262013674499,-0.45370213921818514,0.9991299678349808,-0.0124586317278826,0.03980062649681978,100,0.3504703735156553
59.04457858000859,0.0793375058060621,0.4591795665411075,-0.8847935837491102,0.0060616051576842245,-0.8877972530613917,-0.46019484395151544,0.9968293821489139,-0.031147441753183683,0.07321898494821293,100,0.35292804790282795
59.14977655696227,-0.04987111831419773,0.43053980499633127,-0.9011927362511376,0.009704260324972175,-0.9020640438808584,-0.4314930915656216,0.9987085154786839,0.0302644519367831,-0.04080887231141878,100,0.3642873238570751
59.254973783152735,-0.00974939389459243,0.44093118994252123,-0.8974879581668829,0.0073503369675546465,-0.8974747656302839,-0.44100455508229225,0.9999254581543324,0.010896366033655926,-0.005508842175004288,100,0.285971240024909
59.35965835364749,-0.9991586558644376,0.028772480412739002,-0.029225413291669493,-0.011272908488814713,-0.8778344244133134,-0.4788315412012349,0.039432244995348045,0.47809922368253815,-0.8774202131070274,100,0.2904291153694294
59.46126385883112,0.4377824463159633,0.4000852090269017,-0.8051573481099897,-0.00243150226146141,-0.8950036526232531,-0.4460521825838183,0.8990776482008453,-0.19723155758888036,0.39084408041660407,100,0.3308568106138549
59.55978953145016,0.2231154513375191,0.4040429502476023,-0.8871126138939005,0.003945360929770007,-0.9104200570668213,-0.41366623480479975,0.9747840424943306,-0.0887953492344019,0.2047228772090496,100,0.32075577802446703
59.66088261506246,0.16414921258264675,0.40083696162322574,-0.9013238963908355,0.00633712579934434,-0.9141276607908122,-0.4053769364600322,0.9864151645453857,-0.060830502001695985,0.15259348996966202,100,0.320879096956922
59.76043597202016,0.43776227648537985,0.3935917295117331,-0.8083623814517228,0.003858369297692205,-0.8999028633648751,-0.43607333040907403,0.8990824780145037,-0.18777749324043477,0.3954621483272931,100,0.3686500862807461
59.859989711576866,0.1815731193886244,0.4108927678417563,-0.893419462319254,0.008848362693694073,-0.9091672859620331,-0.41633706610638416,0.9833376372300235,-0.06769032036983819,0.16871606839629555,100,0.407062283476812
59.959544474140884,0.29089866831904443,0.4103779980762937,-0.8642730259964729,0.006650791002171946,-0.9041844732909163,-0.42709039469259175,0.9567307519617273,-0.11849192780321277,0.26575539749217936,100,0.37295882384890466
60.06217888045138,0.9609921704845956,0.12709696092054998,-0.2456428521086383,9.578501422138894e-05,-0.8883110444374733,-0.45924228807421064,0.27657555765565617,-0.44130471429066503,0.8536721326436149,100,0.22126445044287263
60.167892203295644,-0.6298235088139555,0.3973749787595102,-0.6673945414828892,-0.023494808301178727,-0.8685802413252715,-0.49499127099598855,0.7763828576985508,0.2960768323175795,-0.5563885042275944,100,0.13705488836589005
60.27873681769779,-0.25669115299836176,0.48027771979255374,-0.8387150671373663,-0.014778113164779436,-0.869640700104601,-0.49346394001271116,0.9663804940827712,0.11427320154981567,-0.23032667249776917,100,0.13007000309053182
60.38907019572341,-0.48101504096677766,0.43433402377331976,-0.7615631859252432,-0.013585227740304186,-0.872246325604502,-0.4888780922241141,0.876607079569275,0.22481170623951624,-0.42546412867209393,100,0.1438764600061551
60.49580982794404,-0.489115854134682,0.4301061479983363,-0.7587979854270396,-0.015057438796792721,-0.8739969942918244,-0.4856979797216967,0.8720888456865972,0.22613702797836988,-0.4339620833737997,100,0.15284725996275475
60.60357548747088,-0.4231562798246854,0.4497966898210496,-0.7865250794926752,-0.014705069782379981,-0.8713699191111104,-0.49040618367939914,0.9059373729831592,0.1959525501092641,-0.3753399450338965,100,0.16375013249246556
60.707236401258434,-0.31753942948596553,0.475450969401363,-0.8204359124374259,-0.015810838626852813,-0.8677494884868442,-0.4967502819453008,0.9481132464551074,0.14476602131068048,-0.2830619560630367,100,0.17341327912301407
60.810384549030616,-0.33074627878101787,0.4847168776829833,-0.8097261559081372,-0.015961699554271902,-0.8607660475520631,-0.5087504648930935,0.9435847196833194,0.15534271746966233,-0.2924320722993501,100,0.1787563693284061
60.911479885273,-0.7039870366473695,0.34411768195894743,-0.6212771307521756,0.0006170921478949876,-0.8744792917816943,-0.48506245725913244,0.7102125536976492,0.3418610671138019,-0.6154097329113967,100,0.27407086425532884
61.014628898626576,0.7839764537539334,0.2887399820658592,-0.5495544947646357,0.008682650824837712,-0.8902628695309973,-0.4553642879158273,0.6207298377990708,-0.35222328981917395,0.7004521558071597,100,0.14177237811566756
61.1213700331052,0.770146917546934,0.2959539913011892,-0.5650530598323062,0.008621981499315201,-0.8905974564454628,-0.4547107124402257,0.6378082680774699,-0.3453221765334045,0.6884425956942603,100,0.15154870161329034
61.22811044446237,0.9158920396298653,0.19009969716393624,-0.35355887328820484,0.007781020660402926,-0.8890019631742785,-0.45783726933241375,0.4013492587013555,-0.4165784615297082,0.8157089909578134,100,0.15075072674693854
61.333823312506155,-0.9989003015805327,0.01831253903812315,-0.04316061186195487,0.0038717417929029453,-0.8852033633793979,-0.46518815019010396,0.04672469494614376,0.46484369026133815,-0.8841590052170544,100,0.1519851930613309
61.4364569293812,-0.9285234662115803,0.17416873284000356,-0.32788629918820916,0.0009593007177347568,-0.882010594530097,-0.4712285972633641,0.37127247734859814,0.4378613520711463,-0.8188004542780021,100,0.16095206970271195
61.536524533060145,-0.8618403812350574,0.24431291352154302,-0.444457374288273,-0.005947975610972795,-0.8811398138632277,-0.4728184112439023,0.5071447316681327,0.40485037817901526,-0.7608550403523434,100,0.16732931086610286
61.6386438614915,0.034690269422868875,0.4725334000812657,-0.8806297581929692,-0.02928529395665639,-0.8803010958200224,-0.4735106675207433,0.9989689468473187,-0.04221571396655741,0.016699602661525103,100,0.23637128913830013
61.7397361048877,-0.33457946555103835,0.4562817214987632,-0.8245383992621003,-0.026305714519565607,-0.8791459272846738,-0.4758260689814992,0.9420003134899674,0.1375115601136731,-0.3061469911985206,100,0.24480094724733586
61.83518383358759,0.2995284491000825,0.38425210486591177,-0.8732886281670085,-0.006650021921089488,-0.914450008494523,-0.40464423778526265,0.9540641935363409,-0.12700984950185348,0.2713485079033386,100,0.37028362529294356
61.929091204060896,0.4285672083441068,0.3714284429940694,-0.8236328427564921,-0.01035945438186378,-0.9095125018814175,-0.41554745893377165,0.903450513109074,-0.18662240127167454,0.38593943787405954,100,0.4157708618237727
62.02556600290649,0.8633967736212365,0.20809116371579708,-0.4596129664009107,-0.015903247104508217,-0.8993029819340508,-0.4370368787826233,0.5042748239124896,-0.3846455696715221,0.7731459679129795,100,0.3271086119943887
62.12357948530398,0.8517527429872943,0.21500502169448008,-0.4777971383963872,-0.01646525489106987,-0.9004897255753772,-0.43456547206900165,0.5236851727851308,-0.3780093845122608,0.7634544813056436,100,0.3180468411480028
62.220055004743145,0.7027701985129219,0.29324585615493387,-0.6481673517927821,-0.014841122189537844,-0.9048520892601882,-0.42546731678664534,0.7112621100369846,-0.30862528154613683,0.6315509848114436,100,0.3488734137225693
62.320120984443996,0.8584444110224945,0.20764527293486257,-0.4689953451923046,-0.017109332804317062,-0.9022856650843669,-0.4307990823043298,0.5126211699834817,-0.37784126192234224,0.7710094142575032,100,0.35614192496004077
62.4212126704166,-0.9992244375783749,0.0324578402972411,-0.022293764810347675,-0.019269489737856877,-0.8968072369749054,-0.4420016589048943,0.03433962887718697,0.4412292695557205,-0.896737153002987,100,0.3478657334310491
62.5228171324107,-0.7874713515190979,0.29464264250735706,-0.5413636335707889,-0.02420293889087133,-0.8924410672095716,-0.4505143275267567,0.6158758708422748,0.3416645354351587,-0.7099029912179177,100,0.3214376493229051
62.62801420155518,-0.6894559139350195,0.343417610567573,-0.6377420226800847,-0.024429156997032186,-0.8909845087043109,-0.45337602664604143,0.7239155745171126,0.2970032828118176,-0.6226839414747759,100,0.3192331774852385
62.73526483981226,0.5748516008792544,0.3262154606578149,-0.7504192895937365,-0.016024681873144486,-0.912430039193884,-0.408918858879744,0.8181007557369833,-0.24709289104394944,0.5192843697417823,100,0.2918260188456356
62.839949361308626,0.8585458556391347,0.20295162547877935,-0.47086054355869267,-0.01643900939434506,-0.9069604924054008,-0.42089478992485274,0.5124731922110647,-0.3690979584490742,0.7753308483052422,100,0.26285175543679284
62.94771305495698,0.9751344702167735,0.0750966169865945,-0.20850242951155543,-0.020157613985528816,-0.9068800707329147,-0.42090641228885317,0.2206953456542816,-0.4146432628472726,0.882816248707456,100,0.2642162404184778
63.05752820880973,-0.9746683430849277,0.12166193167060772,-0.18766991066832828,-0.029200548908933005,-0.9011436083898571,-0.43253615455996874,0.22174072456700175,0.4160992326840852,-0.8818687428570176,100,0.23998212391041537
63.16477873327154,-0.9443029482725538,0.16844631653333342,-0.28269732989562263,-0.029817731113204154,-0.8993241835291559,-0.43626473136259564,0.3277237324256868,0.4035366790837844,-0.8542571649327899,100,0.22508975436942763
63.27408176119142,0.6832078417008353,0.32967837443128295,-0.6515667383091568,0.019105315888326174,-0.9000481843348626,-0.4353713963736301,0.7299739940184813,-0.2850007636969839,0.6212185869312365,100,0.14930398266405784
63.385436527359296,0.5152880214340746,0.3788908609760156,-0.768713191271888,0.015239871183976602,-0.9008729011226512,-0.4338153551329804,0.8568815561633081,-0.21182476600178676,0.4699832626971261,100,0.1524227380117875
63.4978172015573,0.7996564240110385,0.2657116395593315,-0.5384672024743659,0.00905002780721695,-0.9019925413627655,-0.4316567528982123,0.6003896239397934,-0.34030395226713367,0.7236888278374911,100,0.14211709511519235
63.609686005571085,0.24800454227052063,0.4271251018503502,-0.8695158965668872,0.012215538704566178,-0.898864003995021,-0.4380573968513671,0.9686818505718722,-0.09801861910559072,0.2281399190875773,100,0.13013511904218908
63.71744870742497,0.2566929178549068,0.4247558231462101,-0.868153924501018,0.012790990035296866,-0.8996659618826771,-0.4363915072542481,0.966408369426223,-0.10091406112679728,0.23637092835170326,100,0.1385945579522701
63.82367145224998,0.44495064398116607,0.38534966771902135,-0.8084086578022192,0.020116276197522626,-0.9067628838577247,-0.4211607862681038,0.8953291349289885,-0.17113359122878904,0.4112165294591733,100,0.20529052389442112
63.929381828345015,0.31707085824302256,0.40993635260846645,-0.8552299443208826,0.018455783434035117,-0.9042552677921338,-0.4265932427125543,0.9482222602907343,-0.11947634694885549,0.29427869037510623,100,0.2229298806001559
64.0381708511006,0.23438310307753113,0.42849627149079605,-0.8726141795262288,0.014140493315795255,-0.8990256979010464,-0.4376675004639052,0.9720414638483964,-0.0902426719020581,0.21677558148334913,100,0.2227321157103905
64.14901408370135,0.19840330976517515,0.4429177344129634,-0.8743340364052583,0.010650203206941754,-0.8929895160728542,-0.4499514388860434,0.9800625999628161,-0.07996001955013234,0.18188923944991264,100,0.2255042009897508
64.25985709727692,0.2374679780462705,0.44072920528543796,-0.8656597062420557,0.010395282814288018,-0.8922526957617041,-0.4514167309717075,0.9713397436004702,-0.09819824089278899,0.21646294830232457,100,0.22681572121541924
64.37018503878234,0.2791998776446094,0.4379046734534051,-0.8545682683618095,0.010063608397679072,-0.8912448234300194,-0.4534108385286039,0.9601802706311213,-0.11799221023805,0.25324234680220153,100,0.21733895852661106
64.47640817519796,0.31765348130662774,0.41087619947918824,-0.8545624696388896,0.017285810933223483,-0.903600045332137,-0.4280282219855846,0.948049295424115,-0.12119284953040065,0.2941340284097387,100,0.15657402145810637
64.58057767399023,0.39689628052899467,0.38844161707475094,-0.8316167702894177,0.01875169146686964,-0.9092778025093837,-0.41576706450948897,0.9176719002832009,-0.149422180375133,0.3681729151398298,100,0.16905329114954842
64.68372268155815,0.42186615079432516,0.38265738939029087,-0.821950286306287,0.01894601296102949,-0.9100940251121421,-0.41396849402830194,0.9064601477212666,-0.1590666143481625,0.3911876950939955,100,0.19917134038159276
64.78276364376761,0.47598482453567553,0.36975756763554213,-0.7979459806202358,0.019405276656528497,-0.9115151165409244,-0.4108085047260691,0.8792393769899218,-0.18005425152890064,0.4410426107041605,100,0.21167795152304789
64.88437222791896,0.31151692062293423,0.40603036206131704,-0.8591254583877493,0.0194160678902341,-0.9066446340753989,-0.42144812706899987,0.9500422224687103,-0.1146073845205529,0.2903186575817541,100,0.1859019014075773
64.99059820641719,0.3656980864252,0.39204177352791314,-0.8441375227971064,0.01857839491368768,-0.9098534612529595,-0.4145135972298622,0.9305480926998766,-0.13590410904420003,0.34001517659881625,100,0.20494370161305642
65.09528600059011,0.2058259082839659,0.41705623220457133,-0.8852682049291091,0.017699509211057993,-0.9060763203599923,-0.4227439284680317,0.978428547648099,-0.07134284030106501,0.19387567223612306,100,0.20016187740472294
65.19792218511392,0.20815249831630783,0.4129195187435487,-0.8866622854758602,0.016067867654352558,-0.9078395688666492,-0.41900971448053437,0.9779643966288966,-0.07297114663079415,0.19560381050906306,100,0.18246296741269188
65.30568828385007,0.16777459822491073,0.3981820213094175,-0.9018330012238499,0.012255569608836864,-0.9155716918005578,-0.40196800642218744,0.9857491999509982,-0.05638754365470568,0.15848962021708532,100,0.1965698551183137
65.41755890025601,0.2422760955701991,0.38132360610908206,-0.8921292512518718,0.01753416278415526,-0.9210950603886157,-0.3889427243993018,0.970048888794126,-0.07858878515194198,0.2298455050629083,100,0.1846352915693376
65.52789140623828,0.18710377125921637,0.3841696642094319,-0.9041049982617014,0.008572632287799392,-0.9209618908294844,-0.3895583468691683,0.982302748014194,-0.06513727612506826,0.17560878822761009,100,0.15776850695106026
65.6361706075688,0.2060526730603611,0.38215519923586805,-0.9008327811651139,0.008548812918253323,-0.9212556502136183,-0.38886365830091685,0.9785035583595846,-0.0724253453321244,0.19309416260248236,100,0.14461452497754396
65.74239594615632,0.7645719628113061,0.252869994419905,-0.5928629517898245,0.01044928458619096,-0.9245678051767228,-0.38087423919495333,0.6444536648468248,-0.28501077094168736,0.7095409320911104,100,0.15202186872122184
65.8455433962741,0.14377524744611792,0.3919828322488275,-0.9086683319253483,0.010154592387278281,-0.9187442029832624,-0.39472265419924657,0.9895582663366801,-0.04752419075415512,0.1360731010079027,100,0.15386174524113166
65.94561214427517,0.07818675984687772,0.3940995567274052,-0.915735971758186,0.009760997938778543,-0.9188064859317174,-0.39458758765202945,0.9968909436362063,-0.021913028021511016,0.07568530702218655,100,0.15586986805770803
66.04516924861692,0.0066153329567102265,0.39787622484321583,-0.9174152533473501,0.008847148044127208,-0.9174227086756419,-0.39781566281097275,0.9999389808090078,0.005484825499415523,0.009589126544362713,100,0.15387129039875663
66.14472532662688,0.1843449520388608,0.3960083889401918,-0.8995522744936971,0.013994399826184493,-0.9162027640031964,-0.4004705382502038,0.9827619729269621,-0.06123602797289213,0.1744392543173932,100,0.13690876918001238
66.24274253108156,-0.952459448415708,0.09514103884907252,-0.2894290618620817,0.01944100999281656,-0.9290742886919624,-0.36938193407634806,0.3040444807163989,0.3574481064689581,-0.8830559466577708,100,0.17707027961205005
66.3438377131335,-0.8099130924186151,0.1968741431104174,-0.5525227185405636,0.02125037484746578,-0.931520352783193,-0.36306783652579033,0.5861648269026026,0.3057947091190668,-0.7502668802346449,100,0.14822354380037403
66.44595815701106,-0.9666517953081046,0.08569083492365376,-0.24133252461635893,0.010770381111729399,-0.9279211459505969,-0.37262091431968664,0.2558677500552316,0.3627939190612465,-0.8960537186875881,100,0.17386143376348262
66.54705132008337,0.8231148253725438,0.2216666337283198,-0.5228249111734076,0.010748434406003399,-0.9265854776222758,-0.3759306103755303,0.5677732429498122,-0.3038145094478765,0.7650688128784232,100,0.1750329179988513
66.6481434075266,-0.9546166346215529,0.10011925101719765,-0.28050528779254025,0.011821523645858659,-0.9283279961465124,-0.37157419602185954,0.2976026419279757,0.35802690841102475,-0.8850137854130482,100,0.13085907905241667
66.74974771194157,0.4212545538434361,0.34638890049593263,-0.8381881235614033,0.00834003093132449,-0.9256315146776983,-0.3783341683215178,0.9069040989819332,-0.15238447640323752,0.39281538488338147,100,0.13850141946628927
66.85186526271187,-0.08925291519615931,0.382887922687107,-0.9194730859515895,0.003043121823146349,-0.9230482731174464,-0.38467210050180356,0.9960043456424057,0.03713117497807095,-0.08121957464916443,100,0.12998625866055064
66.95500988724416,-0.1424497238284557,0.38572632371154114,-0.9115499324651263,0.0005368254804378678,-0.9209114165698833,-0.38977156726684736,0.9898018933097674,0.05601219534378543,-0.1309765092418078,100,0.14517483796206235
67.05712937658024,-0.1534845488611066,0.38688136956700786,-0.9092663521448809,0.0012310075300620768,-0.9200938201517023,-0.3916961152974433,0.9881502810207381,0.061238615273398515,-0.1407439310166985,100,0.1551095084185905
67.1613012532142,-0.12372583859836202,0.3884827803208413,-0.9131117381007217,0.0017121340903205537,-0.9200970685362794,-0.3916866771640339,0.9923149628318566,0.05002513233500009,-0.11317464678485593,100,0.15735533446304686
67.26598618283553,-0.1198750196358811,0.3929695971381076,-0.9117043793864382,0.00043559336523825437,-0.9183055329064937,-0.3958721491741251,0.9927888949448,0.04785231403426609,-0.10991071883965048,100,0.16430045103101434
67.37118447074505,-0.1740133217794149,0.3920691990380311,-0.9033277959904537,-0.001009823593187145,-0.9173936855746341,-0.3979796551635522,0.9847427806790993,0.0683415600748629,-0.16003464333365278,100,0.2176405873011672
67.48100001604043,-0.25805627386555197,0.3617487085925528,-0.8958486654286244,0.005234880606292888,-0.9267177324057142,-0.3757217593776662,0.9661157050496928,0.10164701804003574,-0.23725161365078967,100,0.12708981178447995
67.58773658308303,-0.4049130221930928,0.3386091310737048,-0.849346396243586,0.004647853904942323,-0.9281277916216149,-0.3722327227335913,0.914343393869357,0.15466951468565143,-0.3742372233147991,100,0.11061832158610063
67.69909268847734,-0.4644015117590536,0.3338691992904761,-0.8202820207959223,-0.0018863669271678152,-0.926589272552194,-0.37607015517189335,0.8856227625212225,0.17310019571430932,-0.4309392587685022,100,0.12241943245411209
67.8119880325483,-0.09887255298429905,0.37392308313860667,-0.9221744662277771,-0.009929771426378561,-0.9270398698000327,-0.37483126796007615,0.9950505604770981,0.027903542736670138,-0.09537176939197455,100,0.13599688180084987
67.92334569821959,-0.1311033016229096,0.3735188578657708,-0.9183112691904757,-0.008458307714782997,-0.9266942146105756,-0.3757210263452004,0.9913326290071232,0.041490907750238,-0.12465200856739858,100,0.15140849152548472
68.0326508324466,0.1331557286892261,0.3743515307913618,-0.9176766768919243,-0.012940985218999605,-0.925186244940487,-0.3792926878737355,0.9910106370866071,-0.06238063455180151,0.11834937099161848,100,0.13168176569971698
68.13887830608209,0.08915619391608555,0.3638182700453065,-0.9271933128898405,-0.014771760291508668,-0.9303151093232712,-0.36646363047745995,0.99590811231975,-0.04636877986393966,0.07756911801510928,100,0.1508208302957296
68.24048668940112,0.21077797537815388,0.3590539408599009,-0.9092045493993425,-0.013165590716503556,-0.9289731518194969,-0.3699128957195676,0.9774452988871407,-0.08993970620101539,0.19107992289066675,100,0.1530211378162107
68.34106951127893,0.2324251091158371,0.36169776087280897,-0.9028584044201434,-0.010985300841498154,-0.9272445479661371,-0.3742951661890601,0.9725522566000827,-0.09691376603285297,0.21154155652121043,100,0.16451259571821203
68.44267862576964,0.09982271114554851,0.3223174264720746,-0.9413537607785774,-0.0017591378540876834,-0.9460205521260423,-0.32410186730277946,0.9950036843015019,-0.03400869811617165,0.0938673355266911,100,0.2501779148528417
68.54685307419741,-0.27348083447456123,0.3332188580292887,-0.9023155910371683,-0.0043844636189500075,-0.9384996001408763,-0.34525248299496647,0.96186745950462,0.09046376727216386,-0.25812263976074634,100,0.2536388770100486
68.65308060579837,-0.18929830671375167,0.3446084576266836,-0.9194624309929497,0.0007118665337740304,-0.936344353034719,-0.3510822493177802,0.9819193675253302,0.06711380984679738,-0.17700308530221565,100,0.2796359969561536
68.75827982378046,-0.1459443096795944,0.35945234843962287,-0.9216801330577689,-0.0017152087716970285,-0.9317460864847982,-0.363106442216511,0.9892913203556454,0.05141244520058266,-0.13659957520973826,100,0.2769244205700132
68.86194060264268,-0.1594298799057507,0.35012682094116476,-0.923034843681901,-5.995376850885526e-06,-0.9349944582472558,-0.35466232251393176,0.9872092551011125,0.056538237543756385,-0.14906815333313958,100,0.18595447554397632
68.96252302803079,-0.10645402936954143,0.355688189221062,-0.9285221869614267,-0.00020670447589425658,-0.9338364471419172,-0.35770021982467554,0.9943176036379163,0.037886700014695386,-0.09948417491112858,100,0.19006893075792702
69.06515802832332,-0.020732676769876862,0.364573344265127,-0.9309438397482938,-0.00010949648591352616,-0.9311448069423806,-0.36464960786316003,0.999785048960263,0.007458227375053964,-0.019345043808340547,100,0.17298223891716577
69.16676686749493,0.21607883572978442,0.35859227525797877,-0.9081417933753334,-0.011757648174359231,-0.9290918092300704,-0.3696622346561824,0.9763051236468386,-0.09055379697671707,0.19654087461398634,100,0.1960491650268912
69.26581007724951,-0.7170301479998238,0.2487741984725619,-0.6511368251248623,-0.009396171538769702,-0.9375074548442153,-0.34783830161719625,0.6969788223610277,0.2432923555845025,-0.6745586341411539,100,0.24740788003101175
69.36485295285746,-0.24879174732254133,0.3320905957140714,-0.9098453180087647,-0.005275731408291295,-0.9398330271448201,-0.3415933953487852,0.9685426336110892,0.0801855181817583,-0.23557472180100011,100,0.27283059223580275
69.46338056024636,-0.2496214673329897,0.33625227847343264,-0.9080878417135373,-0.0006871302819146246,-0.9378357769574508,-0.34707864139210604,0.968343250556589,0.08601430508955818,-0.23433499188439522,100,0.22419227317902024
69.55626337985336,-0.34844139798046236,0.328110970357755,-0.8780272110272629,0.000186580556808022,-0.9367073547974615,-0.35011326261088516,0.9373305486119168,0.1221577774815636,-0.3263264010766642,100,0.22206767959078313
69.64452787073448,-0.3831515509782751,0.3168371939895507,-0.8676457119629936,-0.0018108310904779992,-0.9395860850238732,-0.3423079165316992,0.9236837174453733,0.12958464930051997,-0.36057760439599856,100,0.20664547430496766
69.73894801151424,-0.5530008940833332,0.26910949269615153,-0.7885239958833555,0.00045681043335357724,-0.9463041127173002,-0.323277462218682,0.8331805341384676,0.17913293163219127,-0.5231840883834242,100,0.2587530886931149
69.84106490659104,-0.4200500716328085,0.2973663723712358,-0.8573979110681598,7.618089312627639e-06,-0.9447889632565222,-0.3276794391636904,0.9075009296211421,0.13764830362716965,-0.39685640633020575,100,0.2582175376461116
69.94677389212457,-0.3225122973743021,0.3239455971306373,-0.889407144193268,-0.0034415140293742865,-0.940010313700058,-0.34112866504986644,0.9465590177181428,0.10695728230089437,-0.30427974914422323,100,0.2561646184296737
70.05094480913661,-0.28966562473358765,0.3304389811538063,-0.8982783007407752,-0.004026935394069759,-0.938926820949367,-0.34409331393278714,0.9571194333201225,0.09605469606401341,-0.27330548059820836,100,0.25990858248229315
70.15562984365265,-0.3181196671247929,0.33701403384872025,-0.8861272021427988,-0.0067693521069716045,-0.9354671148562865,-0.3533489109853137,0.9480263990314104,0.10640873089868585,-0.29987185384438514,100,0.2764285949218355
70.25877453102358,-0.28257303366420344,0.3509025476489355,-0.8927597004229612,-0.005312843451353841,-0.9312474431379324,-0.36434869746374116,0.9592310745280672,0.09821202422590568,-0.2650097054018584,100,0.2542701825695731
70.35935440089219,0.19105442356537133,0.36297431955934467,-0.9120021110592532,-0.010497038153233761,-0.9283083064503231,-0.3716631544360331,0.9815233157832336,-0.0805812106868826,0.17354725309875407,100,0.2201692998330874
70.46044709412732,-0.0897467318121058,0.36503915661723935,-0.9266563215481889,-0.010064938138901818,-0.9306957881093824,-0.3656556399342362,0.9959137619037635,0.02348966010035699,-0.08720100182373859,100,0.26608125734506954
70.55794663295737,-0.3269765528241596,0.3143478149700043,-0.8912192688260355,-0.005036686033826968,-0.9436230618284512,-0.3309836083241822,0.9450190292777316,0.10373508764676935,-0.3101258871714692,100,0.22562787943282597
70.65390621738256,-0.34051121471237816,0.30531810693666456,-0.8892878983949529,-0.0027900911247834004,-0.9461329646637981,-0.3237663178405182,0.9402363150009768,0.10776486789813972,-0.3230207504174931,100,0.19601376420574004
70.74986522878157,-0.28930978482309516,0.3102678672433062,-0.9055571207615256,-0.0006090603753129143,-0.9460723391550171,-0.32395487051627064,0.9572353302355036,0.09317177492161763,-0.27389695673169107,100,0.2079855467394588
70.84377215654801,-0.11361451125667643,0.3410538601740927,-0.9331527245270502,0.0009477625570549071,-0.9391967212301736,-0.34337824709295023,0.9935244559536731,0.03989715893196033,-0.1063831383778271,100,0.20270175162020793
70.93973289735165,-0.10517278404056837,0.344925353901853,-0.9327192427160692,0.0005828696154591902,-0.9378994445242745,-0.34690674859977644,0.9944537926722224,0.037028802259033336,-0.09844044922232967,100,0.1978330748950279
71.03466839613557,-0.2993453005450607,0.32221763278199256,-0.8980914141477783,-0.0012821886514634703,-0.9413876952953891,-0.33732412178600235,0.9541439865313041,0.09982486799793248,-0.2822131263696748,100,0.19796466017298286
71.12755198437085,-0.21431863929710313,0.3254883867256244,-0.9209369310417453,0.00041200010324994596,-0.9428148597268667,-0.33331662204895124,0.9767637130369623,0.07181539100331394,-0.20192869659681364,100,0.21805605410126894
71.2224871791044,-0.1962493927283167,0.32044452848838,-0.9267154255841579,-0.001917004598755781,-0.9452172814354434,-0.326436235686479,0.9805521408610229,0.0622863952854064,-0.1861126111127745,100,0.1890031912955996
71.31793676243775,-0.028090510631485013,0.2712119366615815,-0.9621096655915773,0.004967634162576037,-0.9624397185525199,-0.2714500152208011,0.999593040103466,0.012404578381414007,-0.02568814146430452,100,0.21265176657403823
71.40774245190178,-0.04003443095376317,0.2649493209080957,-0.9634309013564736,0.004017944485316542,-0.9641534201881088,-0.26531497971596923,0.9991902223602477,0.014492746113526835,-0.037534781866524404,100,0.22068990006124645
71.48985188121571,-0.02903942536765424,0.26729532410049267,-0.9631769938533254,0.0037449909773332518,-0.9635475124257946,-0.2675110583520666,0.9995712514958082,0.011375456565592707,-0.026979847498238053,100,0.22436023280960304
71.57144733308736,-0.03578074710086387,0.2633586559450031,-0.9640342091833389,0.003500461931299997,-0.9646129651005255,-0.26364668464867924,0.9993535334921129,0.012808040397112773,-0.0335926956050625,100,0.22659948948638875
71.65303905255624,-0.06568065955147914,0.24864547542118082,-0.9663650855207144,0.008209471260608175,-0.9682888507063682,-0.2496984304703618,0.9978069229778394,0.024333703999099978,-0.06155660246618752,100,0.237377719381646
71.72744758657477,0.34364647738559534,0.25570849101790705,-0.9036151095470994,0.005204622488983915,-0.9627186836920536,-0.2704545210843903,0.9390846663028946,-0.08823776794312443,0.3321657505270474,100,0.23867952075502974
71.79569747707642,0.8828950473244708,0.13281189609640723,-0.45039686462629575,0.0039017723668448856,-0.9612098087168139,-0.2757906448721269,0.46955416256521243,-0.2417368484155103,0.849165581341954,100,0.26650662715036
71.86035538229619,-0.7661527096282645,0.1785223605909537,-0.6173652017228553,0.008544833479825847,-0.9577279308280193,-0.2875485982102553,0.6426017517483674,0.22558142051355715,-0.732240405446883,100,0.24943909666322578
71.92399050467193,-0.5630665644494368,0.24256061848351027,-0.7900129051857351,0.0019017145694453508,-0.9555729564329197,-0.29474855116818793,0.8264093582969669,0.16746543313456216,-0.5375899005973318,100,0.23787998792895632
71.98762461150953,-0.30326808513769365,0.2225034486593896,-0.9265639124591434,0.018418200110421806,-0.9708064277052887,-0.2391561202034951,0.952727263408374,0.08959405817784191,-0.29031649332688014,100,0.2813833417530048
72.0502341830997,-0.207129132090897,0.22749468586690616,-0.9514955021131679,0.011324652744901305,-0.9719647000282127,-0.2348539421412254,0.9782480640816414,0.059420449353604896,-0.19874590642107964,100,0.3064041956453149
72.11182123457029,-0.39338598192576923,0.22915138096593723,-0.890357857170757,0.011963858064893973,-0.9670819228674837,-0.254183832222141,0.9192955647257859,0.11064447145851601,-0.3776949372326352,100,0.3118897403182913
72.170327003355,-0.2755406719045526,0.2468306974460445,-0.9290597100965509,0.004916966015539689,-0.9660978930315579,-0.25812920122525235,0.961276839194407,0.07569324856474338,-0.26498560442055386,100,0.31194999195537665
72.22420668317956,-0.02130695881328522,0.2942585794592652,-0.9554883054861237,-0.004069595265872629,-0.9557228780773473,-0.2942400698645987,0.9997646982667977,0.0023809103652201818,-0.021561061322018286,100,0.2412631725914001
72.26164911850812,0.8292677790561954,0.1486797900732814,-0.5387107485868182,-0.003556593622799087,-0.9625369444616367,-0.2711272416933762,0.558840139271516,-0.2267530607736556,0.7976720806000243,96,0.2899203652939629
72.28983799765048,-0.2545841745932045,0.30801439634565947,-0.9166864402239817,-0.008047923999884354,-0.9485618059336445,-0.3164897016384499,0.9670171296135291,0.0731958466562272,-0.24396770086691646,90,0.3118971810469285
72.31777771573665,-0.006144736682626393,0.32213743758952174,-0.9466729707318987,-0.023903587939334035,-0.9464676514291723,-0.32191241554462224,0.9996953839518955,-0.02065081357729062,-0.013516035064628944,84,0.23455515489436535
72.34606678300332,-0.34359438178525126,0.269258949613788,-0.8996902349467236,-0.013638153697111077,-0.9593456384989618,-0.2819041444476353,0.9390191167219892,0.08459056653019201,-0.3332979665175834,78,0.30682854648891467
72.37265736046362,0.4290260133206221,0.22552008346501412,-0.8746870136501093,-0.004451504779848167,-0.9677927513327348,-0.2517089084101123,0.9032811655289887,-0.11188334291461068,0.4142043620953832,72,0.4431432818153054
72.3978615013774,-0.04524912141942323,0.28423923875018475,-0.9576850067561286,-0.0018268598611632047,-0.958688878242051,-0.284450869779028,0.9989740635240827,0.011121595646011201,-0.04389909471126551,66,0.4446444396749792
72.42126583333334,0.7371853002837307,0.18139256057887618,-0.6508875263916374,0.004188413638508595,-0.9645004388237849,-0.26404802726004084,0.6756776526101618,-0.19192613807234607,0.7117752926927545,60,0.37737886990866015
72.44322129629629,-0.369042913569091,0.14808219075605503,-0.9175396409558139,0.03928955734460332,-0.9838574111986971,-0.1745878721820702,0.9285815304151281,0.10048014336317944,-0.35726752183988586,54,0.346411821911564
72.46638871527777,-0.22599634716157802,0.06772852600357142,-0.9717708051979166,0.05084354366457061,-0.9954001968606693,-0.08119964382538776,0.9728003829857659,0.06775909426139404,-0.22151325018522733,48,0.323255599227378
72.49006924603174,-0.2607988519828374,0.12619998192235762,-0.9571089401772562,0.03777859577578406,-0.9893252559348558,-0.14074201814185477,0.9646536873436208,0.07286358852148905,-0.25324723288148115,42,0.33688324338170944
72.51736203703702,-0.25405092086584674,0.1016097651007864,-0.9618386482375193,0.04364343104745735,-0.9922489357940365,-0.11634990477867926,0.9662056616133137,0.0715367391748108,-0.2476471570897069,36,0.5765461474035565
72.54359,-0.2935280314889732,0.12472877320565849,-0.9477784698255282,0.033768596149248445,-0.9894797915113795,-0.14067488796763225,0.9553538489189842,0.07329717133156187,-0.2862281398298818,30,0.5587978096986546
72.5658375,0.08243926052233087,0.757824515073044,0.6472293045581582,-0.17311360590309235,0.650456182828985,-0.7395528606332173,0.9814455908382086,0.05107600781043667,-0.1848128611606566,24,0.5270673819690546
72.60429166666667,-0.29347218470192304,-0.2857242604039123,-0.9122695455965399,0.17637445458039028,-0.9540898861436583,0.24208374776066852,0.9395563466752541,0.08985619719873757,-0.33039330387771393,12,0.6250071674446273
72.62566666666667,0.038957917064492316,0.9739156302928633,-0.223541105323497,0.04637204943533026,-0.22523201913870167,-0.9732009918746851,0.9981642719157822,-0.027547824341646075,0.05393703407565518,6,1.208103320396542e-07
